Type,EDI_Std_Nomenclature,AISC_Manual_Label,T_F,W,A,d,ddet,Ht,h,OD,bf,bfdet,B,b,ID,tw,twdet,twdet/2,tf,tfdet,t,tnom,tdes,kdes,kdet,k1,x,y,eo,xp,yp,bf/2tf,b/t,b/tdes,h/tw,h/tdes,D/t,Ix,Zx,Sx,rx,Iy,Zy,Sy,ry,Iz,rz,Sz,J,Cw,C,Wno,Sw1,Sw2,Sw3,Qf,Qw,ro,H,tan(α),Iw,zA,zB,zC,wA,wB,wC,SwA,SwB,SwC,SzA,SzB,SzC,rts,ho,PA,PA2,PB,PC,PD,T,WGi,WGo,EDI_Std_Nomenclature.1,AISC_Manual_Label.1,W.1,A.1,d.1,ddet.1,Ht.1,h.1,OD.1,bf.1,bfdet.1,B.1,b.1,ID.1,tw.1,twdet.1,twdet/2.1,tf.1,tfdet.1,t.1,tnom.1,tdes.1,kdes.1,kdet.1,k1.1,x.1,y.1,eo.1,xp.1,yp.1,bf/2tf.1,b/t.1,b/tdes.1,h/tw.1,h/tdes.1,D/t.1,Ix.1,Zx.1,Sx.1,rx.1,Iy.1,Zy.1,Sy.1,ry.1,Iz.1,rz.1,Sz.1,J.1,Cw.1,C.1,Wno.1,Sw1.1,Sw2.1,Sw3.1,Qf.1,Qw.1,ro.1,H.1,tan(α).1,Iw.1,zA.1,zB.1,zC.1,wA.1,wB.1,wC.1,SwA.1,SwB.1,SwC.1,SzA.1,SzB.1,SzC.1,rts.1,ho.1,PA.1,PA2.1,PB.1,PC.1,PD.1,T.1,WGi.1,WGo.1,r_min
W,W44X408,W44X408,T,408.0,120.0,44.8,44.75,–,–,–,16.1,16.125,–,–,–,1.22,1.25,0.625,2.17,2.1875,–,–,–,2.96,3.375,1.8125,–,–,–,–,–,3.71,–,–,31.9,–,–,38700.0,2000.0,1730.0,18.0,1520.0,297.0,189.0,3.56,–,,–,134,691000,–,172,1500,–,–,344,994,–,–,–,–,–,–,–,–,–,–,–,–,–,–,–,–,4.33,42.6,134,–,150,106,122,38,5.5,3,W1100X607,W1100X607,607.0,77400,1140,1140,–,–,–,409,410,–,–,–,31,31.8,15.9,55.1,55.6,–,–,–,75.2,85.7,46,–,–,–,–,–,3.71,–,–,31.9,–,–,16100.0,32800.0,28300.0,457.0,633.0,4870.0,3100.0,90.4,–,–,–,55800,186000,–,111000,624,–,–,5640,16300,–,–,–,–,–,–,–,–,–,–,–,–,–,–,–,–,110,1080,3400,–,3810,2690,3100,965,140,76.2,3.56
W,W44X368,W44X368,F,368.0,108.0,44.4,44.375,–,–,–,16,16,–,–,–,1.1,1.125,0.5625,1.97,2,–,–,–,2.76,3.1875,1.75,–,–,–,–,–,4.06,–,–,35.4,–,–,34700.0,1800.0,1560.0,17.9,1350.0,265.0,169.0,3.54,–,,–,100,608000,–,170,1340,–,–,311,894,–,–,–,–,–,–,–,–,–,–,–,–,–,–,–,–,4.28,42.4,133,–,149,105,121,38,5.5,3,W1100X548,W1100X548,548.0,69700,1130,1130,–,–,–,406,406,–,–,–,27.9,28.6,14.3,50,50.8,–,–,–,70.1,81,44.5,–,–,–,–,–,4.06,–,–,35.4,–,–,14400.0,29500.0,25600.0,455.0,562.0,4340.0,2770.0,89.9,–,–,–,41600,163000,–,110000,558,–,–,5100,14700,–,–,–,–,–,–,–,–,–,–,–,–,–,–,–,–,109,1080,3380,–,3780,2670,3070,965,140,76.2,3.54
W,W44X335,W44X335,F,335.0,98.5,44,44,–,–,–,15.9,16,–,–,–,1.03,1,0.5,1.77,1.75,–,–,–,2.56,3,1.75,–,–,–,–,–,4.5,–,–,38,–,–,31100.0,1620.0,1410.0,17.8,1200.0,236.0,150.0,3.49,–,,–,74.7,535000,–,168,1180,–,–,278,805,–,–,–,–,–,–,–,–,–,–,–,–,–,–,–,–,4.24,42.2,132,–,148,104,120,38,5.5,3,W1100X499,W1100X499,499.0,63500,1120,1120,–,–,–,404,406,–,–,–,26.2,25.4,12.7,45,44.4,–,–,–,65,76.2,44.5,–,–,–,–,–,4.5,–,–,38,–,–,12900.0,26500.0,23100.0,452.0,499.0,3870.0,2460.0,88.6,–,–,–,31100,144000,–,108000,491,–,–,4560,13200,–,–,–,–,–,–,–,–,–,–,–,–,–,–,–,–,108,1070,3350,–,3760,2640,3050,965,140,76.2,3.49
W,W44X290,W44X290,F,290.0,85.4,43.6,43.625,–,–,–,15.8,15.875,–,–,–,0.865,0.875,0.4375,1.58,1.5625,–,–,–,2.36,2.8125,1.625,–,–,–,–,–,5.02,–,–,45,–,–,27000.0,1410.0,1240.0,17.8,1040.0,205.0,132.0,3.49,–,,–,50.9,461000,–,166,1040,–,–,248,701,–,–,–,–,–,–,–,–,–,–,–,–,–,–,–,–,4.2,42,131,–,147,103,119,38,5.5,3,W1100X433,W1100X433,433.0,55100,1110,1110,–,–,–,401,403,–,–,–,22,22.2,11.1,40.1,39.7,–,–,–,59.9,71.4,41.3,–,–,–,–,–,5.02,–,–,45,–,–,11200.0,23100.0,20300.0,452.0,433.0,3360.0,2160.0,88.6,–,–,–,21200,124000,–,107000,433,–,–,4060,11500,–,–,–,–,–,–,–,–,–,–,–,–,–,–,–,–,107,1070,3330,–,3730,2620,3020,965,140,76.2,3.49
W,W44X262,W44X262,F,262.0,77.2,43.3,43.25,–,–,–,15.8,15.75,–,–,–,0.785,0.8125,0.4375,1.42,1.4375,–,–,–,2.2,2.625,1.625,–,–,–,–,–,5.57,–,–,49.6,–,–,24100.0,1270.0,1110.0,17.7,923.0,182.0,117.0,3.47,–,,–,37.3,405000,–,165,928,–,–,223,630,–,–,–,–,–,–,–,–,–,–,–,–,–,–,–,–,4.17,41.9,131,–,147,102,118,38,5.5,3,W1100X390,W1100X390,390.0,49800,1100,1100,–,–,–,401,400,–,–,–,19.9,20.6,11.1,36.1,36.5,–,–,–,55.9,66.7,41.3,–,–,–,–,–,5.57,–,–,49.6,–,–,10000.0,20800.0,18200.0,450.0,384.0,2980.0,1920.0,88.1,–,–,–,15500,109000,–,106000,386,–,–,3650,10300,–,–,–,–,–,–,–,–,–,–,–,–,–,–,–,–,106,1060,3330,–,3730,2590,3000,965,140,76.2,3.47
W,W44X230,W44X230,F,230.0,67.8,42.9,42.875,–,–,–,15.8,15.75,–,–,–,0.71,0.6875,0.375,1.22,1.25,–,–,–,2.01,2.4375,1.5625,–,–,–,–,–,6.45,–,–,54.8,–,–,20800.0,1100.0,971.0,17.5,796.0,157.0,101.0,3.43,–,,–,24.9,346000,–,165,793,–,–,192,547,–,–,–,–,–,–,–,–,–,–,–,–,–,–,–,–,4.13,41.7,130,–,146,102,118,38,5.5,3,W1100X343,W1100X343,343.0,43700,1090,1090,–,–,–,401,400,–,–,–,18,17.5,9.52,31,31.8,–,–,–,51.1,61.9,39.7,–,–,–,–,–,6.45,–,–,54.8,–,–,8660.0,18000.0,15900.0,445.0,331.0,2570.0,1660.0,87.1,–,–,–,10400,92900,–,106000,330,–,–,3150,8960,–,–,–,–,–,–,–,–,–,–,–,–,–,–,–,–,105,1060,3300,–,3710,2590,3000,965,140,76.2,3.43
W,W40X655,W40X655,T,655.0,193.0,43.6,43.625,–,–,–,16.9,16.875,–,–,–,1.97,2,1,3.54,3.5625,–,–,–,4.72,4.8125,2.1875,–,–,–,–,–,2.39,–,–,17.3,–,–,56500.0,3080.0,2590.0,17.1,2870.0,542.0,340.0,3.86,–,,–,589,1150000,–,169,2530,–,–,529,1530,–,–,–,–,–,–,–,–,–,–,–,–,–,–,–,–,4.71,40.1,132,–,149,104,121,34,7.5,3,W1000X976,W1000X976,976.0,125000,1110,1110,–,–,–,429,429,–,–,–,50,50.8,25.4,89.9,90.5,–,–,–,120,122,55.6,–,–,–,–,–,2.39,–,–,17.3,–,–,23500.0,50500.0,42500.0,434.0,1190.0,8880.0,5570.0,98.0,–,–,–,245000,309000,–,109000,1050,–,–,8670,25100,–,–,–,–,–,–,–,–,–,–,–,–,–,–,–,–,120,1020,3350,–,3780,2640,3070,864,191,76.2,3.86
W,W40X593,W40X593,T,593.0,174.0,43,43,–,–,–,16.7,16.75,–,–,–,1.79,1.8125,0.9375,3.23,3.25,–,–,–,4.41,4.5,2.125,–,–,–,–,–,2.58,–,–,19.1,–,–,50400.0,2760.0,2340.0,17.0,2520.0,481.0,302.0,3.8,–,,–,445,997000,–,166,2240,–,–,479,1370,–,–,–,–,–,–,–,–,–,–,–,–,–,–,–,–,4.63,39.8,130,–,147,103,120,34,7.5,3,W1000X883,W1000X883,883.0,112000,1090,1090,–,–,–,424,425,–,–,–,45.5,46,23.8,82,82.6,–,–,–,112,114,54,–,–,–,–,–,2.58,–,–,19.1,–,–,21000.0,45200.0,38300.0,432.0,1050.0,7880.0,4950.0,96.5,–,–,–,185000,268000,–,107000,932,–,–,7850,22500,–,–,–,–,–,–,–,–,–,–,–,–,–,–,–,–,118,1010,3300,–,3730,2620,3050,864,191,76.2,3.8
W,W40X503,W40X503,T,503.0,148.0,42.1,42,–,–,–,16.4,16.375,–,–,–,1.54,1.5625,0.8125,2.76,2.75,–,–,–,3.94,4,2,–,–,–,–,–,2.98,–,–,22.3,–,–,41600.0,2320.0,1980.0,16.8,2040.0,394.0,249.0,3.72,–,,–,277,789000,–,161,1830,–,–,403,1150,–,–,–,–,–,–,–,–,–,–,–,–,–,–,–,–,4.5,39.3,129,–,145,101,117,34,7.5,3,W1000X748,W1000X748,748.0,95500,1070,1070,–,–,–,417,416,–,–,–,39.1,39.7,20.6,70.1,69.8,–,–,–,100,102,50.8,–,–,–,–,–,2.98,–,–,22.3,–,–,17300.0,38000.0,32400.0,427.0,849.0,6460.0,4080.0,94.5,–,–,–,115000,212000,–,104000,762,–,–,6600,18800,–,–,–,–,–,–,–,–,–,–,–,–,–,–,–,–,114,998,3280,–,3680,2570,2970,864,191,76.2,3.72
W,W40X431,W40X431,T,431.0,127.0,41.3,41.25,–,–,–,16.2,16.25,–,–,–,1.34,1.3125,0.6875,2.36,2.375,–,–,–,3.54,3.625,1.875,–,–,–,–,–,3.44,–,–,25.5,–,–,34800.0,1960.0,1690.0,16.6,1690.0,328.0,208.0,3.65,–,,–,177,638000,–,158,1510,–,–,341,969,–,–,–,–,–,–,–,–,–,–,–,–,–,–,–,–,4.41,38.9,127,–,143,98.8,115,34,7.5,3,W1000X642,W1000X642,642.0,81900,1050,1050,–,–,–,411,413,–,–,–,34,33.3,17.5,59.9,60.3,–,–,–,89.9,92.1,47.6,–,–,–,–,–,3.44,–,–,25.5,–,–,14500.0,32100.0,27700.0,422.0,703.0,5370.0,3410.0,92.7,–,–,–,73700,171000,–,102000,629,–,–,5590,15900,–,–,–,–,–,–,–,–,–,–,–,–,–,–,–,–,112,988,3230,–,3630,2510,2920,864,191,76.2,3.65
W,W40X397,W40X397,T,397.0,117.0,41,41,–,–,–,16.1,16.125,–,–,–,1.22,1.25,0.625,2.2,2.1875,–,–,–,3.38,3.5,1.8125,–,–,–,–,–,3.66,–,–,28,–,–,32000.0,1800.0,1560.0,16.6,1540.0,300.0,191.0,3.64,–,,–,142,579000,–,156,1380,–,–,318,891,–,–,–,–,–,–,–,–,–,–,–,–,–,–,–,–,4.38,38.8,126,–,142,98.1,114,34,7.5,3,W1000X591,W1000X591,591.0,75500,1040,1040,–,–,–,409,410,–,–,–,31,31.8,15.9,55.9,55.6,–,–,–,85.9,88.9,46,–,–,–,–,–,3.66,–,–,28,–,–,13300.0,29500.0,25600.0,422.0,641.0,4920.0,3130.0,92.5,–,–,–,59100,155000,–,101000,574,–,–,5210,14600,–,–,–,–,–,–,–,–,–,–,–,–,–,–,–,–,111,986,3200,–,3610,2490,2900,864,191,76.2,3.64
W,W40X372,W40X372,T,372.0,110.0,40.6,40.625,–,–,–,16.1,16.125,–,–,–,1.16,1.1875,0.625,2.05,2.0625,–,–,–,3.23,3.3125,1.8125,–,–,–,–,–,3.93,–,–,29.5,–,–,29600.0,1680.0,1460.0,16.5,1420.0,277.0,177.0,3.6,–,,–,116,528000,–,155,1280,–,–,295,829,–,–,–,–,–,–,–,–,–,–,–,–,–,–,–,–,4.33,38.6,125,–,141,97.3,113,34,7.5,3,W1000X554,W1000X554,554.0,71000,1030,1030,–,–,–,409,410,–,–,–,29.5,30.2,15.9,52.1,52.4,–,–,–,82,84.1,46,–,–,–,–,–,3.93,–,–,29.5,–,–,12300.0,27500.0,23900.0,419.0,591.0,4540.0,2900.0,91.4,–,–,–,48300,142000,–,100000,533,–,–,4830,13600,–,–,–,–,–,–,–,–,–,–,–,–,–,–,–,–,110,980,3180,–,3580,2470,2870,864,191,76.2,3.6
W,W40X362,W40X362,T,362.0,106.0,40.6,40.5,–,–,–,16,16,–,–,–,1.12,1.125,0.5625,2.01,2,–,–,–,3.19,3.25,1.75,–,–,–,–,–,3.99,–,–,30.5,–,–,28900.0,1640.0,1420.0,16.5,1380.0,270.0,173.0,3.6,–,,–,109,513000,–,154,1240,–,–,289,808,–,–,–,–,–,–,–,–,–,–,–,–,–,–,–,–,4.33,38.6,125,–,141,97.2,113,34,7.5,3,W1000X539,W1000X539,539.0,68400,1030,1030,–,–,–,406,406,–,–,–,28.4,28.6,14.3,51.1,50.8,–,–,–,81,82.6,44.5,–,–,–,–,–,3.99,–,–,30.5,–,–,12000.0,26900.0,23300.0,419.0,574.0,4420.0,2830.0,91.4,–,–,–,45400,138000,–,99400,516,–,–,4740,13200,–,–,–,–,–,–,–,–,–,–,–,–,–,–,–,–,110,980,3180,–,3580,2470,2870,864,191,76.2,3.6
W,W40X324,W40X324,F,324.0,95.3,40.2,40.125,–,–,–,15.9,15.875,–,–,–,1,1,0.5,1.81,1.8125,–,–,–,2.99,3.0625,1.6875,–,–,–,–,–,4.4,–,–,34.2,–,–,25600.0,1460.0,1280.0,16.4,1220.0,239.0,153.0,3.58,–,,–,79.4,448000,–,153,1100,–,–,259,720,–,–,–,–,–,–,–,–,–,–,–,–,–,–,–,–,4.27,38.4,124,–,140,96.3,112,34,7.5,3,W1000X483,W1000X483,483.0,61500,1020,1020,–,–,–,404,403,–,–,–,25.4,25.4,12.7,46,46,–,–,–,75.9,77.8,42.9,–,–,–,–,–,4.4,–,–,34.2,–,–,10700.0,23900.0,21000.0,417.0,508.0,3920.0,2510.0,90.9,–,–,–,33000,120000,–,98700,458,–,–,4240,11800,–,–,–,–,–,–,–,–,–,–,–,–,–,–,–,–,108,975,3150,–,3560,2450,2840,864,191,76.2,3.58
W,W40X297,W40X297,F,297.0,87.3,39.8,39.875,–,–,–,15.8,15.875,–,–,–,0.93,0.9375,0.5,1.65,1.625,–,–,–,2.83,2.9375,1.6875,–,–,–,–,–,4.8,–,–,36.8,–,–,23200.0,1330.0,1170.0,16.3,1090.0,215.0,138.0,3.54,–,,–,61.2,399000,–,151,982,–,–,234,652,–,–,–,–,–,–,–,–,–,–,–,–,–,–,–,–,4.22,38.2,123,–,139,95.4,111,34,7.5,3,W1000X443,W1000X443,443.0,56300,1010,1010,–,–,–,401,403,–,–,–,23.6,23.8,12.7,41.9,41.3,–,–,–,71.9,74.6,42.9,–,–,–,–,–,4.8,–,–,36.8,–,–,9660.0,21800.0,19200.0,414.0,454.0,3520.0,2260.0,89.9,–,–,–,25500,107000,–,97400,409,–,–,3830,10700,–,–,–,–,–,–,–,–,–,–,–,–,–,–,–,–,107,970,3120,–,3530,2420,2820,864,191,76.2,3.54
W,W40X277,W40X277,F,277.0,81.5,39.7,39.75,–,–,–,15.8,15.875,–,–,–,0.83,0.8125,0.4375,1.58,1.5625,–,–,–,2.76,2.875,1.625,–,–,–,–,–,5.03,–,–,41.2,–,–,21900.0,1250.0,1100.0,16.4,1040.0,204.0,132.0,3.58,–,,–,51.5,379000,–,151,940,–,–,225,614,–,–,–,–,–,–,–,–,–,–,–,–,–,–,–,–,4.25,38.1,123,–,139,95.2,111,34,7.5,3,W1000X412,W1000X412,412.0,52600,1010,1010,–,–,–,401,403,–,–,–,21.1,20.6,11.1,40.1,39.7,–,–,–,70.1,73,41.3,–,–,–,–,–,5.03,–,–,41.2,–,–,9120.0,20500.0,18000.0,417.0,433.0,3340.0,2160.0,90.9,–,–,–,21400,102000,–,97400,391,–,–,3690,10100,–,–,–,–,–,–,–,–,–,–,–,–,–,–,–,–,108,968,3120,–,3530,2420,2820,864,191,76.2,3.58
W,W40X249,W40X249,F,249.0,73.5,39.4,39.375,–,–,–,15.8,15.75,–,–,–,0.75,0.75,0.375,1.42,1.4375,–,–,–,2.6,2.6875,1.5625,–,–,–,–,–,5.55,–,–,45.6,–,–,19600.0,1120.0,993.0,16.3,926.0,182.0,118.0,3.55,–,,–,38.1,334000,–,150,841,–,–,203,551,–,–,–,–,–,–,–,–,–,–,–,–,–,–,–,–,4.21,38,122,–,138,94.6,110,34,7.5,3,W1000X371,W1000X371,371.0,47400,1000,1000,–,–,–,401,400,–,–,–,19.1,19,9.52,36.1,36.5,–,–,–,66,68.3,39.7,–,–,–,–,–,5.55,–,–,45.6,–,–,8160.0,18400.0,16300.0,414.0,385.0,2980.0,1930.0,90.2,–,–,–,15900,89700,–,96800,350,–,–,3330,9030,–,–,–,–,–,–,–,–,–,–,–,–,–,–,–,–,107,965,3100,–,3510,2400,2790,864,191,76.2,3.55
W,W40X215,W40X215,F,215.0,63.5,39,39,–,–,–,15.8,15.75,–,–,–,0.65,0.625,0.3125,1.22,1.25,–,–,–,2.4,2.5,1.5625,–,–,–,–,–,6.45,–,–,52.6,–,–,16700.0,964.0,859.0,16.2,803.0,156.0,101.0,3.54,–,,–,24.8,284000,–,149,719,–,–,175,473,–,–,–,–,–,–,–,–,–,–,–,–,–,–,–,–,4.19,37.8,122,–,138,93.8,110,34,7.5,3,W1000X321,W1000X321,321.0,41000,991,991,–,–,–,401,400,–,–,–,16.5,15.9,7.94,31,31.8,–,–,–,61,63.5,39.7,–,–,–,–,–,6.45,–,–,52.6,–,–,6950.0,15800.0,14100.0,411.0,334.0,2560.0,1660.0,89.9,–,–,–,10300,76300,–,96100,299,–,–,2870,7750,–,–,–,–,–,–,–,–,–,–,–,–,–,–,–,–,106,960,3100,–,3510,2380,2790,864,191,76.2,3.54
W,W40X199,W40X199,F,199.0,58.8,38.7,38.625,–,–,–,15.8,15.75,–,–,–,0.65,0.625,0.3125,1.07,1.0625,–,–,–,2.25,2.3125,1.5625,–,–,–,–,–,7.39,–,–,52.6,–,–,14900.0,869.0,770.0,16.0,695.0,137.0,88.2,3.45,–,,–,18.3,246000,–,149,628,–,–,153,427,–,–,–,–,–,–,–,–,–,–,–,–,–,–,–,–,4.12,37.6,121,–,137,93.2,109,34,7.5,3,W1000X296,W1000X296,296.0,37900,983,981,–,–,–,401,400,–,–,–,16.5,15.9,7.94,27.2,27,–,–,–,57.2,58.7,39.7,–,–,–,–,–,7.39,–,–,52.6,–,–,6200.0,14200.0,12600.0,406.0,289.0,2250.0,1450.0,87.6,–,–,–,7620,66100,–,96100,261,–,–,2510,7000,–,–,–,–,–,–,–,–,–,–,–,–,–,–,–,–,105,955,3070,–,3480,2370,2770,864,191,76.2,3.45
W,W40X392,W40X392,T,392.0,116.0,41.6,41.625,–,–,–,12.4,12.375,–,–,–,1.42,1.4375,0.75,2.52,2.5,–,–,–,3.7,3.8125,1.9375,–,–,–,–,–,2.45,–,–,24.1,–,–,29900.0,1710.0,1440.0,16.1,803.0,212.0,130.0,2.64,–,,–,172,306000,–,121,946,–,–,270,848,–,–,–,–,–,–,–,–,–,–,–,–,–,–,–,–,3.3,39.1,116,–,128,95.6,108,34,7.5,–,W1000X584,W1000X584,584.0,74800,1060,1060,–,–,–,315,314,–,–,–,36.1,36.5,19,64,63.5,–,–,–,94,96.8,49.2,–,–,–,–,–,2.45,–,–,24.1,–,–,12400.0,28000.0,23600.0,409.0,334.0,3470.0,2130.0,67.1,–,–,–,71600,82200,–,78100,394,–,–,4420,13900,–,–,–,–,–,–,–,–,–,–,–,–,–,–,–,–,83.8,993,2950,–,3250,2430,2740,864,191,–,2.64
W,W40X331,W40X331,T,331.0,97.7,40.8,40.75,–,–,–,12.2,12.125,–,–,–,1.22,1.25,0.625,2.13,2.125,–,–,–,3.31,3.375,1.8125,–,–,–,–,–,2.86,–,–,28,–,–,24700.0,1430.0,1210.0,15.9,644.0,172.0,106.0,2.57,–,,–,105,241000,–,118,766,–,–,226,706,–,–,–,–,–,–,–,–,–,–,–,–,–,–,–,–,3.21,38.7,114,–,126,93.8,106,34,7.5,–,W1000X494,W1000X494,494.0,63000,1040,1040,–,–,–,310,308,–,–,–,31,31.8,15.9,54.1,54,–,–,–,84.1,85.7,46,–,–,–,–,–,2.86,–,–,28,–,–,10300.0,23400.0,19800.0,404.0,268.0,2820.0,1740.0,65.3,–,–,–,43700,64700,–,76100,319,–,–,3700,11600,–,–,–,–,–,–,–,–,–,–,–,–,–,–,–,–,81.5,983,2900,–,3200,2380,2690,864,191,–,2.57
W,W40X327,W40X327,T,327.0,95.9,40.8,40.75,–,–,–,12.1,12.125,–,–,–,1.18,1.1875,0.625,2.13,2.125,–,–,–,3.31,3.375,1.8125,–,–,–,–,–,2.85,–,–,29,–,–,24500.0,1410.0,1200.0,16.0,640.0,170.0,105.0,2.58,–,,–,103,239000,–,117,754,–,–,225,695,–,–,–,–,–,–,–,–,–,–,–,–,–,–,–,–,3.21,38.7,114,–,126,93.7,106,34,7.5,–,W1000X486,W1000X486,486.0,61900,1040,1040,–,–,–,307,308,–,–,–,30,30.2,15.9,54.1,54,–,–,–,84.1,85.7,46,–,–,–,–,–,2.85,–,–,29,–,–,10200.0,23100.0,19700.0,406.0,266.0,2790.0,1720.0,65.5,–,–,–,42900,64200,–,75500,314,–,–,3690,11400,–,–,–,–,–,–,–,–,–,–,–,–,–,–,–,–,81.5,983,2900,–,3200,2380,2690,864,191,–,2.58
W,W40X294,W40X294,F,294.0,86.2,40.4,40.375,–,–,–,12,12,–,–,–,1.06,1.0625,0.5625,1.93,1.9375,–,–,–,3.11,3.1875,1.75,–,–,–,–,–,3.11,–,–,32.2,–,–,21900.0,1270.0,1080.0,15.9,562.0,150.0,93.5,2.55,–,,–,76.6,208000,–,115,668,–,–,203,622,–,–,–,–,–,–,–,–,–,–,–,–,–,–,–,–,3.16,38.5,113,–,125,92.8,105,34,7.5,–,W1000X438,W1000X438,438.0,55600,1030,1030,–,–,–,305,305,–,–,–,26.9,27,14.3,49,49.2,–,–,–,79,81,44.5,–,–,–,–,–,3.11,–,–,32.2,–,–,9120.0,20800.0,17700.0,404.0,234.0,2460.0,1530.0,64.8,–,–,–,31900,55900,–,74200,278,–,–,3330,10200,–,–,–,–,–,–,–,–,–,–,–,–,–,–,–,–,80.3,978,2870,–,3180,2360,2670,864,191,–,2.55
W,W40X278,W40X278,F,278.0,82.3,40.2,40.125,–,–,–,12,12,–,–,–,1.03,1,0.5,1.81,1.8125,–,–,–,2.99,3.0625,1.75,–,–,–,–,–,3.31,–,–,33.3,–,–,20500.0,1190.0,1020.0,15.8,521.0,140.0,87.1,2.52,–,,–,65,192000,–,115,622,–,–,190,587,–,–,–,–,–,–,–,–,–,–,–,–,–,–,–,–,3.13,38.4,112,–,124,92.4,104,34,7.5,–,W1000X415,W1000X415,415.0,53100,1020,1020,–,–,–,305,305,–,–,–,26.2,25.4,12.7,46,46,–,–,–,75.9,77.8,44.5,–,–,–,–,–,3.31,–,–,33.3,–,–,8530.0,19500.0,16700.0,401.0,217.0,2290.0,1430.0,64.0,–,–,–,27100,51600,–,74200,259,–,–,3110,9620,–,–,–,–,–,–,–,–,–,–,–,–,–,–,–,–,79.5,975,2840,–,3150,2350,2640,864,191,–,2.52
W,W40X264,W40X264,F,264.0,77.4,40,40,–,–,–,11.9,11.875,–,–,–,0.96,0.9375,0.5,1.73,1.75,–,–,–,2.91,3,1.6875,–,–,–,–,–,3.45,–,–,35.6,–,–,19400.0,1130.0,971.0,15.8,493.0,132.0,82.6,2.52,–,,–,56.1,181000,–,114,589,–,–,182,555,–,–,–,–,–,–,–,–,–,–,–,–,–,–,–,–,3.12,38.3,112,–,124,91.9,104,34,7.5,–,W1000X393,W1000X393,393.0,49900,1020,1020,–,–,–,302,302,–,–,–,24.4,23.8,12.7,43.9,44.4,–,–,–,73.9,76.2,42.9,–,–,–,–,–,3.45,–,–,35.6,–,–,8070.0,18500.0,15900.0,401.0,205.0,2160.0,1350.0,64.0,–,–,–,23400,48600,–,73500,245,–,–,2980,9090,–,–,–,–,–,–,–,–,–,–,–,–,–,–,–,–,79.2,973,2840,–,3150,2330,2640,864,191,–,2.52
W,W40X235,W40X235,F,235.0,69.1,39.7,39.75,–,–,–,11.9,11.875,–,–,–,0.83,0.8125,0.4375,1.58,1.5625,–,–,–,2.76,2.875,1.625,–,–,–,–,–,3.77,–,–,41.2,–,–,17400.0,1010.0,875.0,15.9,444.0,118.0,74.6,2.54,–,,–,41.3,161000,–,113,530,–,–,166,495,–,–,–,–,–,–,–,–,–,–,–,–,–,–,–,–,3.11,38.1,111,–,123,91.3,103,34,7.5,–,W1000X350,W1000X350,350.0,44600,1010,1010,–,–,–,302,302,–,–,–,21.1,20.6,11.1,40.1,39.7,–,–,–,70.1,73,41.3,–,–,–,–,–,3.77,–,–,41.2,–,–,7240.0,16600.0,14300.0,404.0,185.0,1930.0,1220.0,64.5,–,–,–,17200,43200,–,72900,221,–,–,2720,8110,–,–,–,–,–,–,–,–,–,–,–,–,–,–,–,–,79,968,2820,–,3120,2320,2620,864,191,–,2.54
W,W40X211,W40X211,F,211.0,62.1,39.4,39.375,–,–,–,11.8,11.75,–,–,–,0.75,0.75,0.375,1.42,1.4375,–,–,–,2.6,2.6875,1.5625,–,–,–,–,–,4.17,–,–,45.6,–,–,15500.0,906.0,786.0,15.8,390.0,105.0,66.1,2.51,–,,–,30.4,141000,–,112,468,–,–,148,442,–,–,–,–,–,–,–,–,–,–,–,–,–,–,–,–,3.07,38,110,–,122,90.6,102,34,7.5,–,W1000X314,W1000X314,314.0,40100,1000,1000,–,–,–,300,298,–,–,–,19.1,19,9.52,36.1,36.5,–,–,–,66,68.3,39.7,–,–,–,–,–,4.17,–,–,45.6,–,–,6450.0,14800.0,12900.0,401.0,162.0,1720.0,1080.0,63.8,–,–,–,12700,37900,–,72300,195,–,–,2430,7240,–,–,–,–,–,–,–,–,–,–,–,–,–,–,–,–,78,965,2790,–,3100,2300,2590,864,191,–,2.51
W,W40X183,W40X183,F,183.0,53.3,39,39,–,–,–,11.8,11.75,–,–,–,0.65,0.625,0.3125,1.2,1.1875,–,–,–,2.38,2.5,1.5625,–,–,–,–,–,4.92,–,–,52.6,–,–,13200.0,774.0,675.0,15.7,331.0,88.3,56.0,2.49,–,,–,19.3,118000,–,112,395,–,–,126,376,–,–,–,–,–,–,–,–,–,–,–,–,–,–,–,–,3.04,37.8,110,–,122,89.8,102,34,7.5,–,W1000X272,W1000X272,272.0,34400,991,991,–,–,–,300,298,–,–,–,16.5,15.9,7.94,30.5,30.2,–,–,–,60.5,63.5,39.7,–,–,–,–,–,4.92,–,–,52.6,–,–,5490.0,12700.0,11100.0,399.0,138.0,1450.0,918.0,63.2,–,–,–,8030,31700,–,72300,164,–,–,2060,6160,–,–,–,–,–,–,–,–,–,–,–,–,–,–,–,–,77.2,960,2790,–,3100,2280,2590,864,191,–,2.49
W,W40X167,W40X167,F,167.0,49.3,38.6,38.625,–,–,–,11.8,11.75,–,–,–,0.65,0.625,0.3125,1.03,1,–,–,–,2.21,2.3125,1.5625,–,–,–,–,–,5.76,–,–,52.6,–,–,11600.0,693.0,600.0,15.3,283.0,76.0,47.9,2.4,–,,–,14,99700,–,111,336,–,–,107,336,–,–,–,–,–,–,–,–,–,–,–,–,–,–,–,–,2.98,37.6,109,–,121,89,101,34,7.5,–,W1000X249,W1000X249,249.0,31800,980,981,–,–,–,300,298,–,–,–,16.5,15.9,7.94,26.2,25.4,–,–,–,56.1,58.7,39.7,–,–,–,–,–,5.76,–,–,52.6,–,–,4830.0,11400.0,9830.0,389.0,118.0,1250.0,785.0,61.0,–,–,–,5830,26800,–,71600,140,–,–,1750,5510,–,–,–,–,–,–,–,–,–,–,–,–,–,–,–,–,75.7,955,2770,–,3070,2260,2570,864,191,–,2.4
W,W40X149,W40X149,F,149.0,43.8,38.2,38.25,–,–,–,11.8,11.75,–,–,–,0.63,0.625,0.3125,0.83,0.8125,–,–,–,2.01,2.125,1.5,–,–,–,–,–,7.11,–,–,54.3,–,–,9800.0,598.0,513.0,15.0,229.0,62.2,38.8,2.29,–,,–,9.36,80000,–,110,270,–,–,86.7,288,–,–,–,–,–,–,–,–,–,–,–,–,–,–,–,–,2.89,37.4,108,–,120,88.2,100,34,7.5,–,W1000X222,W1000X222,222.0,28300,970,972,–,–,–,300,298,–,–,–,16,15.9,7.94,21.1,20.6,–,–,–,51.1,54,38.1,–,–,–,–,–,7.11,–,–,54.3,–,–,4080.0,9800.0,8410.0,381.0,95.3,1020.0,636.0,58.2,–,–,–,3900,21500,–,71000,112,–,–,1420,4720,–,–,–,–,–,–,–,–,–,–,–,–,–,–,–,–,73.4,950,2740,–,3050,2240,2540,864,191,–,2.29
W,W36X925,W36X925,T,925.0,272.0,43.1,43.125,–,–,–,18.6,18.625,–,–,–,3.02,3,1.5,4.53,4.5,–,–,–,5.28,5.375,2.3125,–,–,–,–,–,2.05,–,–,10.8,–,–,73000.0,4130.0,3390.0,16.4,4940.0,862.0,531.0,4.26,–,,–,1430,1840000,–,179,3780,–,–,681,2060,–,–,–,–,–,–,–,–,–,–,–,–,–,–,–,–,5.3,38.6,134,–,153,105,124,32.375,7.5,3,W920X1377,W920X1377,1380.0,175000,1090,1100,–,–,–,472,473,–,–,–,76.7,76.2,38.1,115,114,–,–,–,134,137,58.7,–,–,–,–,–,2.05,–,–,10.8,–,–,30400.0,67700.0,55600.0,417.0,2060.0,14100.0,8700.0,108.0,–,–,–,595000,494000,–,115000,1570,–,–,11200,33800,–,–,–,–,–,–,–,–,–,–,–,–,–,–,–,–,135,980,3400,–,3890,2670,3150,822,191,76.2,4.26
W,W36X853,W36X853,T,853.0,251.0,43.1,43.125,–,–,–,18.2,18.25,–,–,–,2.52,2.5,1.25,4.53,4.5,–,–,–,5.28,5.375,2.0625,–,–,–,–,–,2.01,–,–,12.9,–,–,70000.0,3920.0,3250.0,16.7,4600.0,805.0,505.0,4.28,–,,–,1240,1710000,–,175,3620,–,–,685,1950,–,–,–,–,–,–,–,–,–,–,–,–,–,–,–,–,5.22,38.6,135,–,153,104,122,32.375,7.5,3,W920X1269,W920X1269,1270.0,162000,1090,1100,–,–,–,462,464,–,–,–,64,63.5,31.8,115,114,–,–,–,134,137,52.4,–,–,–,–,–,2.01,–,–,12.9,–,–,29100.0,64200.0,53300.0,424.0,1910.0,13200.0,8280.0,109.0,–,–,–,516000,459000,–,113000,1510,–,–,11200,32000,–,–,–,–,–,–,–,–,–,–,–,–,–,–,–,–,133,980,3430,–,3890,2640,3100,822,191,76.2,4.28
W,W36X802,W36X802,T,802.0,236.0,42.6,42.625,–,–,–,18,18,–,–,–,2.38,2.375,1.1875,4.29,4.3125,–,–,–,5.04,5.125,2,–,–,–,–,–,2.1,–,–,13.7,–,–,64800.0,3660.0,3040.0,16.6,4210.0,744.0,468.0,4.22,–,,–,1050,1540000,–,172,3330,–,–,642,1820,–,–,–,–,–,–,–,–,–,–,–,–,–,–,–,–,5.15,38.3,133,–,151,103,121,32.375,7.5,3,W920X1194,W920X1194,1190.0,152000,1080,1080,–,–,–,457,457,–,–,–,60.5,60.3,30.2,109,110,–,–,–,128,130,50.8,–,–,–,–,–,2.1,–,–,13.7,–,–,27000.0,60000.0,49800.0,422.0,1750.0,12200.0,7670.0,107.0,–,–,–,437000,414000,–,111000,1390,–,–,10500,29800,–,–,–,–,–,–,–,–,–,–,–,–,–,–,–,–,131,973,3380,–,3840,2620,3070,822,191,76.2,4.22
W,W36X723,W36X723,T,723.0,213.0,41.8,41.75,–,–,–,17.8,17.75,–,–,–,2.17,2.1875,1.125,3.9,3.875,–,–,–,4.65,4.6875,1.875,–,–,–,–,–,2.28,–,–,15,–,–,57300.0,3270.0,2740.0,16.4,3700.0,658.0,416.0,4.17,–,,–,785,1330000,–,169,2930,–,–,578,1630,–,–,–,–,–,–,–,–,–,–,–,–,–,–,–,–,5.06,37.9,131,–,149,101,119,32.375,7.5,3,W920X1077,W920X1077,1080.0,137000,1060,1060,–,–,–,452,451,–,–,–,55.1,55.6,28.6,99.1,98.4,–,–,–,118,119,47.6,–,–,–,–,–,2.28,–,–,15,–,–,23800.0,53600.0,44900.0,417.0,1540.0,10800.0,6820.0,106.0,–,–,–,327000,357000,–,109000,1220,–,–,9470,26700,–,–,–,–,–,–,–,–,–,–,–,–,–,–,–,–,129,963,3330,–,3780,2570,3020,822,191,76.2,4.17
W,W36X652,W36X652,T,652.0,192.0,41.1,41,–,–,–,17.6,17.625,–,–,–,1.97,2,1,3.54,3.5625,–,–,–,4.49,4.8125,2.1875,–,–,–,–,–,2.48,–,–,16.3,–,–,50600.0,2910.0,2460.0,16.2,3230.0,581.0,367.0,4.1,–,,–,593,1130000,–,165,2560,–,–,518,1450,–,–,–,–,–,–,–,–,–,–,–,–,–,–,–,–,4.96,37.6,129,–,147,99.8,117,31.375,7.5,3,W920X970,W920X970,970.0,124000,1040,1040,–,–,–,447,448,–,–,–,50,50.8,25.4,89.9,90.5,–,–,–,114,122,55.6,–,–,–,–,–,2.48,–,–,16.3,–,–,21100.0,47700.0,40300.0,411.0,1340.0,9520.0,6010.0,104.0,–,–,–,247000,303000,–,106000,1070,–,–,8490,23800,–,–,–,–,–,–,–,–,–,–,–,–,–,–,–,–,126,955,3280,–,3730,2530,2970,797,191,76.2,4.1
W,W36X529,W36X529,T,529.0,156.0,39.8,39.75,–,–,–,17.2,17.25,–,–,–,1.61,1.625,0.8125,2.91,2.9375,–,–,–,3.86,4.1875,2,–,–,–,–,–,2.96,–,–,19.9,–,–,39600.0,2330.0,1990.0,16.0,2490.0,454.0,289.0,4.0,–,,–,327,846000,–,159,1990,–,–,419,1160,–,–,–,–,–,–,–,–,–,–,–,–,–,–,–,–,4.8,36.9,127,–,144,96.8,114,31.375,7.5,3,W920X787,W920X787,787.0,101000,1010,1010,–,–,–,437,438,–,–,–,40.9,41.3,20.6,73.9,74.6,–,–,–,98,106,50.8,–,–,–,–,–,2.96,–,–,19.9,–,–,16500.0,38200.0,32600.0,406.0,1040.0,7440.0,4740.0,102.0,–,–,–,136000,227000,–,103000,828,–,–,6870,19000,–,–,–,–,–,–,–,–,–,–,–,–,–,–,–,–,122,937,3230,–,3660,2460,2900,797,191,76.2,4.0
W,W36X487,W36X487,T,487.0,143.0,39.3,39.375,–,–,–,17.1,17.125,–,–,–,1.5,1.5,0.75,2.68,2.6875,–,–,–,3.63,4,1.875,–,–,–,–,–,3.19,–,–,21.4,–,–,36000.0,2130.0,1830.0,15.8,2250.0,412.0,263.0,3.96,–,,–,258,754000,–,157,1800,–,–,383,1060,–,–,–,–,–,–,–,–,–,–,–,–,–,–,–,–,4.74,36.6,125,–,142,95.7,113,31.375,7.5,3,W920X725,W920X725,725.0,92300,998,1000,–,–,–,434,435,–,–,–,38.1,38.1,19,68.1,68.3,–,–,–,92.2,102,47.6,–,–,–,–,–,3.19,–,–,21.4,–,–,15000.0,34900.0,30000.0,401.0,937.0,6750.0,4310.0,101.0,–,–,–,107000,202000,–,101000,749,–,–,6280,17400,–,–,–,–,–,–,–,–,–,–,–,–,–,–,–,–,120,930,3180,–,3610,2430,2870,797,191,76.2,3.96
W,W36X441,W36X441,T,441.0,130.0,38.9,38.875,–,–,–,17,17,–,–,–,1.36,1.375,0.6875,2.44,2.4375,–,–,–,3.39,3.75,1.875,–,–,–,–,–,3.48,–,–,23.6,–,–,32100.0,1910.0,1650.0,15.7,1990.0,368.0,235.0,3.92,–,,–,194,661000,–,154,1600,–,–,347,950,–,–,–,–,–,–,–,–,–,–,–,–,–,–,–,–,4.69,36.5,124,–,141,94.8,112,31.375,7.5,3,W920X656,W920X656,656.0,83900,988,987,–,–,–,432,432,–,–,–,34.5,34.9,17.5,62,61.9,–,–,–,86.1,95.3,47.6,–,–,–,–,–,3.48,–,–,23.6,–,–,13400.0,31300.0,27000.0,399.0,828.0,6030.0,3850.0,99.6,–,–,–,80700,178000,–,99400,666,–,–,5690,15600,–,–,–,–,–,–,–,–,–,–,–,–,–,–,–,–,119,927,3150,–,3580,2410,2840,797,191,76.2,3.92
W,W36X395,W36X395,T,395.0,116.0,38.4,38.375,–,–,–,16.8,16.875,–,–,–,1.22,1.25,0.625,2.2,2.1875,–,–,–,3.15,3.4375,1.8125,–,–,–,–,–,3.83,–,–,26.3,–,–,28500.0,1710.0,1490.0,15.7,1750.0,325.0,208.0,3.88,–,,–,142,575000,–,152,1410,–,–,311,847,–,–,–,–,–,–,–,–,–,–,–,–,–,–,–,–,4.61,36.2,123,–,140,93.6,110,31.375,7.5,3,W920X588,W920X588,588.0,74800,975,975,–,–,–,427,429,–,–,–,31,31.8,15.9,55.9,55.6,–,–,–,80,87.3,46,–,–,–,–,–,3.83,–,–,26.3,–,–,11900.0,28000.0,24400.0,399.0,728.0,5330.0,3410.0,98.6,–,–,–,59100,154000,–,98100,587,–,–,5100,13900,–,–,–,–,–,–,–,–,–,–,–,–,–,–,–,–,117,919,3120,–,3560,2380,2790,797,191,76.2,3.88
W,W36X361,W36X361,T,361.0,106.0,38,38,–,–,–,16.7,16.75,–,–,–,1.12,1.125,0.5625,2.01,2,–,–,–,2.96,3.3125,1.75,–,–,–,–,–,4.16,–,–,28.6,–,–,25700.0,1550.0,1350.0,15.6,1570.0,293.0,188.0,3.85,–,,–,109,509000,–,150,1270,–,–,282,767,–,–,–,–,–,–,–,–,–,–,–,–,–,–,–,–,4.58,36,122,–,139,92.7,109,31.375,7.5,3,W920X537,W920X537,537.0,68400,965,965,–,–,–,424,425,–,–,–,28.4,28.6,14.3,51.1,50.8,–,–,–,75.2,84.1,44.5,–,–,–,–,–,4.16,–,–,28.6,–,–,10700.0,25400.0,22100.0,396.0,653.0,4800.0,3080.0,97.8,–,–,–,45400,137000,–,96800,529,–,–,4620,12600,–,–,–,–,–,–,–,–,–,–,–,–,–,–,–,–,116,914,3100,–,3530,2350,2770,797,191,76.2,3.85
W,W36X330,W36X330,F,330.0,96.9,37.7,37.625,–,–,–,16.6,16.625,–,–,–,1.02,1,0.5,1.85,1.875,–,–,–,2.8,3.125,1.75,–,–,–,–,–,4.49,–,–,31.4,–,–,23300.0,1410.0,1240.0,15.5,1420.0,265.0,171.0,3.83,–,,–,84.3,456000,–,149,1150,–,–,259,698,–,–,–,–,–,–,–,–,–,–,–,–,–,–,–,–,4.53,35.9,121,–,138,92,109,31.375,7.5,3,W920X491,W920X491,491.0,62500,958,956,–,–,–,422,422,–,–,–,25.9,25.4,12.7,47,47.6,–,–,–,71.1,79.4,44.5,–,–,–,–,–,4.49,–,–,31.4,–,–,9700.0,23100.0,20300.0,394.0,591.0,4340.0,2800.0,97.3,–,–,–,35100,122000,–,96100,479,–,–,4240,11400,–,–,–,–,–,–,–,–,–,–,–,–,–,–,–,–,115,912,3070,–,3510,2340,2770,797,191,76.2,3.83
W,W36X302,W36X302,F,302.0,89.0,37.3,37.375,–,–,–,16.7,16.625,–,–,–,0.945,0.9375,0.5,1.68,1.6875,–,–,–,2.63,3,1.6875,–,–,–,–,–,4.96,–,–,33.9,–,–,21100.0,1280.0,1130.0,15.4,1300.0,241.0,156.0,3.82,–,,–,64.3,412000,–,148,1040,–,–,235,635,–,–,–,–,–,–,–,–,–,–,–,–,–,–,–,–,4.53,35.6,121,–,138,91.3,108,31.375,7.5,3,W920X449,W920X449,449.0,57400,947,949,–,–,–,424,422,–,–,–,24,23.8,12.7,42.7,42.9,–,–,–,66.8,76.2,42.9,–,–,–,–,–,4.96,–,–,33.9,–,–,8780.0,21000.0,18500.0,391.0,541.0,3950.0,2560.0,97.0,–,–,–,26800,111000,–,95500,433,–,–,3850,10400,–,–,–,–,–,–,–,–,–,–,–,–,–,–,–,–,115,904,3070,–,3510,2320,2740,797,191,76.2,3.82
W,W36X282,W36X282,F,282.0,82.9,37.1,37.125,–,–,–,16.6,16.625,–,–,–,0.885,0.875,0.4375,1.57,1.5625,–,–,–,2.52,2.875,1.625,–,–,–,–,–,5.29,–,–,36.2,–,–,19600.0,1190.0,1050.0,15.4,1200.0,223.0,144.0,3.8,–,,–,52.7,378000,–,147,960,–,–,219,591,–,–,–,–,–,–,–,–,–,–,–,–,–,–,–,–,4.5,35.5,120,–,137,90.8,107,31.375,7.5,3,W920X420,W920X420,420.0,53500,942,943,–,–,–,422,422,–,–,–,22.5,22.2,11.1,39.9,39.7,–,–,–,64,73,41.3,–,–,–,–,–,5.29,–,–,36.2,–,–,8160.0,19500.0,17200.0,391.0,499.0,3650.0,2360.0,96.5,–,–,–,21900,102000,–,94800,400,–,–,3590,9680,–,–,–,–,–,–,–,–,–,–,–,–,–,–,–,–,114,902,3050,–,3480,2310,2720,797,191,76.2,3.8
W,W36X262,W36X262,F,262.0,77.2,36.9,36.875,–,–,–,16.6,16.5,–,–,–,0.84,0.8125,0.4375,1.44,1.4375,–,–,–,2.39,2.75,1.625,–,–,–,–,–,5.75,–,–,38.2,–,–,17900.0,1100.0,972.0,15.3,1090.0,204.0,132.0,3.76,–,,–,41.6,342000,–,147,873,–,–,200,543,–,–,–,–,–,–,–,–,–,–,–,–,–,–,–,–,4.46,35.5,120,–,137,90.4,107,31.375,7.5,3,W920X390,W920X390,390.0,49800,937,937,–,–,–,422,419,–,–,–,21.3,20.6,11.1,36.6,36.5,–,–,–,60.7,69.9,41.3,–,–,–,–,–,5.75,–,–,38.2,–,–,7450.0,18000.0,15900.0,389.0,454.0,3340.0,2160.0,95.5,–,–,–,17300,91800,–,94800,363,–,–,3280,8900,–,–,–,–,–,–,–,–,–,–,–,–,–,–,–,–,113,902,3050,–,3480,2300,2720,797,191,76.2,3.76
W,W36X247,W36X247,F,247.0,72.5,36.7,36.625,–,–,–,16.5,16.5,–,–,–,0.8,0.8125,0.4375,1.35,1.375,–,–,–,2.3,2.625,1.625,–,–,–,–,–,6.11,–,–,40.1,–,–,16700.0,1030.0,913.0,15.2,1010.0,190.0,123.0,3.74,–,,–,34.7,316000,–,146,812,–,–,187,509,–,–,–,–,–,–,–,–,–,–,–,–,–,–,–,–,4.42,35.4,120,–,136,89.9,106,31.375,7.5,3,W920X368,W920X368,368.0,46800,932,930,–,–,–,419,419,–,–,–,20.3,20.6,11.1,34.3,34.9,–,–,–,58.4,66.7,41.3,–,–,–,–,–,6.11,–,–,40.1,–,–,6950.0,16900.0,15000.0,386.0,420.0,3110.0,2020.0,95.0,–,–,–,14400,84900,–,94200,338,–,–,3060,8340,–,–,–,–,–,–,–,–,–,–,–,–,–,–,–,–,112,899,3050,–,3450,2280,2690,797,191,76.2,3.74
W,W36X231,W36X231,F,231.0,68.2,36.5,36.5,–,–,–,16.5,16.5,–,–,–,0.76,0.75,0.375,1.26,1.25,–,–,–,2.21,2.5625,1.5625,–,–,–,–,–,6.54,–,–,42.2,–,–,15600.0,963.0,854.0,15.1,940.0,176.0,114.0,3.71,–,,–,28.7,292000,–,145,756,–,–,175,476,–,–,–,–,–,–,–,–,–,–,–,–,–,–,–,–,4.4,35.2,120,–,136,89.5,106,31.375,7.5,3,W920X344,W920X344,344.0,44000,927,927,–,–,–,419,419,–,–,–,19.3,19,9.52,32,31.8,–,–,–,56.1,65.1,39.7,–,–,–,–,–,6.54,–,–,42.2,–,–,6490.0,15800.0,14000.0,384.0,391.0,2880.0,1870.0,94.2,–,–,–,11900,78400,–,93500,315,–,–,2870,7800,–,–,–,–,–,–,–,–,–,–,–,–,–,–,–,–,112,894,3050,–,3450,2270,2690,797,191,76.2,3.71
W,W36X387,W36X387,T,387.0,114.0,39.1,39.125,–,–,–,12.7,12.75,–,–,–,1.42,1.4375,0.75,2.56,2.5625,–,–,–,3.31,3.8125,1.9375,–,–,–,–,–,2.48,–,–,22.9,–,–,26500.0,1610.0,1360.0,15.2,882.0,224.0,139.0,2.78,–,,–,172,294000,–,116,943,–,–,264,799,–,–,–,–,–,–,–,–,–,–,–,–,–,–,–,–,3.44,36.5,112,–,125,90.9,104,31.5,5.5,–,W920X576,W920X576,576.0,73500,993,994,–,–,–,323,324,–,–,–,36.1,36.5,19.1,65,65.1,–,–,–,84.1,96.8,49.2,–,–,–,–,–,2.48,–,–,22.9,–,–,11000.0,26400.0,22300.0,386.0,367.0,3670.0,2280.0,70.6,–,–,–,71600,78900,–,74800,393,–,–,4330,13100,–,–,–,–,–,–,–,–,–,–,–,–,–,–,–,–,87.4,927,2840,–,3180,2310,2640,800,140,–,2.78
W,W36X350,W36X350,T,350.0,103.0,38.6,38.625,–,–,–,12.6,12.625,–,–,–,1.3,1.3125,0.6875,2.32,2.3125,–,–,–,3.07,3.5625,1.875,–,–,–,–,–,2.72,–,–,25,–,–,23600.0,1440.0,1220.0,15.1,780.0,199.0,124.0,2.75,–,,–,129,257000,–,114,835,–,–,238,718,–,–,–,–,–,–,–,–,–,–,–,–,–,–,–,–,3.41,36.3,111,–,124,89.8,102,31.5,5.5,–,W920X521,W920X521,521.0,66500,980,981,–,–,–,320,321,–,–,–,33,33.3,17.5,58.9,58.7,–,–,–,78,90.5,47.6,–,–,–,–,–,2.72,–,–,25,–,–,9820.0,23600.0,20000.0,384.0,325.0,3260.0,2030.0,69.9,–,–,–,53700,69000,–,73500,348,–,–,3900,11800,–,–,–,–,–,–,–,–,–,–,–,–,–,–,–,–,86.6,922,2820,–,3150,2280,2590,800,140,–,2.75
W,W36X318,W36X318,T,318.0,93.4,38.2,38.25,–,–,–,12.4,12.375,–,–,–,1.18,1.1875,0.625,2.13,2.125,–,–,–,2.88,3.375,1.8125,–,–,–,–,–,2.91,–,–,27.5,–,–,21200.0,1300.0,1110.0,15.1,682.0,176.0,110.0,2.7,–,,–,98.3,222000,–,112,738,–,–,216,646,–,–,–,–,–,–,–,–,–,–,–,–,–,–,–,–,3.33,36.1,110,–,122,88.8,101,31.5,5.5,–,W920X474,W920X474,474.0,60300,970,972,–,–,–,315,314,–,–,–,30,30.2,15.9,54.1,54,–,–,–,73.2,85.7,46,–,–,–,–,–,2.91,–,–,27.5,–,–,8820.0,21300.0,18200.0,384.0,284.0,2880.0,1800.0,68.6,–,–,–,40900,59600,–,72300,307,–,–,3540,10600,–,–,–,–,–,–,–,–,–,–,–,–,–,–,–,–,84.6,917,2790,–,3100,2260,2570,800,140,–,2.7
W,W36X286,W36X286,F,286.0,83.9,37.8,37.75,–,–,–,12.3,12.25,–,–,–,1.06,1.0625,0.5625,1.93,1.9375,–,–,–,2.68,3.125,1.75,–,–,–,–,–,3.19,–,–,30.6,–,–,18900.0,1160.0,1000.0,15.0,602.0,156.0,97.9,2.68,–,,–,72.8,194000,–,110,655,–,–,195,578,–,–,–,–,–,–,–,–,–,–,–,–,–,–,–,–,3.29,35.9,109,–,121,87.9,100,31.5,5.5,–,W920X425,W920X425,425.0,54100,960,959,–,–,–,312,311,–,–,–,26.9,27,14.3,49,49.2,–,–,–,68.1,79.4,44.5,–,–,–,–,–,3.19,–,–,30.6,–,–,7870.0,19000.0,16400.0,381.0,251.0,2560.0,1600.0,68.1,–,–,–,30300,52100,–,71000,273,–,–,3200,9470,–,–,–,–,–,–,–,–,–,–,–,–,–,–,–,–,83.6,912,2770,–,3070,2230,2540,800,140,–,2.68
W,W36X256,W36X256,F,256.0,75.3,37.4,37.375,–,–,–,12.2,12.25,–,–,–,0.96,0.9375,0.5,1.73,1.75,–,–,–,2.48,2.9375,1.6875,–,–,–,–,–,3.53,–,–,33.8,–,–,16800.0,1040.0,895.0,14.9,528.0,137.0,86.5,2.65,–,,–,52.9,168000,–,109,576,–,–,174,516,–,–,–,–,–,–,–,–,–,–,–,–,–,–,–,–,3.24,35.7,108,–,120,87,99.2,31.5,5.5,–,W920X381,W920X381,381.0,48600,951,949,–,–,–,310,311,–,–,–,24.4,23.8,12.7,43.9,44.4,–,–,–,63,74.6,42.9,–,–,–,–,–,3.53,–,–,33.8,–,–,6990.0,17000.0,14700.0,378.0,220.0,2250.0,1420.0,67.3,–,–,–,22000,45100,–,70300,240,–,–,2850,8460,–,–,–,–,–,–,–,–,–,–,–,–,–,–,–,–,82.3,907,2740,–,3050,2210,2520,800,140,–,2.65
W,W36X232,W36X232,F,232.0,68.0,37.1,37.125,–,–,–,12.1,12.125,–,–,–,0.87,0.875,0.4375,1.57,1.5625,–,–,–,2.32,2.8125,1.625,–,–,–,–,–,3.86,–,–,37.3,–,–,15000.0,936.0,809.0,14.8,468.0,122.0,77.2,2.62,–,,–,39.6,148000,–,108,512,–,–,157,464,–,–,–,–,–,–,–,–,–,–,–,–,–,–,–,–,3.21,35.5,108,–,120,86.3,98.4,31.5,5.5,–,W920X345,W920X345,345.0,43900,943,943,–,–,–,307,308,–,–,–,22.1,22.2,11.1,39.9,39.7,–,–,–,58.9,71.4,41.3,–,–,–,–,–,3.86,–,–,37.3,–,–,6240.0,15300.0,13300.0,376.0,195.0,2000.0,1270.0,66.5,–,–,–,16500,39700,–,69700,213,–,–,2570,7600,–,–,–,–,–,–,–,–,–,–,–,–,–,–,–,–,81.5,902,2740,–,3050,2190,2500,800,140,–,2.62
W,W36X210,W36X210,F,210.0,61.9,36.7,36.75,–,–,–,12.2,12.125,–,–,–,0.83,0.8125,0.4375,1.36,1.375,–,–,–,2.11,2.625,1.625,–,–,–,–,–,4.48,–,–,39.1,–,–,13200.0,833.0,719.0,14.6,411.0,107.0,67.5,2.58,–,,–,28,128000,–,108,446,–,–,136,412,–,–,–,–,–,–,–,–,–,–,–,–,–,–,–,–,3.18,35.3,107,–,119,85.6,97.8,31.5,5.5,–,W920X313,W920X313,313.0,39900,932,933,–,–,–,310,308,–,–,–,21.1,20.6,11.1,34.5,34.9,–,–,–,53.6,66.7,41.3,–,–,–,–,–,4.48,–,–,39.1,–,–,5490.0,13700.0,11800.0,371.0,171.0,1750.0,1110.0,65.5,–,–,–,11700,34400,–,69700,186,–,–,2230,6750,–,–,–,–,–,–,–,–,–,–,–,–,–,–,–,–,80.8,897,2720,–,3020,2170,2480,800,140,–,2.58
W,W36X194,W36X194,F,194.0,57.0,36.5,36.5,–,–,–,12.1,12.125,–,–,–,0.765,0.75,0.375,1.26,1.25,–,–,–,2.01,2.5,1.5625,–,–,–,–,–,4.81,–,–,42.4,–,–,12100.0,767.0,664.0,14.6,375.0,97.7,61.9,2.56,–,,–,22.2,116000,–,107,407,–,–,126,379,–,–,–,–,–,–,–,–,–,–,–,–,–,–,–,–,3.15,35.2,107,–,119,85.1,97.2,31.5,5.5,–,W920X289,W920X289,289.0,36800,927,927,–,–,–,307,308,–,–,–,19.4,19,9.52,32,31.8,–,–,–,51.1,63.5,39.7,–,–,–,–,–,4.81,–,–,42.4,–,–,5040.0,12600.0,10900.0,371.0,156.0,1600.0,1010.0,65.0,–,–,–,9240,31200,–,69000,169,–,–,2060,6210,–,–,–,–,–,–,–,–,–,–,–,–,–,–,–,–,80,894,2720,–,3020,2160,2470,800,140,–,2.56
W,W36X182,W36X182,F,182.0,53.6,36.3,36.375,–,–,–,12.1,12.125,–,–,–,0.725,0.75,0.375,1.18,1.1875,–,–,–,1.93,2.375,1.5625,–,–,–,–,–,5.12,–,–,44.8,–,–,11300.0,718.0,623.0,14.5,347.0,90.7,57.6,2.55,–,,–,18.5,107000,–,106,378,–,–,118,355,–,–,–,–,–,–,–,–,–,–,–,–,–,–,–,–,3.13,35.1,106,–,118,84.7,96.8,31.5,5.5,–,W920X271,W920X271,271.0,34600,922,924,–,–,–,307,308,–,–,–,18.4,19,9.52,30,30.2,–,–,–,49,60.3,39.7,–,–,–,–,–,5.12,–,–,44.8,–,–,4700.0,11800.0,10200.0,368.0,144.0,1490.0,944.0,64.8,–,–,–,7700,28700,–,68400,157,–,–,1930,5820,–,–,–,–,–,–,–,–,–,–,–,–,–,–,–,–,79.5,892,2690,–,3000,2150,2460,800,140,–,2.55
W,W36X170,W36X170,F,170.0,50.0,36.2,36.125,–,–,–,12,12,–,–,–,0.68,0.6875,0.375,1.1,1.125,–,–,–,1.85,2.375,1.5625,–,–,–,–,–,5.47,–,–,47.7,–,–,10500.0,668.0,581.0,14.5,320.0,83.8,53.2,2.53,–,,–,15.1,98500,–,105,349,–,–,109,330,–,–,–,–,–,–,–,–,–,–,–,–,–,–,–,–,3.11,35.1,106,–,118,84.4,96.4,31.5,5.5,–,W920X253,W920X253,253.0,32300,919,918,–,–,–,305,305,–,–,–,17.3,17.5,9.52,27.9,28.6,–,–,–,47,60.3,39.7,–,–,–,–,–,5.47,–,–,47.7,–,–,4370.0,10900.0,9520.0,368.0,133.0,1370.0,872.0,64.3,–,–,–,6290,26500,–,67700,145,–,–,1790,5410,–,–,–,–,–,–,–,–,–,–,–,–,–,–,–,–,79,892,2690,–,3000,2140,2450,800,140,–,2.53
W,W36X160,W36X160,F,160.0,47.0,36,36,–,–,–,12,12,–,–,–,0.65,0.625,0.3125,1.02,1,–,–,–,1.77,2.25,1.5625,–,–,–,–,–,5.88,–,–,49.9,–,–,9760.0,624.0,542.0,14.4,295.0,77.3,49.1,2.5,–,,–,12.4,90200,–,105,321,–,–,101,308,–,–,–,–,–,–,–,–,–,–,–,–,–,–,–,–,3.09,35,105,–,117,84,96,31.5,5.5,–,W920X238,W920X238,238.0,30300,914,914,–,–,–,305,305,–,–,–,16.5,15.9,7.94,25.9,25.4,–,–,–,45,57.2,39.7,–,–,–,–,–,5.88,–,–,49.9,–,–,4060.0,10200.0,8880.0,366.0,123.0,1270.0,805.0,63.5,–,–,–,5160,24200,–,67700,134,–,–,1660,5050,–,–,–,–,–,–,–,–,–,–,–,–,–,–,–,–,78.5,889,2670,–,2970,2130,2440,800,140,–,2.5
W,W36X150,W36X150,F,150.0,44.3,35.9,35.875,–,–,–,12,12,–,–,–,0.625,0.625,0.3125,0.94,0.9375,–,–,–,1.69,2.1875,1.5,–,–,–,–,–,6.37,–,–,51.9,–,–,9040.0,581.0,504.0,14.3,270.0,70.9,45.1,2.47,–,,–,10.1,82200,–,105,294,–,–,93.1,287,–,–,–,–,–,–,–,–,–,–,–,–,–,–,–,–,3.06,35,105,–,117,83.8,95.8,31.5,5.5,–,W920X223,W920X223,223.0,28600,912,911,–,–,–,305,305,–,–,–,15.9,15.9,7.94,23.9,23.8,–,–,–,42.9,55.6,38.1,–,–,–,–,–,6.37,–,–,51.9,–,–,3760.0,9520.0,8260.0,363.0,112.0,1160.0,739.0,62.7,–,–,–,4200,22100,–,67700,122,–,–,1530,4700,–,–,–,–,–,–,–,–,–,–,–,–,–,–,–,–,77.7,889,2670,–,2970,2130,2430,800,140,–,2.47
W,W36X135,W36X135,F,135.0,39.9,35.6,35.5,–,–,–,12,12,–,–,–,0.6,0.625,0.3125,0.79,0.8125,–,–,–,1.54,2.0625,1.5,–,–,–,–,–,7.56,–,–,54.1,–,–,7800.0,509.0,439.0,14.0,225.0,59.7,37.7,2.38,–,,–,7,68100,–,104,245,–,–,77.9,251,–,–,–,–,–,–,–,–,–,–,–,–,–,–,–,–,2.99,34.8,105,–,117,83.2,95.2,31.5,5.5,–,W920X201,W920X201,201.0,25700,904,902,–,–,–,305,305,–,–,–,15.2,15.9,7.94,20.1,20.6,–,–,–,39.1,52.4,38.1,–,–,–,–,–,7.56,–,–,54.1,–,–,3250.0,8340.0,7190.0,356.0,93.7,978.0,618.0,60.5,–,–,–,2910,18300,–,67100,102,–,–,1280,4110,–,–,–,–,–,–,–,–,–,–,–,–,–,–,–,–,75.9,884,2670,–,2970,2110,2420,800,140,–,2.38
W,W33X387,W33X387,T,387.0,114.0,36,36,–,–,–,16.2,16.25,–,–,–,1.26,1.25,0.625,2.28,2.25,–,–,–,3.07,3.5625,1.8125,–,–,–,–,–,3.55,–,–,23.7,–,–,24300.0,1560.0,1350.0,14.6,1620.0,312.0,200.0,3.77,–,,–,148,459000,–,137,1260,–,–,287,778,–,–,–,–,–,–,–,–,–,–,–,–,–,–,–,–,4.49,33.7,117,–,133,88.2,104,28.875,5.5,3,W840X576,W840X576,576.0,73500,914,914,–,–,–,411,413,–,–,–,32,31.8,15.9,57.9,57.2,–,–,–,78,90.5,46,–,–,–,–,–,3.55,–,–,23.7,–,–,10100.0,25600.0,22100.0,371.0,674.0,5110.0,3280.0,95.8,–,–,–,61600,123000,–,88400,524,–,–,4700,12700,–,–,–,–,–,–,–,–,–,–,–,–,–,–,–,–,114,856,2970,–,3380,2240,2640,733,140,76.2,3.77
W,W33X354,W33X354,T,354.0,104.0,35.6,35.5,–,–,–,16.1,16.125,–,–,–,1.16,1.1875,0.625,2.09,2.0625,–,–,–,2.88,3.375,1.8125,–,–,–,–,–,3.85,–,–,25.7,–,–,22000.0,1420.0,1240.0,14.5,1460.0,282.0,181.0,3.74,–,,–,115,408000,–,135,1130,–,–,262,707,–,–,–,–,–,–,–,–,–,–,–,–,–,–,–,–,4.44,33.5,116,–,132,87.3,103,28.875,5.5,3,W840X527,W840X527,527.0,67100,904,902,–,–,–,409,410,–,–,–,29.5,30.2,15.9,53.1,52.4,–,–,–,73.2,85.7,46,–,–,–,–,–,3.85,–,–,25.7,–,–,9160.0,23300.0,20300.0,368.0,608.0,4620.0,2970.0,95.0,–,–,–,47900,110000,–,87100,470,–,–,4290,11600,–,–,–,–,–,–,–,–,–,–,–,–,–,–,–,–,113,851,2950,–,3350,2220,2620,733,140,76.2,3.74
W,W33X318,W33X318,F,318.0,93.7,35.2,35.125,–,–,–,16,16,–,–,–,1.04,1.0625,0.5625,1.89,1.875,–,–,–,2.68,3.1875,1.75,–,–,–,–,–,4.23,–,–,28.7,–,–,19500.0,1270.0,1110.0,14.5,1290.0,250.0,161.0,3.71,–,,–,84.4,357000,–,133,1010,–,–,235,632,–,–,–,–,–,–,–,–,–,–,–,–,–,–,–,–,4.4,33.3,115,–,131,86.4,102,28.875,5.5,3,W840X473,W840X473,473.0,60500,894,892,–,–,–,406,406,–,–,–,26.4,27,14.3,48,47.6,–,–,–,68.1,81,44.5,–,–,–,–,–,4.23,–,–,28.7,–,–,8120.0,20800.0,18200.0,368.0,537.0,4100.0,2640.0,94.2,–,–,–,35100,95900,–,85800,420,–,–,3850,10400,–,–,–,–,–,–,–,–,–,–,–,–,–,–,–,–,112,846,2920,–,3330,2190,2590,733,140,76.2,3.71
W,W33X291,W33X291,F,291.0,85.6,34.8,34.875,–,–,–,15.9,15.875,–,–,–,0.96,0.9375,0.5,1.73,1.75,–,–,–,2.52,2.9375,1.6875,–,–,–,–,–,4.6,–,–,31,–,–,17700.0,1160.0,1020.0,14.4,1160.0,226.0,146.0,3.68,–,,–,65.1,319000,–,131,904,–,–,214,573,–,–,–,–,–,–,–,–,–,–,–,–,–,–,–,–,4.34,33.1,114,–,130,85.5,101,28.875,5.5,3,W840X433,W840X433,433.0,55200,884,886,–,–,–,404,403,–,–,–,24.4,23.8,12.7,43.9,44.4,–,–,–,64,74.6,42.9,–,–,–,–,–,4.6,–,–,31,–,–,7370.0,19000.0,16700.0,366.0,483.0,3700.0,2390.0,93.5,–,–,–,27100,85700,–,84500,376,–,–,3510,9390,–,–,–,–,–,–,–,–,–,–,–,–,–,–,–,–,110,841,2900,–,3300,2170,2570,733,140,76.2,3.68
W,W33X263,W33X263,F,263.0,77.4,34.5,34.5,–,–,–,15.8,15.75,–,–,–,0.87,0.875,0.4375,1.57,1.5625,–,–,–,2.36,2.8125,1.625,–,–,–,–,–,5.03,–,–,34.3,–,–,15900.0,1040.0,919.0,14.3,1040.0,202.0,131.0,3.66,–,,–,48.7,281000,–,130,807,–,–,193,515,–,–,–,–,–,–,–,–,–,–,–,–,–,–,–,–,4.31,32.9,113,–,129,84.8,101,28.875,5.5,3,W840X392,W840X392,392.0,49900,876,876,–,–,–,401,400,–,–,–,22.1,22.2,11.1,39.9,39.7,–,–,–,59.9,71.4,41.3,–,–,–,–,–,5.03,–,–,34.3,–,–,6620.0,17000.0,15100.0,363.0,433.0,3310.0,2150.0,93.0,–,–,–,20300,75500,–,83900,336,–,–,3160,8440,–,–,–,–,–,–,–,–,–,–,–,–,–,–,–,–,109,836,2870,–,3280,2150,2570,733,140,76.2,3.66
W,W33X241,W33X241,F,241.0,71.1,34.2,34.125,–,–,–,15.9,15.875,–,–,–,0.83,0.8125,0.4375,1.4,1.375,–,–,–,2.19,2.6875,1.625,–,–,–,–,–,5.66,–,–,35.9,–,–,14200.0,940.0,831.0,14.1,933.0,182.0,118.0,3.62,–,,–,36.2,251000,–,130,726,–,–,173,467,–,–,–,–,–,–,–,–,–,–,–,–,–,–,–,–,4.29,32.8,113,–,129,84.3,100,28.875,5.5,3,W840X359,W840X359,359.0,45900,869,867,–,–,–,404,403,–,–,–,21.1,20.6,11.1,35.6,34.9,–,–,–,55.6,68.3,41.3,–,–,–,–,–,5.66,–,–,35.9,–,–,5910.0,15400.0,13600.0,358.0,388.0,2980.0,1930.0,91.9,–,–,–,15100,67400,–,83900,302,–,–,2830,7650,–,–,–,–,–,–,–,–,–,–,–,–,–,–,–,–,109,833,2870,–,3280,2140,2540,733,140,76.2,3.62
W,W33X221,W33X221,F,221.0,65.3,33.9,33.875,–,–,–,15.8,15.75,–,–,–,0.775,0.75,0.375,1.28,1.25,–,–,–,2.06,2.5,1.625,–,–,–,–,–,6.2,–,–,38.5,–,–,12900.0,857.0,759.0,14.1,840.0,164.0,106.0,3.59,–,,–,27.8,224000,–,129,647,–,–,156,423,–,–,–,–,–,–,–,–,–,–,–,–,–,–,–,–,4.25,32.6,112,–,128,83.6,99.4,28.875,5.5,3,W840X329,W840X329,329.0,42100,861,860,–,–,–,401,400,–,–,–,19.7,19,9.52,32.5,31.8,–,–,–,52.3,63.5,41.3,–,–,–,–,–,6.2,–,–,38.5,–,–,5370.0,14000.0,12400.0,358.0,350.0,2690.0,1740.0,91.2,–,–,–,11600,60200,–,83200,269,–,–,2560,6930,–,–,–,–,–,–,–,–,–,–,–,–,–,–,–,–,108,828,2840,–,3250,2120,2520,733,140,76.2,3.59
W,W33X201,W33X201,F,201.0,59.1,33.7,33.625,–,–,–,15.7,15.75,–,–,–,0.715,0.6875,0.375,1.15,1.125,–,–,–,1.94,2.4375,1.5625,–,–,–,–,–,6.85,–,–,41.7,–,–,11600.0,773.0,686.0,14.0,749.0,147.0,95.2,3.56,–,,–,20.8,198000,–,128,577,–,–,140,382,–,–,–,–,–,–,–,–,–,–,–,–,–,–,–,–,4.21,32.6,111,–,127,83.1,98.8,28.875,5.5,3,W840X299,W840X299,299.0,38100,856,854,–,–,–,399,400,–,–,–,18.2,17.5,9.52,29.2,28.6,–,–,–,49.3,61.9,39.7,–,–,–,–,–,6.85,–,–,41.7,–,–,4830.0,12700.0,11200.0,356.0,312.0,2410.0,1560.0,90.4,–,–,–,8660,53200,–,82600,240,–,–,2290,6260,–,–,–,–,–,–,–,–,–,–,–,–,–,–,–,–,107,828,2820,–,3230,2110,2510,733,140,76.2,3.56
W,W33X169,W33X169,F,169.0,49.5,33.8,33.875,–,–,–,11.5,11.5,–,–,–,0.67,0.6875,0.375,1.22,1.25,–,–,–,1.92,2.4375,1.5625,–,–,–,–,–,4.71,–,–,44.7,–,–,9290.0,629.0,549.0,13.7,310.0,84.4,53.9,2.5,–,,–,17.7,82400,–,93.7,329,–,–,108,311,–,–,–,–,–,–,–,–,–,–,–,–,–,–,–,–,3.03,32.6,99.5,–,111,79.1,90.6,28.875,5.5,–,W840X251,W840X251,251.0,31900,859,860,–,–,–,292,292,–,–,–,17,17.5,9.52,31,31.8,–,–,–,48.8,61.9,39.7,–,–,–,–,–,4.71,–,–,44.7,–,–,3870.0,10300.0,9000.0,348.0,129.0,1380.0,883.0,63.5,–,–,–,7370,22100,–,60500,137,–,–,1770,5100,–,–,–,–,–,–,–,–,–,–,–,–,–,–,–,–,77,828,2530,–,2820,2010,2300,733,140,–,2.5
W,W33X152,W33X152,F,152.0,44.9,33.5,33.5,–,–,–,11.6,11.625,–,–,–,0.635,0.625,0.3125,1.06,1.0625,–,–,–,1.76,2.3125,1.5,–,–,–,–,–,5.48,–,–,47.2,–,–,8160.0,559.0,487.0,13.5,273.0,73.9,47.2,2.47,–,,–,12.4,71700,–,94.1,289,–,–,94.3,278,–,–,–,–,–,–,–,–,–,–,–,–,–,–,–,–,3.01,32.4,99.4,–,111,78.6,90.2,28.875,5.5,–,W840X226,W840X226,226.0,29000,851,851,–,–,–,295,295,–,–,–,16.1,15.9,7.94,26.9,27,–,–,–,44.7,58.7,38.1,–,–,–,–,–,5.48,–,–,47.2,–,–,3400.0,9160.0,7980.0,343.0,114.0,1210.0,773.0,62.7,–,–,–,5160,19300,–,60700,120,–,–,1550,4560,–,–,–,–,–,–,–,–,–,–,–,–,–,–,–,–,76.5,823,2520,–,2820,2000,2290,733,140,–,2.47
W,W33X141,W33X141,F,141.0,41.5,33.3,33.25,–,–,–,11.5,11.5,–,–,–,0.605,0.625,0.3125,0.96,0.9375,–,–,–,1.66,2.1875,1.5,–,–,–,–,–,6.01,–,–,49.6,–,–,7450.0,514.0,448.0,13.4,246.0,66.9,42.7,2.43,–,,–,9.7,64400,–,93,257,–,–,84.6,253,–,–,–,–,–,–,–,–,–,–,–,–,–,–,–,–,2.98,32.3,98.5,–,110,78.1,89.6,28.875,5.5,–,W840X210,W840X210,210.0,26800,846,845,–,–,–,292,292,–,–,–,15.4,15.9,7.94,24.4,23.8,–,–,–,42.2,55.6,38.1,–,–,–,–,–,6.01,–,–,49.6,–,–,3100.0,8420.0,7340.0,340.0,102.0,1100.0,700.0,61.7,–,–,–,4040,17300,–,60000,107,–,–,1390,4150,–,–,–,–,–,–,–,–,–,–,–,–,–,–,–,–,75.7,820,2500,–,2790,1980,2280,733,140,–,2.43
W,W33X130,W33X130,F,130.0,38.3,33.1,33.125,–,–,–,11.5,11.5,–,–,–,0.58,0.5625,0.3125,0.855,0.875,–,–,–,1.56,2.125,1.5,–,–,–,–,–,6.73,–,–,51.7,–,–,6710.0,467.0,406.0,13.2,218.0,59.5,37.9,2.39,–,,–,7.37,56600,–,92.7,228,–,–,75.3,230,–,–,–,–,–,–,–,–,–,–,–,–,–,–,–,–,2.94,32.2,98.5,–,110,77.7,89.2,28.875,5.5,–,W840X193,W840X193,193.0,24700,841,841,–,–,–,292,292,–,–,–,14.7,14.3,7.94,21.7,22.2,–,–,–,39.6,54,38.1,–,–,–,–,–,6.73,–,–,51.7,–,–,2790.0,7650.0,6650.0,335.0,90.7,975.0,621.0,60.7,–,–,–,3070,15200,–,59800,94.9,–,–,1230,3770,–,–,–,–,–,–,–,–,–,–,–,–,–,–,–,–,74.7,818,2500,–,2790,1970,2270,733,140,–,2.39
W,W33X118,W33X118,F,118.0,34.7,32.9,32.875,–,–,–,11.5,11.5,–,–,–,0.55,0.5625,0.3125,0.74,0.75,–,–,–,1.44,2,1.5,–,–,–,–,–,7.76,–,–,54.5,–,–,5900.0,415.0,359.0,13.0,187.0,51.3,32.6,2.32,–,,–,5.3,48300,–,92.5,197,–,–,65.1,205,–,–,–,–,–,–,–,–,–,–,–,–,–,–,–,–,2.89,32.2,97.5,–,109,77.3,88.8,28.875,5.5,–,W840X176,W840X176,176.0,22400,836,835,–,–,–,292,292,–,–,–,14,14.3,7.94,18.8,19,–,–,–,36.6,50.8,38.1,–,–,–,–,–,7.76,–,–,54.5,–,–,2460.0,6800.0,5880.0,330.0,77.8,841.0,534.0,58.9,–,–,–,2210,13000,–,59700,82,–,–,1070,3360,–,–,–,–,–,–,–,–,–,–,–,–,–,–,–,–,73.4,818,2480,–,2770,1960,2260,733,140,–,2.32
W,W30X391,W30X391,T,391.0,115.0,33.2,33.25,–,–,–,15.6,15.625,–,–,–,1.36,1.375,0.6875,2.44,2.4375,–,–,–,3.23,3.75,1.875,–,–,–,–,–,3.19,–,–,19.7,–,–,20700.0,1450.0,1250.0,13.4,1550.0,310.0,198.0,3.67,–,,–,173,366000,–,120,1140,–,–,267,722,–,–,–,–,–,–,–,–,–,–,–,–,–,–,–,–,4.37,30.8,109,–,125,82,97.6,25.75,5.5,3,W760X582,W760X582,582.0,74200,843,845,–,–,–,396,397,–,–,–,34.5,34.9,17.5,62,61.9,–,–,–,82,95.3,47.6,–,–,–,–,–,3.19,–,–,19.7,–,–,8620.0,23800.0,20500.0,340.0,645.0,5080.0,3240.0,93.2,–,–,–,72000,98300,–,77400,475,–,–,4380,11800,–,–,–,–,–,–,–,–,–,–,–,–,–,–,–,–,111,782,2770,–,3180,2080,2480,654,140,76.2,3.67
W,W30X357,W30X357,T,357.0,105.0,32.8,32.75,–,–,–,15.5,15.5,–,–,–,1.24,1.25,0.625,2.24,2.25,–,–,–,3.03,3.5,1.8125,–,–,–,–,–,3.45,–,–,21.6,–,–,18700.0,1320.0,1140.0,13.3,1390.0,279.0,179.0,3.64,–,,–,134,324000,–,118,1030,–,–,244,655,–,–,–,–,–,–,–,–,–,–,–,–,–,–,–,–,4.31,30.6,108,–,124,81.1,96.6,25.75,5.5,3,W760X531,W760X531,531.0,67700,833,832,–,–,–,394,394,–,–,–,31.5,31.8,15.9,56.9,57.2,–,–,–,77,88.9,46,–,–,–,–,–,3.45,–,–,21.6,–,–,7780.0,21600.0,18700.0,338.0,579.0,4570.0,2930.0,92.5,–,–,–,55800,87000,–,76100,429,–,–,4000,10700,–,–,–,–,–,–,–,–,–,–,–,–,–,–,–,–,109,777,2740,–,3150,2060,2450,654,140,76.2,3.64
W,W30X326,W30X326,T,326.0,95.9,32.4,32.375,–,–,–,15.4,15.375,–,–,–,1.14,1.125,0.5625,2.05,2.0625,–,–,–,2.84,3.3125,1.75,–,–,–,–,–,3.75,–,–,23.4,–,–,16800.0,1190.0,1040.0,13.2,1240.0,252.0,162.0,3.6,–,,–,103,287000,–,117,922,–,–,222,593,–,–,–,–,–,–,–,–,–,–,–,–,–,–,–,–,4.26,30.4,108,–,123,80.2,95.6,25.75,5.5,3,W760X484,W760X484,484.0,61900,823,822,–,–,–,391,391,–,–,–,29,28.6,14.3,52.1,52.4,–,–,–,72.1,84.1,44.5,–,–,–,–,–,3.75,–,–,23.4,–,–,6990.0,19500.0,17000.0,335.0,516.0,4130.0,2650.0,91.4,–,–,–,42900,77100,–,75500,384,–,–,3640,9720,–,–,–,–,–,–,–,–,–,–,–,–,–,–,–,–,108,772,2740,–,3120,2040,2430,654,140,76.2,3.6
W,W30X292,W30X292,F,292.0,86.0,32,32,–,–,–,15.3,15.25,–,–,–,1.02,1,0.5,1.85,1.875,–,–,–,2.64,3.125,1.75,–,–,–,–,–,4.12,–,–,26.2,–,–,14900.0,1060.0,930.0,13.2,1100.0,223.0,144.0,3.58,–,,–,75.2,250000,–,115,816,–,–,199,529,–,–,–,–,–,–,–,–,–,–,–,–,–,–,–,–,4.22,30.2,107,–,122,79.3,94.6,25.75,5.5,3,W760X434,W760X434,434.0,55500,813,813,–,–,–,389,387,–,–,–,25.9,25.4,12.7,47,47.6,–,–,–,67.1,79.4,44.5,–,–,–,–,–,4.12,–,–,26.2,–,–,6200.0,17400.0,15200.0,335.0,458.0,3650.0,2360.0,90.9,–,–,–,31300,67100,–,74200,340,–,–,3260,8670,–,–,–,–,–,–,–,–,–,–,–,–,–,–,–,–,107,767,2720,–,3100,2010,2400,654,140,76.2,3.58
W,W30X261,W30X261,F,261.0,77.0,31.6,31.625,–,–,–,15.2,15.125,–,–,–,0.93,0.9375,0.5,1.65,1.625,–,–,–,2.44,2.9375,1.6875,–,–,–,–,–,4.59,–,–,28.7,–,–,13100.0,943.0,829.0,13.1,959.0,196.0,127.0,3.53,–,,–,54.1,215000,–,114,714,–,–,176,469,–,–,–,–,–,–,–,–,–,–,–,–,–,–,–,–,4.16,30,106,–,121,78.4,93.6,25.75,5.5,3,W760X389,W760X389,389.0,49700,803,803,–,–,–,386,384,–,–,–,23.6,23.8,12.7,41.9,41.3,–,–,–,62,74.6,42.9,–,–,–,–,–,4.59,–,–,28.7,–,–,5450.0,15500.0,13600.0,333.0,399.0,3210.0,2080.0,89.7,–,–,–,22500,57700,–,73500,297,–,–,2880,7690,–,–,–,–,–,–,–,–,–,–,–,–,–,–,–,–,106,762,2690,–,3070,1990,2380,654,140,76.2,3.53
W,W30X235,W30X235,F,235.0,69.3,31.3,31.25,–,–,–,15.1,15,–,–,–,0.83,0.8125,0.4375,1.5,1.5,–,–,–,2.29,2.75,1.625,–,–,–,–,–,5.02,–,–,32.2,–,–,11700.0,847.0,748.0,13.0,855.0,175.0,114.0,3.51,–,,–,40.3,190000,–,112,637,–,–,159,421,–,–,–,–,–,–,–,–,–,–,–,–,–,–,–,–,4.13,29.8,105,–,120,77.7,92.8,25.75,5.5,3,W760X350,W760X350,350.0,44700,795,794,–,–,–,384,381,–,–,–,21.1,20.6,11.1,38.1,38.1,–,–,–,58.2,69.9,41.3,–,–,–,–,–,5.02,–,–,32.2,–,–,4870.0,13900.0,12300.0,330.0,356.0,2870.0,1870.0,89.2,–,–,–,16800,51000,–,72300,265,–,–,2610,6900,–,–,–,–,–,–,–,–,–,–,–,–,–,–,–,–,105,757,2670,–,3050,1970,2360,654,140,76.2,3.51
W,W30X211,W30X211,F,211.0,62.3,30.9,31,–,–,–,15.1,15.125,–,–,–,0.775,0.75,0.375,1.32,1.3125,–,–,–,2.1,2.5625,1.625,–,–,–,–,–,5.74,–,–,34.5,–,–,10300.0,751.0,665.0,12.9,757.0,155.0,100.0,3.49,–,,–,28.4,166000,–,112,556,–,–,140,372,–,–,–,–,–,–,–,–,–,–,–,–,–,–,–,–,4.11,29.6,104,–,119,76.9,92,25.75,5.5,3,W760X314,W760X314,314.0,40200,785,787,–,–,–,384,384,–,–,–,19.7,19,9.52,33.5,33.3,–,–,–,53.3,65.1,41.3,–,–,–,–,–,5.74,–,–,34.5,–,–,4290.0,12300.0,10900.0,328.0,315.0,2540.0,1640.0,88.6,–,–,–,11800,44600,–,72300,231,–,–,2290,6100,–,–,–,–,–,–,–,–,–,–,–,–,–,–,–,–,104,752,2640,–,3020,1950,2340,654,140,76.2,3.49
W,W30X191,W30X191,F,191.0,56.1,30.7,30.625,–,–,–,15,15,–,–,–,0.71,0.6875,0.375,1.19,1.1875,–,–,–,1.97,2.5,1.5625,–,–,–,–,–,6.35,–,–,37.7,–,–,9200.0,675.0,600.0,12.8,673.0,138.0,89.5,3.46,–,,–,21,146000,–,111,494,–,–,125,335,–,–,–,–,–,–,–,–,–,–,–,–,–,–,–,–,4.06,29.5,104,–,119,76.4,91.4,25.75,5.5,3,W760X284,W760X284,284.0,36200,780,778,–,–,–,381,381,–,–,–,18,17.5,9.52,30.2,30.2,–,–,–,50,63.5,39.7,–,–,–,–,–,6.35,–,–,37.7,–,–,3830.0,11100.0,9830.0,325.0,280.0,2260.0,1470.0,87.9,–,–,–,8740,39200,–,71600,206,–,–,2050,5490,–,–,–,–,–,–,–,–,–,–,–,–,–,–,–,–,103,749,2640,–,3020,1940,2320,654,140,76.2,3.46
W,W30X173,W30X173,F,173.0,50.9,30.4,30.5,–,–,–,15,15,–,–,–,0.655,0.625,0.3125,1.07,1.0625,–,–,–,1.85,2.3125,1.5625,–,–,–,–,–,7.04,–,–,40.8,–,–,8230.0,607.0,541.0,12.7,598.0,123.0,79.8,3.42,–,,–,15.6,129000,–,110,441,–,–,113,301,–,–,–,–,–,–,–,–,–,–,–,–,–,–,–,–,4.03,29.3,103,–,118,75.8,90.8,25.75,5.5,3,W760X257,W760X257,257.0,32800,772,775,–,–,–,381,381,–,–,–,16.6,15.9,7.94,27.2,27,–,–,–,47,58.7,39.7,–,–,–,–,–,7.04,–,–,40.8,–,–,3430.0,9950.0,8870.0,323.0,249.0,2020.0,1310.0,86.9,–,–,–,6490,34600,–,71000,184,–,–,1850,4930,–,–,–,–,–,–,–,–,–,–,–,–,–,–,–,–,102,744,2620,–,3000,1930,2310,654,140,76.2,3.42
W,W30X148,W30X148,F,148.0,43.6,30.7,30.625,–,–,–,10.5,10.5,–,–,–,0.65,0.625,0.3125,1.18,1.1875,–,–,–,1.83,2.5,1.5625,–,–,–,–,–,4.44,–,–,41.6,–,–,6680.0,500.0,436.0,12.4,227.0,68.0,43.3,2.28,–,,–,14.5,49400,–,77.5,240,–,–,85.8,248,–,–,–,–,–,–,–,–,–,–,–,–,–,–,–,–,2.77,29.5,90.5,–,101,71.9,82.4,25.75,5.5,–,W760X220,W760X220,220.0,28100,780,778,–,–,–,267,267,–,–,–,16.5,15.9,7.94,30,30.2,–,–,–,46.5,63.5,39.7,–,–,–,–,–,4.44,–,–,41.6,–,–,2780.0,8190.0,7140.0,315.0,94.5,1110.0,710.0,57.9,–,–,–,6040,13300,–,50000,99.9,–,–,1410,4060,–,–,–,–,–,–,–,–,–,–,–,–,–,–,–,–,70.4,749,2300,–,2570,1830,2090,654,140,–,2.28
W,W30X132,W30X132,F,132.0,38.8,30.3,30.25,–,–,–,10.5,10.5,–,–,–,0.615,0.625,0.3125,1,1,–,–,–,1.65,2.25,1.5,–,–,–,–,–,5.27,–,–,43.9,–,–,5770.0,437.0,380.0,12.2,196.0,58.4,37.2,2.25,–,,–,9.72,42100,–,76.9,202,–,–,72.4,215,–,–,–,–,–,–,–,–,–,–,–,–,–,–,–,–,2.75,29.3,89.5,–,100,71.1,81.6,25.75,5.5,–,W760X196,W760X196,196.0,25000,770,768,–,–,–,267,267,–,–,–,15.6,15.9,7.94,25.4,25.4,–,–,–,41.9,57.2,38.1,–,–,–,–,–,5.27,–,–,43.9,–,–,2400.0,7160.0,6230.0,310.0,81.6,957.0,610.0,57.2,–,–,–,4050,11300,–,49600,84.1,–,–,1190,3520,–,–,–,–,–,–,–,–,–,–,–,–,–,–,–,–,69.8,744,2270,–,2540,1810,2070,654,140,–,2.25
W,W30X124,W30X124,F,124.0,36.5,30.2,30.125,–,–,–,10.5,10.5,–,–,–,0.585,0.5625,0.3125,0.93,0.9375,–,–,–,1.58,2.25,1.5,–,–,–,–,–,5.65,–,–,46.2,–,–,5360.0,408.0,355.0,12.1,181.0,54.0,34.4,2.23,–,,–,7.99,38600,–,76.8,188,–,–,67.5,202,–,–,–,–,–,–,–,–,–,–,–,–,–,–,–,–,2.73,29.3,89.5,–,100,70.9,81.4,25.75,5.5,–,W760X185,W760X185,185.0,23500,767,765,–,–,–,267,267,–,–,–,14.9,14.3,7.94,23.6,23.8,–,–,–,40.1,57.2,38.1,–,–,–,–,–,5.65,–,–,46.2,–,–,2230.0,6690.0,5820.0,307.0,75.3,885.0,564.0,56.6,–,–,–,3330,10400,–,49500,78.3,–,–,1110,3310,–,–,–,–,–,–,–,–,–,–,–,–,–,–,–,–,69.3,744,2270,–,2540,1800,2070,654,140,–,2.23
W,W30X116,W30X116,F,116.0,34.2,30,30,–,–,–,10.5,10.5,–,–,–,0.565,0.5625,0.3125,0.85,0.875,–,–,–,1.5,2.125,1.5,–,–,–,–,–,6.17,–,–,47.8,–,–,4930.0,378.0,329.0,12.0,164.0,49.2,31.3,2.19,–,,–,6.43,34900,–,76.5,171,–,–,61.5,187,–,–,–,–,–,–,–,–,–,–,–,–,–,–,–,–,2.7,29.2,89.3,–,99.8,70.5,81,25.75,5.5,–,W760X173,W760X173,173.0,22100,762,762,–,–,–,267,267,–,–,–,14.4,14.3,7.94,21.6,22.2,–,–,–,38.1,54,38.1,–,–,–,–,–,6.17,–,–,47.8,–,–,2050.0,6190.0,5390.0,305.0,68.3,806.0,513.0,55.6,–,–,–,2680,9370,–,49400,71.2,–,–,1010,3060,–,–,–,–,–,–,–,–,–,–,–,–,–,–,–,–,68.6,742,2270,–,2530,1790,2060,654,140,–,2.19
W,W30X108,W30X108,F,108.0,31.7,29.8,29.875,–,–,–,10.5,10.5,–,–,–,0.545,0.5625,0.3125,0.76,0.75,–,–,–,1.41,2,1.5,–,–,–,–,–,6.89,–,–,49.6,–,–,4470.0,346.0,299.0,11.9,146.0,43.9,27.9,2.15,–,,–,4.99,30900,–,76.2,152,–,–,54.9,170,–,–,–,–,–,–,–,–,–,–,–,–,–,–,–,–,2.67,29,88.9,–,99.4,70.1,80.6,25.75,5.5,–,W760X161,W760X161,161.0,20500,757,759,–,–,–,267,267,–,–,–,13.8,14.3,7.94,19.3,19,–,–,–,35.8,50.8,38.1,–,–,–,–,–,6.89,–,–,49.6,–,–,1860.0,5670.0,4900.0,302.0,60.8,719.0,457.0,54.6,–,–,–,2080,8300,–,49200,63.3,–,–,900,2790,–,–,–,–,–,–,–,–,–,–,–,–,–,–,–,–,67.8,737,2260,–,2520,1780,2050,654,140,–,2.15
W,W30X99,W30X99,F,99.0,29.0,29.7,29.625,–,–,–,10.5,10.5,–,–,–,0.52,0.5,0.25,0.67,0.6875,–,–,–,1.32,2,1.5,–,–,–,–,–,7.8,–,–,51.9,–,–,3990.0,312.0,269.0,11.7,128.0,38.6,24.5,2.1,–,,–,3.77,26800,–,76.2,134,–,–,48.5,154,–,–,–,–,–,–,–,–,–,–,–,–,–,–,–,–,2.62,29,88.7,–,99.2,69.9,80.4,25.75,5.5,–,W760X147,W760X147,147.0,18700,754,752,–,–,–,267,267,–,–,–,13.2,12.7,6.35,17,17.5,–,–,–,33.5,50.8,38.1,–,–,–,–,–,7.8,–,–,51.9,–,–,1660.0,5110.0,4410.0,297.0,53.3,633.0,401.0,53.3,–,–,–,1570,7200,–,49200,55.8,–,–,795,2520,–,–,–,–,–,–,–,–,–,–,–,–,–,–,–,–,66.5,737,2250,–,2520,1780,2040,654,140,–,2.1
W,W30X90,W30X90,F,90.0,26.3,29.5,29.5,–,–,–,10.4,10.375,–,–,–,0.47,0.5,0.25,0.61,0.625,–,–,–,1.26,1.875,1.4375,–,–,–,–,–,8.52,–,–,57.5,–,–,3610.0,283.0,245.0,11.7,115.0,34.7,22.1,2.09,–,,–,2.84,24000,–,75.1,119,–,–,43.7,139,–,–,–,–,–,–,–,–,–,–,–,–,–,–,–,–,2.6,28.9,88.1,–,98.5,69.4,79.8,25.75,5.5,–,W760X134,W760X134,134.0,17000,749,749,–,–,–,264,264,–,–,–,11.9,12.7,6.35,15.5,15.9,–,–,–,32,47.6,36.5,–,–,–,–,–,8.52,–,–,57.5,–,–,1500.0,4640.0,4010.0,297.0,47.9,569.0,362.0,53.1,–,–,–,1180,6440,–,48500,49.5,–,–,716,2280,–,–,–,–,–,–,–,–,–,–,–,–,–,–,–,–,66,734,2240,–,2500,1760,2030,654,140,–,2.09
W,W27X539,W27X539,T,539.0,159.0,32.5,32.5,–,–,–,15.3,15.25,–,–,–,1.97,2,1,3.54,3.5625,–,–,–,4.33,4.4375,1.8125,–,–,–,–,–,2.15,–,–,12.1,–,–,25600.0,1890.0,1570.0,12.7,2110.0,437.0,277.0,3.65,–,,–,496,443000,–,111,1500,–,–,342,943,–,–,–,–,–,–,–,–,–,–,–,–,–,–,–,–,4.41,29,106,–,121,80.3,95.6,23,5.5,–,W690X802,W690X802,802.0,103000,826,826,–,–,–,389,387,–,–,–,50,50.8,25.4,89.9,90.5,–,–,–,110,113,46,–,–,–,–,–,2.15,–,–,12.1,–,–,10700.0,31000.0,25700.0,323.0,878.0,7160.0,4540.0,92.7,–,–,–,206000,119000,–,71600,624,–,–,5600,15500,–,–,–,–,–,–,–,–,–,–,–,–,–,–,–,–,112,737,2690,–,3070,2040,2430,584,140,–,3.65
W,W27X368,W27X368,T,368.0,109.0,30.4,30.375,–,–,–,14.7,14.625,–,–,–,1.38,1.375,0.6875,2.48,2.5,–,–,–,3.27,3.6875,1.875,–,–,–,–,–,2.96,–,–,17.3,–,–,16200.0,1240.0,1060.0,12.2,1310.0,279.0,179.0,3.48,–,,–,170,255000,–,103,935,–,–,231,621,–,–,–,–,–,–,–,–,–,–,–,–,–,–,–,–,4.15,27.9,100,–,115,75.5,90.2,23,5.5,–,W690X548,W690X548,548.0,70300,772,772,–,–,–,373,371,–,–,–,35.1,34.9,17.5,63,63.5,–,–,–,83.1,93.7,47.6,–,–,–,–,–,2.96,–,–,17.3,–,–,6740.0,20300.0,17400.0,310.0,545.0,4570.0,2930.0,88.4,–,–,–,70800,68500,–,66500,389,–,–,3790,10200,–,–,–,–,–,–,–,–,–,–,–,–,–,–,–,–,105,709,2540,–,2920,1920,2290,584,140,–,3.48
W,W27X336,W27X336,T,336.0,99.2,30,30,–,–,–,14.6,14.5,–,–,–,1.26,1.25,0.625,2.28,2.25,–,–,–,3.07,3.5,1.8125,–,–,–,–,–,3.19,–,–,18.9,–,–,14600.0,1130.0,972.0,12.1,1180.0,252.0,162.0,3.45,–,,–,131,226000,–,101,842,–,–,211,563,–,–,–,–,–,–,–,–,–,–,–,–,–,–,–,–,4.1,27.7,100,–,115,74.6,89.2,23,5.5,–,W690X500,W690X500,500.0,64000,762,762,–,–,–,371,368,–,–,–,32,31.8,15.9,57.9,57.2,–,–,–,78,88.9,46,–,–,–,–,–,3.19,–,–,18.9,–,–,6080.0,18500.0,15900.0,307.0,491.0,4130.0,2650.0,87.6,–,–,–,54500,60700,–,65200,350,–,–,3460,9230,–,–,–,–,–,–,–,–,–,–,–,–,–,–,–,–,104,704,2540,–,2920,1890,2270,584,140,–,3.45
W,W27X307,W27X307,T,307.0,90.2,29.6,29.625,–,–,–,14.4,14.5,–,–,–,1.16,1.1875,0.625,2.09,2.0625,–,–,–,2.88,3.3125,1.8125,–,–,–,–,–,3.46,–,–,20.6,–,–,13100.0,1030.0,887.0,12.0,1050.0,227.0,146.0,3.41,–,,–,101,199000,–,99,745,–,–,190,508,–,–,–,–,–,–,–,–,–,–,–,–,–,–,–,–,4.04,27.5,98.6,–,113,73.6,88,23,5.5,–,W690X457,W690X457,457.0,58200,752,752,–,–,–,366,368,–,–,–,29.5,30.2,15.9,53.1,52.4,–,–,–,73.2,84.1,46,–,–,–,–,–,3.46,–,–,20.6,–,–,5450.0,16900.0,14500.0,305.0,437.0,3720.0,2390.0,86.6,–,–,–,42000,53400,–,63900,310,–,–,3110,8320,–,–,–,–,–,–,–,–,–,–,–,–,–,–,–,–,103,698,2500,–,2870,1870,2240,584,140,–,3.41
W,W27X281,W27X281,F,281.0,83.1,29.3,29.25,–,–,–,14.4,14.375,–,–,–,1.06,1.0625,0.5625,1.93,1.9375,–,–,–,2.72,3.125,1.75,–,–,–,–,–,3.72,–,–,22.5,–,–,11900.0,936.0,814.0,12.0,953.0,206.0,133.0,3.39,–,,–,79.5,178000,–,98.5,685,–,–,176,466,–,–,–,–,–,–,–,–,–,–,–,–,–,–,–,–,4,27.4,98.6,–,113,73,87.4,23,5.5,–,W690X419,W690X419,419.0,53600,744,743,–,–,–,366,365,–,–,–,26.9,27,14.3,49,49.2,–,–,–,69.1,79.4,44.5,–,–,–,–,–,3.72,–,–,22.5,–,–,4950.0,15300.0,13300.0,305.0,397.0,3380.0,2180.0,86.1,–,–,–,33100,47800,–,63500,285,–,–,2880,7640,–,–,–,–,–,–,–,–,–,–,–,–,–,–,–,–,102,696,2500,–,2870,1850,2220,584,140,–,3.39
W,W27X258,W27X258,F,258.0,76.1,29,29,–,–,–,14.3,14.25,–,–,–,0.98,1,0.5,1.77,1.75,–,–,–,2.56,3,1.6875,–,–,–,–,–,4.03,–,–,24.4,–,–,10800.0,852.0,745.0,11.9,859.0,187.0,120.0,3.36,–,,–,61.6,159000,–,97.3,616,–,–,160,424,–,–,–,–,–,–,–,–,–,–,–,–,–,–,–,–,3.96,27.2,97.7,–,112,72.3,86.6,23,5.5,–,W690X384,W690X384,384.0,49100,737,737,–,–,–,363,362,–,–,–,24.9,25.4,12.7,45,44.4,–,–,–,65,76.2,42.9,–,–,–,–,–,4.03,–,–,24.4,–,–,4500.0,14000.0,12200.0,302.0,358.0,3060.0,1970.0,85.3,–,–,–,25600,42700,–,62800,256,–,–,2620,6950,–,–,–,–,–,–,–,–,–,–,–,–,–,–,–,–,101,691,2480,–,2840,1840,2200,584,140,–,3.36
W,W27X235,W27X235,F,235.0,69.4,28.7,28.625,–,–,–,14.2,14.25,–,–,–,0.91,0.9375,0.5,1.61,1.625,–,–,–,2.4,2.875,1.6875,–,–,–,–,–,4.41,–,–,26.2,–,–,9700.0,772.0,677.0,11.8,769.0,168.0,108.0,3.33,–,,–,47,141000,–,96.2,550,–,–,145,384,–,–,–,–,–,–,–,–,–,–,–,–,–,–,–,–,3.92,27.1,96.8,–,111,71.6,85.8,23,5.5,–,W690X350,W690X350,350.0,44800,729,727,–,–,–,361,362,–,–,–,23.1,23.8,12.7,40.9,41.3,–,–,–,61,73,42.9,–,–,–,–,–,4.41,–,–,26.2,–,–,4040.0,12700.0,11100.0,300.0,320.0,2750.0,1770.0,84.6,–,–,–,19600,37900,–,62100,229,–,–,2380,6290,–,–,–,–,–,–,–,–,–,–,–,–,–,–,–,–,99.6,688,2460,–,2820,1820,2180,584,140,–,3.33
W,W27X217,W27X217,F,217.0,63.9,28.4,28.375,–,–,–,14.1,14.125,–,–,–,0.83,0.8125,0.4375,1.5,1.5,–,–,–,2.29,2.6875,1.625,–,–,–,–,–,4.71,–,–,28.7,–,–,8910.0,711.0,627.0,11.8,704.0,154.0,100.0,3.32,–,,–,37.6,128000,–,94.8,501,–,–,134,351,–,–,–,–,–,–,–,–,–,–,–,–,–,–,–,–,3.89,26.9,95.9,–,110,70.9,85,23,5.5,–,W690X323,W690X323,323.0,41200,721,721,–,–,–,358,359,–,–,–,21.1,20.6,11.1,38.1,38.1,–,–,–,58.2,68.3,41.3,–,–,–,–,–,4.71,–,–,28.7,–,–,3710.0,11700.0,10300.0,300.0,293.0,2520.0,1640.0,84.3,–,–,–,15700,34400,–,61200,209,–,–,2200,5750,–,–,–,–,–,–,–,–,–,–,–,–,–,–,–,–,98.8,683,2440,–,2790,1800,2160,584,140,–,3.32
W,W27X194,W27X194,F,194.0,57.1,28.1,28.125,–,–,–,14,14,–,–,–,0.75,0.75,0.375,1.34,1.3125,–,–,–,2.13,2.5625,1.5625,–,–,–,–,–,5.24,–,–,31.8,–,–,7860.0,631.0,559.0,11.7,619.0,136.0,88.1,3.29,–,,–,27.1,111000,–,93.7,439,–,–,119,312,–,–,–,–,–,–,–,–,–,–,–,–,–,–,–,–,3.85,26.8,95,–,109,70.2,84.2,23,5.5,–,W690X289,W690X289,289.0,36800,714,714,–,–,–,356,356,–,–,–,19.1,19,9.52,34,33.3,–,–,–,54.1,65.1,39.7,–,–,–,–,–,5.24,–,–,31.8,–,–,3270.0,10300.0,9160.0,297.0,258.0,2230.0,1440.0,83.6,–,–,–,11300,29800,–,60500,183,–,–,1950,5110,–,–,–,–,–,–,–,–,–,–,–,–,–,–,–,–,97.8,681,2410,–,2770,1780,2140,584,140,–,3.29
W,W27X178,W27X178,F,178.0,52.5,27.8,27.75,–,–,–,14.1,14.125,–,–,–,0.725,0.75,0.375,1.19,1.1875,–,–,–,1.98,2.375,1.5625,–,–,–,–,–,5.92,–,–,32.9,–,–,7020.0,570.0,505.0,11.6,555.0,122.0,78.8,3.25,–,,–,20.1,98400,–,93.8,393,–,–,106,282,–,–,–,–,–,–,–,–,–,–,–,–,–,–,–,–,3.83,26.6,94.9,–,109,69.7,83.8,23,5.5,–,W690X265,W690X265,265.0,33900,706,705,–,–,–,358,359,–,–,–,18.4,19,9.52,30.2,30.2,–,–,–,50.3,60.3,39.7,–,–,–,–,–,5.92,–,–,32.9,–,–,2920.0,9340.0,8280.0,295.0,231.0,2000.0,1290.0,82.6,–,–,–,8370,26400,–,60500,164,–,–,1740,4620,–,–,–,–,–,–,–,–,–,–,–,–,–,–,–,–,97.3,676,2410,–,2770,1770,2130,584,140,–,3.25
W,W27X161,W27X161,F,161.0,47.6,27.6,27.625,–,–,–,14,14,–,–,–,0.66,0.6875,0.375,1.08,1.0625,–,–,–,1.87,2.3125,1.5625,–,–,–,–,–,6.49,–,–,36.1,–,–,6310.0,515.0,458.0,11.5,497.0,109.0,70.9,3.23,–,,–,15.1,87300,–,92.8,351,–,–,95.5,254,–,–,–,–,–,–,–,–,–,–,–,–,–,–,–,–,3.79,26.5,95,–,109,69.2,83.2,23,5.5,–,W690X240,W690X240,240.0,30700,701,702,–,–,–,356,356,–,–,–,16.8,17.5,9.52,27.4,27,–,–,–,47.5,58.7,39.7,–,–,–,–,–,6.49,–,–,36.1,–,–,2630.0,8440.0,7510.0,292.0,207.0,1790.0,1160.0,82.0,–,–,–,6290,23400,–,59900,146,–,–,1560,4160,–,–,–,–,–,–,–,–,–,–,–,–,–,–,–,–,96.3,673,2410,–,2770,1760,2110,584,140,–,3.23
W,W27X146,W27X146,F,146.0,43.2,27.4,27.375,–,–,–,14,14,–,–,–,0.605,0.625,0.3125,0.975,1,–,–,–,1.76,2.1875,1.5,–,–,–,–,–,7.16,–,–,39.4,–,–,5660.0,464.0,414.0,11.5,443.0,97.7,63.5,3.2,–,,–,11.3,77200,–,92.5,316,–,–,86.3,229,–,–,–,–,–,–,–,–,–,–,–,–,–,–,–,–,3.76,26.4,94,–,108,68.8,82.8,23,5.5,–,W690X217,W690X217,217.0,27900,696,695,–,–,–,356,356,–,–,–,15.4,15.9,7.94,24.8,25.4,–,–,–,44.7,55.6,38.1,–,–,–,–,–,7.16,–,–,39.4,–,–,2360.0,7600.0,6780.0,292.0,184.0,1600.0,1040.0,81.3,–,–,–,4700,20700,–,59700,132,–,–,1410,3750,–,–,–,–,–,–,–,–,–,–,–,–,–,–,–,–,95.5,671,2390,–,2740,1750,2100,584,140,–,3.2
W,W27X129,W27X129,F,129.0,37.8,27.6,27.625,–,–,–,10,10,–,–,–,0.61,0.625,0.3125,1.1,1.125,–,–,–,1.7,2.3125,1.5,–,–,–,–,–,4.55,–,–,39.7,–,–,4760.0,395.0,345.0,11.2,184.0,57.6,36.8,2.21,–,,–,11.1,32500,–,66.3,182,–,–,68.4,195,–,–,–,–,–,–,–,–,–,–,–,–,–,–,–,–,2.66,26.5,83,–,93,65.2,75.2,23,5.5,–,W690X192,W690X192,192.0,24400,701,702,–,–,–,254,254,–,–,–,15.5,15.9,7.94,27.9,28.6,–,–,–,43.2,58.7,38.1,–,–,–,–,–,4.55,–,–,39.7,–,–,1980.0,6470.0,5650.0,284.0,76.6,944.0,603.0,56.1,–,–,–,4620,8730,–,42800,75.8,–,–,1120,3200,–,–,–,–,–,–,–,–,–,–,–,–,–,–,–,–,67.6,673,2110,–,2360,1660,1910,584,140,–,2.21
W,W27X114,W27X114,F,114.0,33.6,27.3,27.25,–,–,–,10.1,10.125,–,–,–,0.57,0.5625,0.3125,0.93,0.9375,–,–,–,1.53,2.125,1.5,–,–,–,–,–,5.41,–,–,42.5,–,–,4080.0,343.0,299.0,11.0,159.0,49.3,31.5,2.18,–,,–,7.33,27600,–,66.6,156,–,–,58.4,170,–,–,–,–,–,–,–,–,–,–,–,–,–,–,–,–,2.65,26.4,82.7,–,92.8,64.7,74.8,23,5.5,–,W690X170,W690X170,170.0,21700,693,692,–,–,–,257,257,–,–,–,14.5,14.3,7.94,23.6,23.8,–,–,–,38.9,54,38.1,–,–,–,–,–,5.41,–,–,42.5,–,–,1700.0,5620.0,4900.0,279.0,66.2,808.0,516.0,55.4,–,–,–,3050,7410,–,43000,64.9,–,–,957,2790,–,–,–,–,–,–,–,–,–,–,–,–,–,–,–,–,67.3,671,2100,–,2360,1640,1900,584,140,–,2.18
W,W27X102,W27X102,F,102.0,30.0,27.1,27.125,–,–,–,10,10,–,–,–,0.515,0.5,0.25,0.83,0.8125,–,–,–,1.43,2.0625,1.4375,–,–,–,–,–,6.03,–,–,47.1,–,–,3620.0,305.0,267.0,11.0,139.0,43.4,27.8,2.15,–,,–,5.28,24000,–,65.7,136,–,–,51.7,151,–,–,–,–,–,–,–,–,–,–,–,–,–,–,–,–,2.62,26.3,82.1,–,92.1,64.2,74.2,23,5.5,–,W690X152,W690X152,152.0,19400,688,689,–,–,–,254,254,–,–,–,13.1,12.7,6.35,21.1,20.6,–,–,–,36.3,52.4,36.5,–,–,–,–,–,6.03,–,–,47.1,–,–,1510.0,5000.0,4380.0,279.0,57.9,711.0,456.0,54.6,–,–,–,2200,6440,–,42400,56.6,–,–,847,2470,–,–,–,–,–,–,–,–,–,–,–,–,–,–,–,–,66.5,668,2090,–,2340,1630,1880,584,140,–,2.15
W,W27X94,W27X94,F,94.0,27.6,26.9,26.875,–,–,–,10,10,–,–,–,0.49,0.5,0.25,0.745,0.75,–,–,–,1.34,1.9375,1.4375,–,–,–,–,–,6.7,–,–,49.5,–,–,3270.0,278.0,243.0,10.9,124.0,38.8,24.8,2.12,–,,–,4.03,21300,–,65.4,122,–,–,46.3,137,–,–,–,–,–,–,–,–,–,–,–,–,–,–,–,–,2.59,26.2,81.8,–,91.8,63.8,73.8,23,5.5,–,W690X140,W690X140,140.0,17800,683,683,–,–,–,254,254,–,–,–,12.4,12.7,6.35,18.9,19,–,–,–,34,49.2,36.5,–,–,–,–,–,6.7,–,–,49.5,–,–,1360.0,4560.0,3980.0,277.0,51.6,636.0,406.0,53.8,–,–,–,1680,5720,–,42200,50.8,–,–,759,2250,–,–,–,–,–,–,–,–,–,–,–,–,–,–,–,–,65.8,665,2080,–,2330,1620,1870,584,140,–,2.12
W,W27X84,W27X84,F,84.0,24.7,26.7,26.75,–,–,–,10,10,–,–,–,0.46,0.4375,0.25,0.64,0.625,–,–,–,1.24,1.875,1.4375,–,–,–,–,–,7.78,–,–,52.7,–,–,2850.0,244.0,213.0,10.7,106.0,33.2,21.2,2.07,–,,–,2.81,17900,–,65.2,104,–,–,39.8,121,–,–,–,–,–,–,–,–,–,–,–,–,–,–,–,–,2.54,26.1,81.5,–,91.5,63.4,73.4,23,5.5,–,W690X125,W690X125,125.0,15900,678,679,–,–,–,254,254,–,–,–,11.7,11.1,6.35,16.3,15.9,–,–,–,31.5,47.6,36.5,–,–,–,–,–,7.78,–,–,52.7,–,–,1190.0,4000.0,3490.0,272.0,44.1,544.0,347.0,52.6,–,–,–,1170,4810,–,42100,43.3,–,–,652,1980,–,–,–,–,–,–,–,–,–,–,–,–,–,–,–,–,64.5,663,2070,–,2320,1610,1860,584,140,–,2.07
W,W24X370,W24X370,T,370.0,109.0,28,28,–,–,–,13.7,13.625,–,–,–,1.52,1.5,0.75,2.72,2.75,–,–,–,3.22,4,2,–,–,–,–,–,2.51,–,–,14.2,–,–,13400.0,1130.0,957.0,11.1,1160.0,267.0,170.0,3.27,–,,–,201,186000,–,86.6,807,–,–,209,568,–,–,–,–,–,–,–,–,–,–,–,–,–,–,–,–,3.92,25.3,93.3,–,107,69.7,83.4,20,5.5,–,W610X551,W610X551,551.0,70300,711,711,–,–,–,348,346,–,–,–,38.6,38.1,19,69.1,69.8,–,–,–,81.8,102,50.8,–,–,–,–,–,2.51,–,–,14.2,–,–,5580.0,18500.0,15700.0,282.0,483.0,4380.0,2790.0,83.1,–,–,–,83700,49900,–,55900,336,–,–,3420,9310,–,–,–,–,–,–,–,–,–,–,–,–,–,–,–,–,99.6,643,2370,–,2720,1770,2120,508,140,–,3.27
W,W24X335,W24X335,T,335.0,98.3,27.5,27.5,–,–,–,13.5,13.5,–,–,–,1.38,1.375,0.6875,2.48,2.5,–,–,–,2.98,3.75,1.875,–,–,–,–,–,2.73,–,–,15.6,–,–,11900.0,1020.0,864.0,11.0,1030.0,238.0,152.0,3.23,–,,–,152,161000,–,84.4,707,–,–,188,506,–,–,–,–,–,–,–,–,–,–,–,–,–,–,–,–,3.86,25,91.5,–,105,68.5,82,20,5.5,–,W610X498,W610X498,498.0,63400,699,698,–,–,–,343,343,–,–,–,35.1,34.9,17.5,63,63.5,–,–,–,75.7,95.3,47.6,–,–,–,–,–,2.73,–,–,15.6,–,–,4950.0,16700.0,14200.0,279.0,429.0,3900.0,2490.0,82.0,–,–,–,63300,43200,–,54500,294,–,–,3080,8290,–,–,–,–,–,–,–,–,–,–,–,–,–,–,–,–,98,635,2320,–,2670,1740,2080,508,140,–,3.23
W,W24X306,W24X306,T,306.0,89.7,27.1,27.125,–,–,–,13.4,13.375,–,–,–,1.26,1.25,0.625,2.28,2.25,–,–,–,2.78,3.5625,1.8125,–,–,–,–,–,2.94,–,–,17.1,–,–,10700.0,922.0,789.0,10.9,919.0,214.0,137.0,3.2,–,,–,117,142000,–,83.1,635,–,–,172,459,–,–,–,–,–,–,–,–,–,–,–,–,–,–,–,–,3.81,24.8,90.6,–,104,67.6,81,20,5.5,–,W610X455,W610X455,455.0,57900,688,689,–,–,–,340,340,–,–,–,32,31.8,15.9,57.9,57.2,–,–,–,70.6,90.5,46,–,–,–,–,–,2.94,–,–,17.1,–,–,4450.0,15100.0,12900.0,277.0,383.0,3510.0,2250.0,81.3,–,–,–,48700,38100,–,53600,264,–,–,2820,7520,–,–,–,–,–,–,–,–,–,–,–,–,–,–,–,–,96.8,630,2300,–,2640,1720,2060,508,140,–,3.2
W,W24X279,W24X279,T,279.0,81.9,26.7,26.75,–,–,–,13.3,13.25,–,–,–,1.16,1.1875,0.625,2.09,2.0625,–,–,–,2.59,3.375,1.8125,–,–,–,–,–,3.18,–,–,18.6,–,–,9600.0,835.0,718.0,10.8,823.0,193.0,124.0,3.17,–,,–,90.5,125000,–,81.8,569,–,–,156,416,–,–,–,–,–,–,–,–,–,–,–,–,–,–,–,–,3.76,24.6,89.7,–,103,66.7,80,20,5.5,–,W610X415,W610X415,415.0,52800,678,679,–,–,–,338,337,–,–,–,29.5,30.2,15.9,53.1,52.4,–,–,–,65.8,85.7,46,–,–,–,–,–,3.18,–,–,18.6,–,–,4000.0,13700.0,11800.0,274.0,343.0,3160.0,2030.0,80.5,–,–,–,37700,33600,–,52800,237,–,–,2560,6820,–,–,–,–,–,–,–,–,–,–,–,–,–,–,–,–,95.5,625,2280,–,2620,1690,2030,508,140,–,3.17
W,W24X250,W24X250,F,250.0,73.5,26.3,26.375,–,–,–,13.2,13.125,–,–,–,1.04,1.0625,0.5625,1.89,1.875,–,–,–,2.39,3.125,1.75,–,–,–,–,–,3.49,–,–,20.7,–,–,8490.0,744.0,644.0,10.7,724.0,171.0,110.0,3.14,–,,–,66.6,108000,–,80.6,502,–,–,140,370,–,–,–,–,–,–,–,–,–,–,–,–,–,–,–,–,3.71,24.4,88.8,–,102,65.8,79,20,5.5,–,W610X372,W610X372,372.0,47400,668,670,–,–,–,335,333,–,–,–,26.4,27,14.3,48,47.6,–,–,–,60.7,79.4,44.5,–,–,–,–,–,3.49,–,–,20.7,–,–,3530.0,12200.0,10600.0,272.0,301.0,2800.0,1800.0,79.8,–,–,–,27700,29000,–,52000,209,–,–,2290,6060,–,–,–,–,–,–,–,–,–,–,–,–,–,–,–,–,94.2,620,2260,–,2590,1670,2010,508,140,–,3.14
W,W24X229,W24X229,F,229.0,67.2,26,26,–,–,–,13.1,13.125,–,–,–,0.96,0.9375,0.5,1.73,1.75,–,–,–,2.23,3,1.6875,–,–,–,–,–,3.79,–,–,22.5,–,–,7650.0,675.0,588.0,10.7,651.0,154.0,99.4,3.11,–,,–,51.3,96100,–,79.5,450,–,–,127,336,–,–,–,–,–,–,–,–,–,–,–,–,–,–,–,–,3.67,24.3,88.9,–,102,65.1,78.2,20,5.5,–,W610X341,W610X341,341.0,43400,660,660,–,–,–,333,333,–,–,–,24.4,23.8,12.7,43.9,44.4,–,–,–,56.6,76.2,42.9,–,–,–,–,–,3.79,–,–,22.5,–,–,3180.0,11100.0,9640.0,272.0,271.0,2520.0,1630.0,79.0,–,–,–,21400,25800,–,51300,187,–,–,2080,5510,–,–,–,–,–,–,–,–,–,–,–,–,–,–,–,–,93.2,617,2260,–,2590,1650,1990,508,140,–,3.11
W,W24X207,W24X207,F,207.0,60.7,25.7,25.75,–,–,–,13,13,–,–,–,0.87,0.875,0.4375,1.57,1.5625,–,–,–,2.07,2.875,1.625,–,–,–,–,–,4.14,–,–,24.8,–,–,6820.0,606.0,531.0,10.6,578.0,137.0,88.8,3.08,–,,–,38.3,84100,–,78.4,400,–,–,115,302,–,–,–,–,–,–,–,–,–,–,–,–,–,–,–,–,3.62,24.1,88,–,101,64.4,77.4,20,5.5,–,W610X307,W610X307,307.0,39200,653,654,–,–,–,330,330,–,–,–,22.1,22.2,11.1,39.9,39.7,–,–,–,52.6,73,41.3,–,–,–,–,–,4.14,–,–,24.8,–,–,2840.0,9930.0,8700.0,269.0,241.0,2250.0,1460.0,78.2,–,–,–,15900,22600,–,50600,166,–,–,1880,4950,–,–,–,–,–,–,–,–,–,–,–,–,–,–,–,–,91.9,612,2240,–,2570,1640,1970,508,140,–,3.08
W,W24X192,W24X192,F,192.0,56.5,25.5,25.5,–,–,–,13,13,–,–,–,0.81,0.8125,0.4375,1.46,1.4375,–,–,–,1.96,2.75,1.625,–,–,–,–,–,4.43,–,–,26.6,–,–,6260.0,559.0,491.0,10.5,530.0,126.0,81.8,3.07,–,,–,30.8,76300,–,78.1,371,–,–,107,280,–,–,–,–,–,–,–,–,–,–,–,–,–,–,–,–,3.6,24,88,–,101,64,77,20,5.5,–,W610X285,W610X285,285.0,36500,648,648,–,–,–,330,330,–,–,–,20.6,20.6,11.1,37.1,36.5,–,–,–,49.8,69.9,41.3,–,–,–,–,–,4.43,–,–,26.6,–,–,2610.0,9160.0,8050.0,267.0,221.0,2060.0,1340.0,78.0,–,–,–,12800,20500,–,50400,154,–,–,1750,4590,–,–,–,–,–,–,–,–,–,–,–,–,–,–,–,–,91.4,610,2240,–,2570,1630,1960,508,140,–,3.07
W,W24X176,W24X176,F,176.0,51.7,25.2,25.25,–,–,–,12.9,12.875,–,–,–,0.75,0.75,0.375,1.34,1.3125,–,–,–,1.84,2.625,1.5625,–,–,–,–,–,4.81,–,–,28.7,–,–,5680.0,511.0,450.0,10.5,479.0,115.0,74.3,3.04,–,,–,23.9,68400,–,76.9,333,–,–,97.1,254,–,–,–,–,–,–,–,–,–,–,–,–,–,–,–,–,3.57,23.9,86.7,–,99.6,63.3,76.2,20,5.5,–,W610X262,W610X262,262.0,33400,640,641,–,–,–,328,327,–,–,–,19.1,19,9.52,34,33.3,–,–,–,46.7,66.7,39.7,–,–,–,–,–,4.81,–,–,28.7,–,–,2360.0,8370.0,7370.0,267.0,199.0,1880.0,1220.0,77.2,–,–,–,9950,18400,–,49600,139,–,–,1590,4160,–,–,–,–,–,–,–,–,–,–,–,–,–,–,–,–,90.7,607,2200,–,2530,1610,1940,508,140,–,3.04
W,W24X162,W24X162,F,162.0,47.8,25,25,–,–,–,13,13,–,–,–,0.705,0.6875,0.375,1.22,1.25,–,–,–,1.72,2.5,1.5625,–,–,–,–,–,5.31,–,–,30.6,–,–,5170.0,468.0,414.0,10.4,443.0,105.0,68.4,3.05,–,,–,18.5,62600,–,77.3,306,–,–,89.2,233,–,–,–,–,–,–,–,–,–,–,–,–,–,–,–,–,3.57,23.8,86.7,–,99.7,63,76,20,5.5,–,W610X241,W610X241,241.0,30800,635,635,–,–,–,330,330,–,–,–,17.9,17.5,9.52,31,31.8,–,–,–,43.7,63.5,39.7,–,–,–,–,–,5.31,–,–,30.6,–,–,2150.0,7670.0,6780.0,264.0,184.0,1720.0,1120.0,77.5,–,–,–,7700,16800,–,49900,127,–,–,1460,3820,–,–,–,–,–,–,–,–,–,–,–,–,–,–,–,–,90.7,605,2200,–,2530,1600,1930,508,140,–,3.05
W,W24X146,W24X146,F,146.0,43.0,24.7,24.75,–,–,–,12.9,12.875,–,–,–,0.65,0.625,0.3125,1.09,1.0625,–,–,–,1.59,2.375,1.5625,–,–,–,–,–,5.92,–,–,33.2,–,–,4580.0,418.0,371.0,10.3,391.0,93.2,60.5,3.01,–,,–,13.4,54600,–,76.1,268,–,–,78.8,207,–,–,–,–,–,–,–,–,–,–,–,–,–,–,–,–,3.53,23.6,85.9,–,98.8,62.3,75.2,20,5.5,–,W610X217,W610X217,217.0,27700,627,629,–,–,–,328,327,–,–,–,16.5,15.9,7.94,27.7,27,–,–,–,40.4,60.3,39.7,–,–,–,–,–,5.92,–,–,33.2,–,–,1910.0,6850.0,6080.0,262.0,163.0,1530.0,991.0,76.5,–,–,–,5580,14700,–,49100,112,–,–,1290,3390,–,–,–,–,–,–,–,–,–,–,–,–,–,–,–,–,89.7,599,2180,–,2510,1580,1910,508,140,–,3.01
W,W24X131,W24X131,F,131.0,38.6,24.5,24.5,–,–,–,12.9,12.875,–,–,–,0.605,0.625,0.3125,0.96,0.9375,–,–,–,1.46,2.25,1.5,–,–,–,–,–,6.7,–,–,35.6,–,–,4020.0,370.0,329.0,10.2,340.0,81.5,53.0,2.97,–,,–,9.5,47100,–,75.9,235,–,–,69.5,184,–,–,–,–,–,–,–,–,–,–,–,–,–,–,–,–,3.49,23.5,85.6,–,98.5,61.9,74.8,20,5.5,–,W610X195,W610X195,195.0,24900,622,622,–,–,–,328,327,–,–,–,15.4,15.9,7.94,24.4,23.8,–,–,–,37.1,57.2,38.1,–,–,–,–,–,6.7,–,–,35.6,–,–,1670.0,6060.0,5390.0,259.0,142.0,1340.0,869.0,75.4,–,–,–,3950,12600,–,49000,97.8,–,–,1140,3020,–,–,–,–,–,–,–,–,–,–,–,–,–,–,–,–,88.6,597,2170,–,2500,1570,1900,508,140,–,2.97
W,W24X117,W24X117,F,117.0,34.4,24.3,24.25,–,–,–,12.8,12.75,–,–,–,0.55,0.5625,0.3125,0.85,0.875,–,–,–,1.35,2.125,1.5,–,–,–,–,–,7.53,–,–,39.2,–,–,3540.0,327.0,291.0,10.1,297.0,71.4,46.5,2.94,–,,–,6.72,40800,–,75,204,–,–,61,163,–,–,–,–,–,–,–,–,–,–,–,–,–,–,–,–,3.46,23.5,85,–,97.8,61.4,74.2,20,5.5,–,W610X174,W610X174,174.0,22200,617,616,–,–,–,325,324,–,–,–,14,14.3,7.94,21.6,22.2,–,–,–,34.3,54,38.1,–,–,–,–,–,7.53,–,–,39.2,–,–,1470.0,5360.0,4770.0,257.0,124.0,1170.0,762.0,74.7,–,–,–,2800,11000,–,48400,84.9,–,–,1000,2670,–,–,–,–,–,–,–,–,–,–,–,–,–,–,–,–,87.9,597,2160,–,2480,1560,1880,508,140,–,2.94
W,W24X104,W24X104,F,104.0,30.7,24.1,24,–,–,–,12.8,12.75,–,–,–,0.5,0.5,0.25,0.75,0.75,–,–,–,1.25,2.0625,1.4375,–,–,–,–,–,8.5,–,–,43.1,–,–,3100.0,289.0,258.0,10.1,259.0,62.4,40.7,2.91,–,,–,4.72,35200,–,74.7,179,–,–,53.9,144,–,–,–,–,–,–,–,–,–,–,–,–,–,–,–,–,3.42,23.4,84.7,–,97.5,61,73.8,20,5.5,–,W610X155,W610X155,155.0,19800,612,610,–,–,–,325,324,–,–,–,12.7,12.7,6.35,19.1,19,–,–,–,31.8,52.4,36.5,–,–,–,–,–,8.5,–,–,43.1,–,–,1290.0,4740.0,4230.0,257.0,108.0,1020.0,667.0,73.9,–,–,–,1960,9450,–,48200,74.5,–,–,883,2360,–,–,–,–,–,–,–,–,–,–,–,–,–,–,–,–,86.9,594,2150,–,2480,1550,1870,508,140,–,2.91
W,W24X103,W24X103,F,103.0,30.3,24.5,24.5,–,–,–,9,9,–,–,–,0.55,0.5625,0.3125,0.98,1,–,–,–,1.48,2.25,1.5,–,–,–,–,–,4.59,–,–,39.2,–,–,3000.0,280.0,245.0,10.0,119.0,41.5,26.5,1.99,–,,–,7.07,16600,–,52.9,117,–,–,48.7,139,–,–,–,–,–,–,–,–,–,–,–,–,–,–,–,–,2.4,23.5,74,–,83,58,67,20,5.5,–,W610X153,W610X153,153.0,19500,622,622,–,–,–,229,229,–,–,–,14,14.3,7.94,24.9,25.4,–,–,–,37.6,57.2,38.1,–,–,–,–,–,4.59,–,–,39.2,–,–,1250.0,4590.0,4010.0,254.0,49.5,680.0,434.0,50.5,–,–,–,2940,4460,–,34100,48.7,–,–,798,2280,–,–,–,–,–,–,–,–,–,–,–,–,–,–,–,–,61,597,1880,–,2110,1470,1700,508,140,–,1.99
W,W24X94,W24X94,F,94.0,27.7,24.3,24.25,–,–,–,9.07,9.125,–,–,–,0.515,0.5,0.25,0.875,0.875,–,–,–,1.38,2.125,1.4375,–,–,–,–,–,5.18,–,–,41.9,–,–,2700.0,254.0,222.0,9.87,109.0,37.5,24.0,1.98,–,,–,5.26,15000,–,53.1,105,–,–,43.8,126,–,–,–,–,–,–,–,–,–,–,–,–,–,–,–,–,2.4,23.4,73.9,–,83,57.7,66.7,20,5.5,–,W610X140,W610X140,140.0,17900,617,616,–,–,–,230,232,–,–,–,13.1,12.7,6.35,22.2,22.2,–,–,–,35.1,54,36.5,–,–,–,–,–,5.18,–,–,41.9,–,–,1120.0,4160.0,3640.0,251.0,45.4,615.0,393.0,50.3,–,–,–,2190,4030,–,34300,43.7,–,–,718,2060,–,–,–,–,–,–,–,–,–,–,–,–,–,–,–,–,61,594,1880,–,2110,1470,1690,508,140,–,1.98
W,W24X84,W24X84,F,84.0,24.7,24.1,24.125,–,–,–,9.02,9,–,–,–,0.47,0.5,0.25,0.77,0.75,–,–,–,1.27,2.0625,1.4375,–,–,–,–,–,5.86,–,–,45.9,–,–,2370.0,224.0,196.0,9.79,94.4,32.6,20.9,1.95,–,,–,3.7,12800,–,52.6,91.3,–,–,38.4,111,–,–,–,–,–,–,–,–,–,–,–,–,–,–,–,–,2.37,23.3,73.5,–,82.5,57.2,66.2,20,5.5,–,W610X125,W610X125,125.0,15900,612,613,–,–,–,229,229,–,–,–,11.9,12.7,6.35,19.6,19,–,–,–,32.3,52.4,36.5,–,–,–,–,–,5.86,–,–,45.9,–,–,986.0,3670.0,3210.0,249.0,39.3,534.0,342.0,49.5,–,–,–,1540,3440,–,33900,38,–,–,629,1820,–,–,–,–,–,–,–,–,–,–,–,–,–,–,–,–,60.2,592,1870,–,2100,1450,1680,508,140,–,1.95
W,W24X76,W24X76,F,76.0,22.4,23.9,23.875,–,–,–,8.99,9,–,–,–,0.44,0.4375,0.25,0.68,0.6875,–,–,–,1.18,1.9375,1.4375,–,–,–,–,–,6.61,–,–,49,–,–,2100.0,200.0,176.0,9.69,82.5,28.6,18.4,1.92,–,,–,2.68,11100,–,52.2,79.8,–,–,33.8,98.9,–,–,–,–,–,–,–,–,–,–,–,–,–,–,–,–,2.33,23.2,73,–,82,56.8,65.8,20,5.5,–,W610X113,W610X113,113.0,14500,607,606,–,–,–,228,229,–,–,–,11.2,11.1,6.35,17.3,17.5,–,–,–,30,49.2,36.5,–,–,–,–,–,6.61,–,–,49,–,–,874.0,3280.0,2880.0,246.0,34.3,469.0,302.0,48.8,–,–,–,1120,2980,–,33700,33.2,–,–,554,1620,–,–,–,–,–,–,–,–,–,–,–,–,–,–,–,–,59.2,589,1850,–,2080,1440,1670,508,140,–,1.92
W,W24X68,W24X68,F,68.0,20.1,23.7,23.75,–,–,–,8.97,9,–,–,–,0.415,0.4375,0.25,0.585,0.5625,–,–,–,1.09,1.875,1.4375,–,–,–,–,–,7.66,–,–,52,–,–,1830.0,177.0,154.0,9.55,70.4,24.5,15.7,1.87,–,,–,1.87,9430,–,51.8,68,–,–,28.9,87,–,–,–,–,–,–,–,–,–,–,–,–,–,–,–,–,2.3,23.1,72.6,–,81.6,56.4,65.3,20,5.5,–,W610X101,W610X101,101.0,13000,602,603,–,–,–,228,229,–,–,–,10.5,11.1,6.35,14.9,14.3,–,–,–,27.7,47.6,36.5,–,–,–,–,–,7.66,–,–,52,–,–,762.0,2900.0,2520.0,243.0,29.3,401.0,257.0,47.5,–,–,–,778,2530,–,33400,28.3,–,–,474,1430,–,–,–,–,–,–,–,–,–,–,–,–,–,–,–,–,58.4,587,1840,–,2070,1430,1660,508,140,–,1.87
W,W24X62,W24X62,F,62.0,18.2,23.7,23.75,–,–,–,7.04,7,–,–,–,0.43,0.4375,0.25,0.59,0.5625,–,–,–,1.09,1.5,1.0625,–,–,–,–,–,5.97,–,–,50.1,–,–,1550.0,153.0,131.0,9.23,34.5,15.7,9.8,1.38,–,,–,1.71,4620,–,40.7,42.2,–,–,22.5,75.3,–,–,–,–,–,–,–,–,–,–,–,–,–,–,–,–,1.75,23.1,66.8,–,73.8,54.4,61.5,20.75,3.5,–,W610X92,W610X92,92.0,11700,602,603,–,–,–,179,178,–,–,–,10.9,11.1,6.35,15,14.3,–,–,–,27.7,38.1,27,–,–,–,–,–,5.97,–,–,50.1,–,–,645.0,2510.0,2150.0,234.0,14.4,257.0,161.0,35.1,–,–,–,712,1240,–,26300,17.6,–,–,369,1230,–,–,–,–,–,–,–,–,–,–,–,–,–,–,–,–,44.4,587,1700,–,1870,1380,1560,527,88.9,–,1.38
W,W24X55,W24X55,F,55.0,16.2,23.6,23.625,–,–,–,7.01,7,–,–,–,0.395,0.375,0.1875,0.505,0.5,–,–,–,1.01,1.4375,1,–,–,–,–,–,6.94,–,–,54.6,–,–,1350.0,134.0,114.0,9.11,29.1,13.3,8.3,1.34,–,,–,1.18,3870,–,40.5,35.8,–,–,19.3,66.1,–,–,–,–,–,–,–,–,–,–,–,–,–,–,–,–,1.72,23.1,66.6,–,73.6,54.2,61.2,20.75,3.5,–,W610X82,W610X82,82.0,10500,599,600,–,–,–,178,178,–,–,–,10,9.52,4.76,12.8,12.7,–,–,–,25.7,36.5,25.4,–,–,–,–,–,6.94,–,–,54.6,–,–,562.0,2200.0,1870.0,231.0,12.1,218.0,136.0,34.0,–,–,–,491,1040,–,26100,14.9,–,–,316,1080,–,–,–,–,–,–,–,–,–,–,–,–,–,–,–,–,43.7,587,1690,–,1870,1380,1550,527,88.9,–,1.34
W,W21X275,W21X275,T,275.0,81.8,24.1,24.125,–,–,–,12.9,12.875,–,–,–,1.22,1.25,0.625,2.19,2.1875,–,–,–,3.37,3.4375,1.8125,–,–,–,–,–,2.95,–,–,14.2,–,–,7690.0,749.0,638.0,9.7,787.0,191.0,122.0,3.1,–,,–,107,94400,–,70.7,499,–,–,140,369,–,–,–,–,–,–,–,–,–,–,–,–,–,–,–,–,3.68,21.9,82.4,–,95.3,61.1,74,17.25,5.5,–,W530X409,W530X409,409.0,52800,612,613,–,–,–,328,327,–,–,–,31,31.8,15.9,55.6,55.6,–,–,–,85.6,87.3,46,–,–,–,–,–,2.95,–,–,14.2,–,–,3200.0,12300.0,10500.0,246.0,328.0,3130.0,2000.0,78.7,–,–,–,44500,25400,–,45600,208,–,–,2290,6050,–,–,–,–,–,–,–,–,–,–,–,–,–,–,–,–,93.5,556,2090,–,2420,1550,1880,438,140,–,3.1
W,W21X248,W21X248,F,248.0,73.8,23.7,23.75,–,–,–,12.8,12.75,–,–,–,1.1,1.125,0.5625,1.99,2,–,–,–,3.17,3.25,1.75,–,–,–,–,–,3.22,–,–,15.8,–,–,6830.0,671.0,576.0,9.62,699.0,170.0,109.0,3.08,–,,–,80.7,82400,–,69.5,442,–,–,126,330,–,–,–,–,–,–,–,–,–,–,–,–,–,–,–,–,3.63,21.7,81.6,–,94.4,60.2,73,17.25,5.5,–,W530X369,W530X369,369.0,47600,602,603,–,–,–,325,324,–,–,–,27.9,28.6,14.3,50.5,50.8,–,–,–,80.5,82.6,44.5,–,–,–,–,–,3.22,–,–,15.8,–,–,2840.0,11000.0,9440.0,244.0,291.0,2790.0,1790.0,78.2,–,–,–,33600,22100,–,44800,184,–,–,2070,5410,–,–,–,–,–,–,–,–,–,–,–,–,–,–,–,–,92.2,551,2070,–,2400,1530,1850,438,140,–,3.08
W,W21X223,W21X223,F,223.0,66.5,23.4,23.375,–,–,–,12.7,12.625,–,–,–,1,1,0.5,1.79,1.8125,–,–,–,2.9699999999999998,3.0625,1.6875,–,–,–,–,–,3.55,–,–,17.5,–,–,6080.0,601.0,520.0,9.56,614.0,150.0,96.7,3.04,–,,–,59.5,71700,–,68.6,390,–,–,113,295,–,–,–,–,–,–,–,–,–,–,–,–,–,–,–,–,3.57,21.6,80.9,–,93.6,59.5,72.2,17.25,5.5,–,W530X332,W530X332,332.0,42900,594,594,–,–,–,323,321,–,–,–,25.4,25.4,12.7,45.5,46,–,–,–,75.4,77.8,42.9,–,–,–,–,–,3.55,–,–,17.5,–,–,2530.0,9850.0,8520.0,243.0,256.0,2460.0,1580.0,77.2,–,–,–,24800,19300,–,44300,162,–,–,1850,4840,–,–,–,–,–,–,–,–,–,–,–,–,–,–,–,–,90.7,549,2050,–,2380,1510,1830,438,140,–,3.04
W,W21X201,W21X201,F,201.0,59.3,23,23,–,–,–,12.6,12.625,–,–,–,0.91,0.9375,0.5,1.63,1.625,–,–,–,2.13,2.875,1.6875,–,–,–,–,–,3.86,–,–,20.6,–,–,5310.0,530.0,461.0,9.47,542.0,133.0,86.1,3.02,–,,–,40.9,62000,–,67.3,346,–,–,102,264,–,–,–,–,–,–,–,–,–,–,–,–,–,–,–,–,3.55,21.4,81.1,–,93.7,58.6,71.2,17.25,5.5,–,W530X300,W530X300,300.0,38300,584,584,–,–,–,320,321,–,–,–,23.1,23.8,12.7,41.4,41.3,–,–,–,54.1,73,42.9,–,–,–,–,–,3.86,–,–,20.6,–,–,2210.0,8690.0,7550.0,241.0,226.0,2180.0,1410.0,76.7,–,–,–,17000,16600,–,43400,144,–,–,1670,4330,–,–,–,–,–,–,–,–,–,–,–,–,–,–,–,–,90.2,544,2060,–,2380,1490,1810,438,140,–,3.02
W,W21X182,W21X182,F,182.0,53.6,22.7,22.75,–,–,–,12.5,12.5,–,–,–,0.83,0.8125,0.4375,1.48,1.5,–,–,–,1.98,2.75,1.625,–,–,–,–,–,4.22,–,–,22.6,–,–,4730.0,476.0,417.0,9.4,483.0,119.0,77.2,3.0,–,,–,30.7,54400,–,66.3,307,–,–,91.6,237,–,–,–,–,–,–,–,–,–,–,–,–,–,–,–,–,3.51,21.2,80.4,–,92.9,57.9,70.4,17.25,5.5,–,W530X272,W530X272,272.0,34600,577,578,–,–,–,318,318,–,–,–,21.1,20.6,11.1,37.6,38.1,–,–,–,50.3,69.9,41.3,–,–,–,–,–,4.22,–,–,22.6,–,–,1970.0,7800.0,6830.0,239.0,201.0,1950.0,1270.0,76.2,–,–,–,12800,14600,–,42800,128,–,–,1500,3880,–,–,–,–,–,–,–,–,–,–,–,–,–,–,–,–,89.2,538,2040,–,2360,1470,1790,438,140,–,3.0
W,W21X166,W21X166,F,166.0,48.8,22.5,22.5,–,–,–,12.4,12.375,–,–,–,0.75,0.75,0.375,1.36,1.375,–,–,–,1.86,2.625,1.5625,–,–,–,–,–,4.57,–,–,25,–,–,4280.0,432.0,380.0,9.36,435.0,108.0,70.0,2.99,–,,–,23.6,48500,–,65.5,276,–,–,83.7,215,–,–,–,–,–,–,–,–,–,–,–,–,–,–,–,–,3.48,21.1,79.8,–,92.2,57.4,69.8,17.25,5.5,–,W530X248,W530X248,248.0,31500,572,572,–,–,–,315,314,–,–,–,19.1,19,9.52,34.5,34.9,–,–,–,47.2,66.7,39.7,–,–,–,–,–,4.57,–,–,25,–,–,1780.0,7080.0,6230.0,238.0,181.0,1770.0,1150.0,75.9,–,–,–,9820,13000,–,42300,115,–,–,1370,3520,–,–,–,–,–,–,–,–,–,–,–,–,–,–,–,–,88.4,536,2030,–,2340,1460,1770,438,140,–,2.99
W,W21X147,W21X147,F,147.0,43.2,22.1,22,–,–,–,12.5,12.5,–,–,–,0.72,0.75,0.375,1.15,1.125,–,–,–,1.65,2.4375,1.5625,–,–,–,–,–,5.44,–,–,26.1,–,–,3630.0,373.0,329.0,9.17,376.0,92.6,60.1,2.95,–,,–,15.4,41100,–,65.5,235,–,–,71,186,–,–,–,–,–,–,–,–,–,–,–,–,–,–,–,–,3.46,21,79.4,–,91.9,56.7,69.2,17.25,5.5,–,W530X219,W530X219,219.0,27900,561,559,–,–,–,318,318,–,–,–,18.3,19,9.52,29.2,28.6,–,–,–,41.9,61.9,39.7,–,–,–,–,–,5.44,–,–,26.1,–,–,1510.0,6110.0,5390.0,233.0,157.0,1520.0,985.0,74.9,–,–,–,6410,11000,–,42300,97.8,–,–,1160,3050,–,–,–,–,–,–,–,–,–,–,–,–,–,–,–,–,87.9,533,2020,–,2330,1440,1760,438,140,–,2.95
W,W21X132,W21X132,F,132.0,38.8,21.8,21.875,–,–,–,12.4,12.5,–,–,–,0.65,0.625,0.3125,1.04,1.0625,–,–,–,1.54,2.25,1.5625,–,–,–,–,–,6.01,–,–,28.9,–,–,3220.0,333.0,295.0,9.12,333.0,82.3,53.5,2.93,–,,–,11.3,36000,–,64.4,206,–,–,62.8,164,–,–,–,–,–,–,–,–,–,–,–,–,–,–,–,–,3.43,20.8,78.6,–,91,56,68.4,17.25,5.5,–,W530X196,W530X196,196.0,25000,554,556,–,–,–,315,318,–,–,–,16.5,15.9,7.94,26.4,27,–,–,–,39.1,57.2,39.7,–,–,–,–,–,6.01,–,–,28.9,–,–,1340.0,5460.0,4830.0,232.0,139.0,1350.0,877.0,74.4,–,–,–,4700,9670,–,41500,85.7,–,–,1030,2690,–,–,–,–,–,–,–,–,–,–,–,–,–,–,–,–,87.1,528,2000,–,2310,1420,1740,438,140,–,2.93
W,W21X122,W21X122,F,122.0,35.9,21.7,21.625,–,–,–,12.4,12.375,–,–,–,0.6,0.625,0.3125,0.96,0.9375,–,–,–,1.46,2.25,1.5,–,–,–,–,–,6.45,–,–,31.3,–,–,2960.0,307.0,273.0,9.09,305.0,75.6,49.2,2.92,–,,–,8.98,32700,–,64.3,191,–,–,58.7,153,–,–,–,–,–,–,–,–,–,–,–,–,–,–,–,–,3.4,20.7,78.5,–,90.9,55.8,68.2,17.25,5.5,–,W530X182,W530X182,182.0,23200,551,549,–,–,–,315,314,–,–,–,15.2,15.9,7.94,24.4,23.8,–,–,–,37.1,57.2,38.1,–,–,–,–,–,6.45,–,–,31.3,–,–,1230.0,5030.0,4470.0,231.0,127.0,1240.0,806.0,74.2,–,–,–,3740,8780,–,41500,79.5,–,–,962,2510,–,–,–,–,–,–,–,–,–,–,–,–,–,–,–,–,86.4,526,1990,–,2310,1420,1730,438,140,–,2.92
W,W21X111,W21X111,F,111.0,32.6,21.5,21.5,–,–,–,12.3,12.375,–,–,–,0.55,0.5625,0.3125,0.875,0.875,–,–,–,1.38,2.125,1.5,–,–,–,–,–,7.05,–,–,34.1,–,–,2670.0,279.0,249.0,9.05,274.0,68.2,44.5,2.9,–,,–,6.83,29200,–,63.4,171,–,–,53,138,–,–,–,–,–,–,–,–,–,–,–,–,–,–,–,–,3.37,20.6,77.9,–,90.2,55.3,67.6,17.25,5.5,–,W530X165,W530X165,165.0,21000,546,546,–,–,–,312,314,–,–,–,14,14.3,7.94,22.2,22.2,–,–,–,35.1,54,38.1,–,–,–,–,–,7.05,–,–,34.1,–,–,1110.0,4570.0,4080.0,230.0,114.0,1120.0,729.0,73.7,–,–,–,2840,7840,–,40900,71.2,–,–,869,2260,–,–,–,–,–,–,–,–,–,–,–,–,–,–,–,–,85.6,523,1980,–,2290,1400,1720,438,140,–,2.9
W,W21X101,W21X101,F,101.0,29.8,21.4,21.375,–,–,–,12.3,12.25,–,–,–,0.5,0.5,0.25,0.8,0.8125,–,–,–,1.3,2.0625,1.4375,–,–,–,–,–,7.68,–,–,37.5,–,–,2420.0,253.0,227.0,9.02,248.0,61.7,40.3,2.89,–,,–,5.21,26200,–,63.3,156,–,–,48.6,126,–,–,–,–,–,–,–,–,–,–,–,–,–,–,–,–,3.35,20.6,77.8,–,90.1,55.1,67.4,17.25,5.5,–,W530X150,W530X150,150.0,19200,544,543,–,–,–,312,311,–,–,–,12.7,12.7,6.35,20.3,20.6,–,–,–,33,52.4,36.5,–,–,–,–,–,7.68,–,–,37.5,–,–,1010.0,4150.0,3720.0,229.0,103.0,1010.0,660.0,73.4,–,–,–,2170,7040,–,40800,64.9,–,–,796,2060,–,–,–,–,–,–,–,–,–,–,–,–,–,–,–,–,85.1,523,1980,–,2290,1400,1710,438,140,–,2.89
W,W21X93,W21X93,F,93.0,27.3,21.6,21.625,–,–,–,8.42,8.375,–,–,–,0.58,0.5625,0.3125,0.93,0.9375,–,–,–,1.43,1.625,0.9375,–,–,–,–,–,4.53,–,–,32.3,–,–,2070.0,221.0,192.0,8.7,92.9,34.7,22.1,1.84,–,,–,6.03,9940,–,43.5,85.2,–,–,37.7,109,–,–,–,–,–,–,–,–,–,–,–,–,–,–,–,–,2.24,20.7,66.5,–,74.9,51.6,60,18.375,5.5,–,W530X138,W530X138,138.0,17600,549,549,–,–,–,214,213,–,–,–,14.7,14.3,7.94,23.6,23.8,–,–,–,36.3,41.3,23.8,–,–,–,–,–,4.53,–,–,32.3,–,–,862.0,3620.0,3150.0,221.0,38.7,569.0,362.0,46.7,–,–,–,2510,2670,–,28100,35.5,–,–,618,1790,–,–,–,–,–,–,–,–,–,–,–,–,–,–,–,–,56.9,526,1690,–,1900,1310,1520,467,140,–,1.84
W,W21X83,W21X83,F,83.0,24.4,21.4,21.375,–,–,–,8.36,8.375,–,–,–,0.515,0.5,0.25,0.835,0.8125,–,–,–,1.34,1.5,0.875,–,–,–,–,–,5,–,–,36.4,–,–,1830.0,196.0,171.0,8.67,81.4,30.5,19.5,1.83,–,,–,4.34,8630,–,43,75,–,–,33.7,96.8,–,–,–,–,–,–,–,–,–,–,–,–,–,–,–,–,2.21,20.6,66,–,74.4,51.2,59.5,18.375,5.5,–,W530X123,W530X123,123.0,15700,544,543,–,–,–,212,213,–,–,–,13.1,12.7,6.35,21.2,20.6,–,–,–,34,38.1,22.2,–,–,–,–,–,5,–,–,36.4,–,–,762.0,3210.0,2800.0,220.0,33.9,500.0,320.0,46.5,–,–,–,1810,2320,–,27700,31.2,–,–,552,1590,–,–,–,–,–,–,–,–,–,–,–,–,–,–,–,–,56.1,523,1680,–,1890,1300,1510,467,140,–,1.83
W,W21X73,W21X73,F,73.0,21.5,21.2,21.25,–,–,–,8.3,8.25,–,–,–,0.455,0.4375,0.25,0.74,0.75,–,–,–,1.24,1.4375,0.875,–,–,–,–,–,5.6,–,–,41.2,–,–,1600.0,172.0,151.0,8.64,70.6,26.6,17.0,1.81,–,,–,3.02,7410,–,42.5,65.2,–,–,29.7,85,–,–,–,–,–,–,–,–,–,–,–,–,–,–,–,–,2.19,20.5,65.5,–,73.8,50.7,59,18.375,5.5,–,W530X109,W530X109,109.0,13900,538,540,–,–,–,211,210,–,–,–,11.6,11.1,6.35,18.8,19,–,–,–,31.5,36.5,22.2,–,–,–,–,–,5.6,–,–,41.2,–,–,666.0,2820.0,2470.0,219.0,29.4,436.0,279.0,46.0,–,–,–,1260,1990,–,27400,27.1,–,–,487,1390,–,–,–,–,–,–,–,–,–,–,–,–,–,–,–,–,55.6,521,1660,–,1870,1290,1500,467,140,–,1.81
W,W21X68,W21X68,F,68.0,20.0,21.1,21.125,–,–,–,8.27,8.25,–,–,–,0.43,0.4375,0.25,0.685,0.6875,–,–,–,1.19,1.375,0.875,–,–,–,–,–,6.04,–,–,43.6,–,–,1480.0,160.0,140.0,8.6,64.7,24.4,15.7,1.8,–,,–,2.45,6760,–,42.2,59.8,–,–,27.4,78.7,–,–,–,–,–,–,–,–,–,–,–,–,–,–,–,–,2.17,20.4,65.3,–,73.6,50.5,58.7,18.375,5.5,–,W530X101,W530X101,101.0,12900,536,537,–,–,–,210,210,–,–,–,10.9,11.1,6.35,17.4,17.5,–,–,–,30.2,34.9,22.2,–,–,–,–,–,6.04,–,–,43.6,–,–,616.0,2620.0,2290.0,218.0,26.9,400.0,257.0,45.7,–,–,–,1020,1820,–,27200,24.9,–,–,449,1290,–,–,–,–,–,–,–,–,–,–,–,–,–,–,–,–,55.1,518,1660,–,1870,1280,1490,467,140,–,1.8
W,W21X62,W21X62,F,62.0,18.3,21,21,–,–,–,8.24,8.25,–,–,–,0.4,0.375,0.1875,0.615,0.625,–,–,–,1.12,1.3125,0.8125,–,–,–,–,–,6.7,–,–,46.9,–,–,1330.0,144.0,127.0,8.54,57.5,21.7,14.0,1.77,–,,–,1.83,5960,–,42,53.2,–,–,24.6,71.2,–,–,–,–,–,–,–,–,–,–,–,–,–,–,–,–,2.15,20.4,65.1,–,73.3,50.2,58.5,18.375,5.5,–,W530X92,W530X92,92.0,11800,533,533,–,–,–,209,210,–,–,–,10.2,9.52,4.76,15.6,15.9,–,–,–,28.4,33.3,20.6,–,–,–,–,–,6.7,–,–,46.9,–,–,554.0,2360.0,2080.0,217.0,23.9,356.0,229.0,45.0,–,–,–,762,1600,–,27100,22.1,–,–,403,1170,–,–,–,–,–,–,–,–,–,–,–,–,–,–,–,–,54.6,518,1650,–,1860,1280,1490,467,140,–,1.77
W,W21X55,W21X55,F,55.0,16.2,20.8,20.75,–,–,–,8.22,8.25,–,–,–,0.375,0.375,0.1875,0.522,0.5,–,–,–,1.02,1.1875,0.8125,–,–,–,–,–,7.87,–,–,50,–,–,1140.0,126.0,110.0,8.4,48.4,18.4,11.8,1.73,–,,–,1.24,4980,–,41.7,44.7,–,–,20.8,61.8,–,–,–,–,–,–,–,–,–,–,–,–,–,–,–,–,2.11,20.3,64.7,–,72.9,49.8,58,18.375,5.5,–,W530X82,W530X82,82.0,10500,528,527,–,–,–,209,210,–,–,–,9.53,9.52,4.76,13.3,12.7,–,–,–,25.9,30.2,20.6,–,–,–,–,–,7.87,–,–,50,–,–,475.0,2060.0,1800.0,213.0,20.1,302.0,193.0,43.9,–,–,–,516,1340,–,26900,18.6,–,–,341,1010,–,–,–,–,–,–,–,–,–,–,–,–,–,–,–,–,53.6,515,1640,–,1850,1260,1470,467,140,–,1.73
W,W21X48,W21X48,F,48.0,14.1,20.6,20.625,–,–,–,8.14,8.125,–,–,–,0.35,0.375,0.1875,0.43,0.4375,–,–,–,0.93,1.125,0.8125,–,–,–,–,–,9.47,–,–,53.6,–,–,959.0,107.0,93.0,8.24,38.7,14.9,9.52,1.66,–,,–,0.803,3950,–,41,35.9,–,–,16.9,52.3,–,–,–,–,–,–,–,–,–,–,–,–,–,–,–,–,2.05,20.2,64.1,–,72.2,49.3,57.5,18.375,5.5,–,W530X72,W530X72,72.0,9100,523,524,–,–,–,207,206,–,–,–,8.89,9.52,4.76,10.9,11.1,–,–,–,23.6,28.6,20.6,–,–,–,–,–,9.47,–,–,53.6,–,–,399.0,1750.0,1520.0,209.0,16.1,244.0,156.0,42.2,–,–,–,334,1060,–,26500,14.9,–,–,277,857,–,–,–,–,–,–,–,–,–,–,–,–,–,–,–,–,52.1,513,1630,–,1830,1250,1460,467,140,–,1.66
W,W21X57,W21X57,F,57.0,16.7,21.1,21,–,–,–,6.56,6.5,–,–,–,0.405,0.375,0.1875,0.65,0.625,–,–,–,1.15,1.3125,0.8125,–,–,–,–,–,5.04,–,–,46.3,–,–,1170.0,129.0,111.0,8.36,30.6,14.8,9.35,1.35,–,,–,1.77,3190,–,33.5,35.8,–,–,20.5,63.4,–,–,–,–,–,–,–,–,–,–,–,–,–,–,–,–,1.68,20.5,60.2,–,66.8,48.8,55.3,18.375,3.5,–,W530X85,W530X85,85.0,10800,536,533,–,–,–,167,165,–,–,–,10.3,9.52,4.76,16.5,15.9,–,–,–,29.2,33.3,20.6,–,–,–,–,–,5.04,–,–,46.3,–,–,487.0,2110.0,1820.0,212.0,12.7,243.0,153.0,34.3,–,–,–,737,857,–,21600,14.9,–,–,336,1040,–,–,–,–,–,–,–,–,–,–,–,–,–,–,–,–,42.7,521,1530,–,1700,1240,1400,467,88.9,–,1.35
W,W21X50,W21X50,F,50.0,14.7,20.8,20.875,–,–,–,6.53,6.5,–,–,–,0.38,0.375,0.1875,0.535,0.5625,–,–,–,1.04,1.25,0.8125,–,–,–,–,–,6.1,–,–,49.4,–,–,984.0,110.0,94.5,8.18,24.9,12.2,7.64,1.3,–,,–,1.14,2570,–,33.1,28.9,–,–,16.7,53.9,–,–,–,–,–,–,–,–,–,–,–,–,–,–,–,–,1.64,20.3,59.6,–,66.1,48.1,54.7,18.375,3.5,–,W530X74,W530X74,74.0,9480,528,530,–,–,–,166,165,–,–,–,9.65,9.52,4.76,13.6,14.3,–,–,–,26.4,31.8,20.6,–,–,–,–,–,6.1,–,–,49.4,–,–,410.0,1800.0,1550.0,208.0,10.4,200.0,125.0,33.0,–,–,–,475,690,–,21400,12,–,–,274,883,–,–,–,–,–,–,–,–,–,–,–,–,–,–,–,–,41.7,516,1510,–,1680,1220,1390,467,88.9,–,1.3
W,W21X44,W21X44,F,44.0,13.0,20.7,20.625,–,–,–,6.5,6.5,–,–,–,0.35,0.375,0.1875,0.45,0.4375,–,–,–,0.95,1.125,0.8125,–,–,–,–,–,7.22,–,–,53.6,–,–,843.0,95.4,81.6,8.06,20.7,10.2,6.37,1.26,–,,–,0.77,2110,–,32.9,24.1,–,–,14,46.8,–,–,–,–,–,–,–,–,–,–,–,–,–,–,–,–,1.6,20.3,59.3,–,65.8,47.9,54.4,18.375,3.5,–,W530X66,W530X66,66.0,8390,526,524,–,–,–,165,165,–,–,–,8.89,9.52,4.76,11.4,11.1,–,–,–,24.1,28.6,20.6,–,–,–,–,–,7.22,–,–,53.6,–,–,351.0,1560.0,1340.0,205.0,8.62,167.0,104.0,32.0,–,–,–,320,567,–,21200,10,–,–,229,767,–,–,–,–,–,–,–,–,–,–,–,–,–,–,–,–,40.6,516,1510,–,1670,1220,1380,467,88.9,–,1.26
W,W18X311,W18X311,T,311.0,91.6,22.3,22.375,–,–,–,12,12,–,–,–,1.52,1.5,0.75,2.74,2.75,–,–,–,3.24,3.5625,1.5625,–,–,–,–,–,2.19,–,–,10.4,–,–,6970.0,754.0,624.0,8.72,795.0,207.0,132.0,2.95,–,,–,176,76200,–,58.7,482,–,–,140,375,–,–,–,–,–,–,–,–,–,–,–,–,–,–,–,–,3.53,19.6,76.7,–,88.7,56.6,68.6,15.125,5.5,–,W460X464,W460X464,464.0,59100,566,568,–,–,–,305,305,–,–,–,38.6,38.1,19,69.6,69.8,–,–,–,82.3,90.5,39.7,–,–,–,–,–,2.19,–,–,10.4,–,–,2900.0,12400.0,10200.0,221.0,331.0,3390.0,2160.0,74.9,–,–,–,73300,20500,–,37900,201,–,–,2290,6150,–,–,–,–,–,–,–,–,–,–,–,–,–,–,–,–,89.7,498,1950,–,2250,1440,1740,384,140,–,2.95
W,W18X283,W18X283,T,283.0,83.3,21.9,21.875,–,–,–,11.9,11.875,–,–,–,1.4,1.375,0.6875,2.5,2.5,–,–,–,3,3.375,1.5,–,–,–,–,–,2.38,–,–,11.3,–,–,6170.0,676.0,565.0,8.61,704.0,185.0,118.0,2.91,–,,–,134,65900,–,57.7,429,–,–,127,339,–,–,–,–,–,–,–,–,–,–,–,–,–,–,–,–,3.47,19.4,75.8,–,87.7,55.7,67.6,15.125,5.5,–,W460X421,W460X421,421.0,53700,556,556,–,–,–,302,302,–,–,–,35.6,34.9,17.5,63.5,63.5,–,–,–,76.2,85.7,38.1,–,–,–,–,–,2.38,–,–,11.3,–,–,2570.0,11100.0,9260.0,219.0,293.0,3030.0,1930.0,73.9,–,–,–,55800,17700,–,37200,179,–,–,2080,5560,–,–,–,–,–,–,–,–,–,–,–,–,–,–,–,–,88.1,493,1930,–,2230,1410,1720,384,140,–,2.91
W,W18X258,W18X258,T,258.0,76.0,21.5,21.5,–,–,–,11.8,11.75,–,–,–,1.28,1.25,0.625,2.3,2.3125,–,–,–,2.7,3.1875,1.4375,–,–,–,–,–,2.56,–,–,12.5,–,–,5510.0,611.0,514.0,8.53,628.0,166.0,107.0,2.88,–,,–,103,57600,–,56.6,384,–,–,116,306,–,–,–,–,–,–,–,–,–,–,–,–,–,–,–,–,3.42,19.2,75.1,–,86.9,54.8,66.6,15.125,5.5,–,W460X384,W460X384,384.0,49000,546,546,–,–,–,300,298,–,–,–,32.5,31.8,15.9,58.4,58.7,–,–,–,68.6,81,36.5,–,–,–,–,–,2.56,–,–,12.5,–,–,2290.0,10000.0,8420.0,217.0,261.0,2720.0,1750.0,73.2,–,–,–,42900,15500,–,36500,160,–,–,1900,5010,–,–,–,–,–,–,–,–,–,–,–,–,–,–,–,–,86.9,488,1910,–,2210,1390,1690,384,140,–,2.88
W,W18X234,W18X234,T,234.0,68.6,21.1,21,–,–,–,11.7,11.625,–,–,–,1.16,1.1875,0.625,2.11,2.125,–,–,–,2.51,3,1.375,–,–,–,–,–,2.76,–,–,13.8,–,–,4900.0,549.0,466.0,8.44,558.0,149.0,95.8,2.85,–,,–,78.7,50100,–,55.5,343,–,–,106,276,–,–,–,–,–,–,–,–,–,–,–,–,–,–,–,–,3.37,19,74.3,–,86,53.9,65.6,15.125,5.5,–,W460X349,W460X349,349.0,44300,536,533,–,–,–,297,295,–,–,–,29.5,30.2,15.9,53.6,54,–,–,–,63.8,76.2,34.9,–,–,–,–,–,2.76,–,–,13.8,–,–,2040.0,9000.0,7640.0,214.0,232.0,2440.0,1570.0,72.4,–,–,–,32800,13500,–,35800,143,–,–,1740,4520,–,–,–,–,–,–,–,–,–,–,–,–,–,–,–,–,85.6,483,1890,–,2180,1370,1670,384,140,–,2.85
W,W18X211,W18X211,F,211.0,62.3,20.7,20.625,–,–,–,11.6,11.5,–,–,–,1.06,1.0625,0.5625,1.91,1.9375,–,–,–,2.31,2.8125,1.375,–,–,–,–,–,3.02,–,–,15.1,–,–,4330.0,490.0,419.0,8.35,493.0,132.0,85.3,2.82,–,,–,58.6,43400,–,54.5,302,–,–,94.6,246,–,–,–,–,–,–,–,–,–,–,–,–,–,–,–,–,3.32,18.8,73.4,–,85,53,64.6,15.125,5.5,–,W460X315,W460X315,315.0,40200,526,524,–,–,–,295,292,–,–,–,26.9,27,14.3,48.5,49.2,–,–,–,58.7,71.4,34.9,–,–,–,–,–,3.02,–,–,15.1,–,–,1800.0,8030.0,6870.0,212.0,205.0,2160.0,1400.0,71.6,–,–,–,24400,11700,–,35200,126,–,–,1550,4030,–,–,–,–,–,–,–,–,–,–,–,–,–,–,–,–,84.3,478,1860,–,2160,1350,1640,384,140,–,2.82
W,W18X192,W18X192,F,192.0,56.2,20.4,20.375,–,–,–,11.5,11.5,–,–,–,0.96,0.9375,0.5,1.75,1.75,–,–,–,2.15,2.625,1.3125,–,–,–,–,–,3.27,–,–,16.7,–,–,3870.0,442.0,380.0,8.28,440.0,119.0,76.8,2.79,–,,–,44.7,38000,–,53.6,270,–,–,86,222,–,–,–,–,–,–,–,–,–,–,–,–,–,–,–,–,3.28,18.7,72.7,–,84.2,52.3,63.8,15.125,5.5,–,W460X286,W460X286,286.0,36300,518,518,–,–,–,292,292,–,–,–,24.4,23.8,12.7,44.5,44.4,–,–,–,54.6,66.7,33.3,–,–,–,–,–,3.27,–,–,16.7,–,–,1610.0,7240.0,6230.0,210.0,183.0,1950.0,1260.0,70.9,–,–,–,18600,10200,–,34600,112,–,–,1410,3640,–,–,–,–,–,–,–,–,–,–,–,–,–,–,–,–,83.3,475,1850,–,2140,1330,1620,384,140,–,2.79
W,W18X175,W18X175,F,175.0,51.4,20,20,–,–,–,11.4,11.375,–,–,–,0.89,0.875,0.4375,1.59,1.5625,–,–,–,1.99,2.4375,1.25,–,–,–,–,–,3.58,–,–,18,–,–,3450.0,398.0,344.0,8.2,391.0,106.0,68.8,2.76,–,,–,33.8,33300,–,52.5,238,–,–,76.9,198,–,–,–,–,–,–,–,–,–,–,–,–,–,–,–,–,3.24,18.4,71.7,–,83.1,51.4,62.8,15.125,5.5,–,W460X260,W460X260,260.0,33200,508,508,–,–,–,290,289,–,–,–,22.6,22.2,11.1,40.4,39.7,–,–,–,50.5,61.9,31.8,–,–,–,–,–,3.58,–,–,18,–,–,1440.0,6520.0,5640.0,208.0,163.0,1740.0,1130.0,70.1,–,–,–,14100,8940,–,33900,99.1,–,–,1260,3240,–,–,–,–,–,–,–,–,–,–,–,–,–,–,–,–,82.3,467,1820,–,2110,1310,1600,384,140,–,2.76
W,W18X158,W18X158,F,158.0,46.3,19.7,19.75,–,–,–,11.3,11.25,–,–,–,0.81,0.8125,0.4375,1.44,1.4375,–,–,–,1.84,2.375,1.25,–,–,–,–,–,3.92,–,–,19.8,–,–,3060.0,356.0,310.0,8.12,347.0,94.8,61.4,2.74,–,,–,25.2,29000,–,51.6,210,–,–,69,177,–,–,–,–,–,–,–,–,–,–,–,–,–,–,–,–,3.2,18.3,71,–,82.3,50.7,62,15.125,5.5,–,W460X235,W460X235,235.0,29900,500,502,–,–,–,287,286,–,–,–,20.6,20.6,11.1,36.6,36.5,–,–,–,46.7,60.3,31.8,–,–,–,–,–,3.92,–,–,19.8,–,–,1270.0,5830.0,5080.0,206.0,144.0,1550.0,1010.0,69.6,–,–,–,10500,7790,–,33300,87.4,–,–,1130,2900,–,–,–,–,–,–,–,–,–,–,–,–,–,–,–,–,81.3,465,1800,–,2090,1290,1570,384,140,–,2.74
W,W18X143,W18X143,F,143.0,42.0,19.5,19.5,–,–,–,11.2,11.25,–,–,–,0.73,0.75,0.375,1.32,1.3125,–,–,–,1.72,2.1875,1.1875,–,–,–,–,–,4.25,–,–,22,–,–,2750.0,322.0,282.0,8.09,311.0,85.4,55.5,2.72,–,,–,19.2,25700,–,50.9,188,–,–,62.8,160,–,–,–,–,–,–,–,–,–,–,–,–,–,–,–,–,3.17,18.2,70.4,–,81.6,50.2,61.4,15.125,5.5,–,W460X213,W460X213,213.0,27100,495,495,–,–,–,284,286,–,–,–,18.5,19,9.52,33.5,33.3,–,–,–,43.7,55.6,30.2,–,–,–,–,–,4.25,–,–,22,–,–,1140.0,5280.0,4620.0,205.0,129.0,1400.0,909.0,69.1,–,–,–,7990,6900,–,32800,78.3,–,–,1030,2620,–,–,–,–,–,–,–,–,–,–,–,–,–,–,–,–,80.5,462,1790,–,2070,1280,1560,384,140,–,2.72
W,W18X130,W18X130,F,130.0,38.3,19.3,19.25,–,–,–,11.2,11.125,–,–,–,0.67,0.6875,0.375,1.2,1.1875,–,–,–,1.6,2.0625,1.1875,–,–,–,–,–,4.65,–,–,23.9,–,–,2460.0,290.0,256.0,8.03,278.0,76.7,49.9,2.7,–,,–,14.5,22700,–,50.7,170,–,–,57.2,146,–,–,–,–,–,–,–,–,–,–,–,–,–,–,–,–,3.13,18.1,70.2,–,81.4,49.8,61,15.125,5.5,–,W460X193,W460X193,193.0,24700,490,489,–,–,–,284,283,–,–,–,17,17.5,9.52,30.5,30.2,–,–,–,40.6,52.4,30.2,–,–,–,–,–,4.65,–,–,23.9,–,–,1020.0,4750.0,4200.0,204.0,116.0,1260.0,818.0,68.6,–,–,–,6040,6100,–,32700,70.8,–,–,937,2390,–,–,–,–,–,–,–,–,–,–,–,–,–,–,–,–,79.5,460,1780,–,2070,1260,1550,384,140,–,2.7
W,W18X119,W18X119,F,119.0,35.1,19,19,–,–,–,11.3,11.25,–,–,–,0.655,0.625,0.3125,1.06,1.0625,–,–,–,1.46,1.9375,1.1875,–,–,–,–,–,5.31,–,–,24.5,–,–,2190.0,262.0,231.0,7.9,253.0,69.1,44.9,2.69,–,,–,10.6,20300,–,50.7,152,–,–,50.6,131,–,–,–,–,–,–,–,–,–,–,–,–,–,–,–,–,3.13,17.9,69.9,–,81.2,49.3,60.6,15.125,5.5,–,W460X177,W460X177,177.0,22600,483,483,–,–,–,287,286,–,–,–,16.6,15.9,7.94,26.9,27,–,–,–,37.1,49.2,30.2,–,–,–,–,–,5.31,–,–,24.5,–,–,912.0,4290.0,3790.0,201.0,105.0,1130.0,736.0,68.3,–,–,–,4410,5450,–,32700,63.3,–,–,829,2150,–,–,–,–,–,–,–,–,–,–,–,–,–,–,–,–,79.5,455,1780,–,2060,1250,1540,384,140,–,2.69
W,W18X106,W18X106,F,106.0,31.1,18.7,18.75,–,–,–,11.2,11.25,–,–,–,0.59,0.5625,0.3125,0.94,0.9375,–,–,–,1.34,1.8125,1.125,–,–,–,–,–,5.96,–,–,27.2,–,–,1910.0,230.0,204.0,7.84,220.0,60.5,39.4,2.66,–,,–,7.48,17400,–,49.7,131,–,–,44.3,114,–,–,–,–,–,–,–,–,–,–,–,–,–,–,–,–,3.1,17.8,69.1,–,80.3,48.6,59.8,15.125,5.5,–,W460X158,W460X158,158.0,20100,475,476,–,–,–,284,286,–,–,–,15,14.3,7.94,23.9,23.8,–,–,–,34,46,28.6,–,–,–,–,–,5.96,–,–,27.2,–,–,795.0,3770.0,3340.0,199.0,91.6,991.0,646.0,67.6,–,–,–,3110,4670,–,32100,54.5,–,–,726,1870,–,–,–,–,–,–,–,–,–,–,–,–,–,–,–,–,78.7,452,1760,–,2040,1230,1520,384,140,–,2.66
W,W18X97,W18X97,F,97.0,28.5,18.6,18.625,–,–,–,11.1,11.125,–,–,–,0.535,0.5625,0.3125,0.87,0.875,–,–,–,1.27,1.75,1.125,–,–,–,–,–,6.41,–,–,30,–,–,1750.0,211.0,188.0,7.82,201.0,55.3,36.1,2.65,–,,–,5.86,15800,–,49.2,119,–,–,40.7,105,–,–,–,–,–,–,–,–,–,–,–,–,–,–,–,–,3.08,17.7,68.7,–,79.8,48.3,59.4,15.125,5.5,–,W460X144,W460X144,144.0,18400,472,473,–,–,–,282,283,–,–,–,13.6,14.3,7.94,22.1,22.2,–,–,–,32.3,44.5,28.6,–,–,–,–,–,6.41,–,–,30,–,–,728.0,3460.0,3080.0,199.0,83.7,906.0,592.0,67.3,–,–,–,2440,4240,–,31700,49.5,–,–,667,1720,–,–,–,–,–,–,–,–,–,–,–,–,–,–,–,–,78.2,450,1740,–,2030,1230,1510,384,140,–,2.65
W,W18X86,W18X86,F,86.0,25.3,18.4,18.375,–,–,–,11.1,11.125,–,–,–,0.48,0.5,0.25,0.77,0.75,–,–,–,1.17,1.625,1.0625,–,–,–,–,–,7.2,–,–,33.4,–,–,1530.0,186.0,166.0,7.77,175.0,48.4,31.6,2.63,–,,–,4.1,13600,–,48.9,105,–,–,36,92.4,–,–,–,–,–,–,–,–,–,–,–,–,–,–,–,–,3.05,17.6,68.4,–,79.5,47.9,59,15.125,5.5,–,W460X128,W460X128,128.0,16300,467,467,–,–,–,282,283,–,–,–,12.2,12.7,6.35,19.6,19,–,–,–,29.7,41.3,27,–,–,–,–,–,7.2,–,–,33.4,–,–,637.0,3050.0,2720.0,197.0,72.8,793.0,518.0,66.8,–,–,–,1710,3650,–,31500,43.7,–,–,590,1510,–,–,–,–,–,–,–,–,–,–,–,–,–,–,–,–,77.5,447,1740,–,2020,1220,1500,384,140,–,2.63
W,W18X76,W18X76,F,76.0,22.3,18.2,18.25,–,–,–,11,11,–,–,–,0.425,0.4375,0.25,0.68,0.6875,–,–,–,1.08,1.5625,1.0625,–,–,–,–,–,8.11,–,–,37.8,–,–,1330.0,163.0,146.0,7.73,152.0,42.2,27.6,2.61,–,,–,2.83,11700,–,48.2,90.1,–,–,31.5,80.6,–,–,–,–,–,–,–,–,–,–,–,–,–,–,–,–,3.02,17.5,67.9,–,78.9,47.4,58.4,15.125,5.5,–,W460X113,W460X113,113.0,14400,462,464,–,–,–,279,279,–,–,–,10.8,11.1,6.35,17.3,17.5,–,–,–,27.4,39.7,27,–,–,–,–,–,8.11,–,–,37.8,–,–,554.0,2670.0,2390.0,196.0,63.3,692.0,452.0,66.3,–,–,–,1180,3140,–,31100,37.5,–,–,516,1320,–,–,–,–,–,–,–,–,–,–,–,–,–,–,–,–,76.7,444,1720,–,2000,1200,1480,384,140,–,2.61
W,W18X71,W18X71,F,71.0,20.9,18.5,18.5,–,–,–,7.64,7.625,–,–,–,0.495,0.5,0.25,0.81,0.8125,–,–,–,1.21,1.5,0.875,–,–,–,–,–,4.71,–,–,32.4,–,–,1170.0,146.0,127.0,7.5,60.3,24.7,15.8,1.7,–,,–,3.49,4700,–,33.8,52.3,–,–,25.6,72.4,–,–,–,–,–,–,–,–,–,–,–,–,–,–,–,–,2.05,17.7,58.3,–,65.9,44.6,52.3,15.5,3.5,–,W460X106,W460X106,106.0,13500,470,470,–,–,–,194,194,–,–,–,12.6,12.7,6.35,20.6,20.6,–,–,–,30.7,38.1,22.2,–,–,–,–,–,4.71,–,–,32.4,–,–,487.0,2390.0,2080.0,191.0,25.1,405.0,259.0,43.2,–,–,–,1450,1260,–,21800,21.8,–,–,420,1190,–,–,–,–,–,–,–,–,–,–,–,–,–,–,–,–,52.1,450,1480,–,1670,1130,1330,394,88.9,–,1.7
W,W18X65,W18X65,F,65.0,19.1,18.4,18.375,–,–,–,7.59,7.625,–,–,–,0.45,0.4375,0.25,0.75,0.75,–,–,–,1.15,1.4375,0.875,–,–,–,–,–,5.06,–,–,35.7,–,–,1070.0,133.0,117.0,7.49,54.8,22.5,14.4,1.69,–,,–,2.73,4240,–,33.5,47.7,–,–,23.6,66.3,–,–,–,–,–,–,–,–,–,–,–,–,–,–,–,–,2.03,17.7,58,–,65.6,44.4,52,15.5,3.5,–,W460X97,W460X97,97.0,12300,467,467,–,–,–,193,194,–,–,–,11.4,11.1,6.35,19.1,19,–,–,–,29.2,36.5,22.2,–,–,–,–,–,5.06,–,–,35.7,–,–,445.0,2180.0,1920.0,190.0,22.8,369.0,236.0,42.9,–,–,–,1140,1140,–,21600,19.9,–,–,387,1090,–,–,–,–,–,–,–,–,–,–,–,–,–,–,–,–,51.6,450,1470,–,1670,1130,1320,394,88.9,–,1.69
W,W18X60,W18X60,F,60.0,17.6,18.2,18.25,–,–,–,7.56,7.5,–,–,–,0.415,0.4375,0.25,0.695,0.6875,–,–,–,1.1,1.375,0.8125,–,–,–,–,–,5.44,–,–,38.7,–,–,984.0,123.0,108.0,7.47,50.1,20.6,13.3,1.68,–,,–,2.17,3850,–,33.1,43.5,–,–,21.7,60.6,–,–,–,–,–,–,–,–,–,–,–,–,–,–,–,–,2.02,17.5,57.5,–,65.1,44,51.5,15.5,3.5,–,W460X89,W460X89,89.0,11400,462,464,–,–,–,192,190,–,–,–,10.5,11.1,6.35,17.7,17.5,–,–,–,27.9,34.9,20.6,–,–,–,–,–,5.44,–,–,38.7,–,–,410.0,2020.0,1770.0,190.0,20.9,338.0,218.0,42.7,–,–,–,903,1030,–,21400,18.1,–,–,356,993,–,–,–,–,–,–,–,–,–,–,–,–,–,–,–,–,51.3,444,1460,–,1650,1120,1310,394,88.9,–,1.68
W,W18X55,W18X55,F,55.0,16.2,18.1,18.125,–,–,–,7.53,7.5,–,–,–,0.39,0.375,0.1875,0.63,0.625,–,–,–,1.03,1.3125,0.8125,–,–,–,–,–,5.98,–,–,41.1,–,–,890.0,112.0,98.3,7.41,44.9,18.5,11.9,1.67,–,,–,1.66,3430,–,32.9,39,–,–,19.6,55.3,–,–,–,–,–,–,–,–,–,–,–,–,–,–,–,–,2,17.5,57.3,–,64.8,43.7,51.3,15.5,3.5,–,W460X82,W460X82,82.0,10500,460,460,–,–,–,191,190,–,–,–,9.91,9.52,4.76,16,15.9,–,–,–,26.2,33.3,20.6,–,–,–,–,–,5.98,–,–,41.1,–,–,370.0,1840.0,1610.0,188.0,18.7,303.0,195.0,42.4,–,–,–,691,921,–,21200,16.2,–,–,321,906,–,–,–,–,–,–,–,–,–,–,–,–,–,–,–,–,50.8,444,1460,–,1650,1110,1300,394,88.9,–,1.67
W,W18X50,W18X50,F,50.0,14.7,18,18,–,–,–,7.5,7.5,–,–,–,0.355,0.375,0.1875,0.57,0.5625,–,–,–,0.972,1.25,0.8125,–,–,–,–,–,6.57,–,–,45.2,–,–,800.0,101.0,88.9,7.38,40.1,16.6,10.7,1.65,–,,–,1.24,3040,–,32.7,34.9,–,–,17.7,49.9,–,–,–,–,–,–,–,–,–,–,–,–,–,–,–,–,1.98,17.4,57.1,–,64.6,43.5,51,15.5,3.5,–,W460X74,W460X74,74.0,9480,457,457,–,–,–,191,190,–,–,–,9.02,9.52,4.76,14.5,14.3,–,–,–,24.7,31.8,20.6,–,–,–,–,–,6.57,–,–,45.2,–,–,333.0,1660.0,1460.0,187.0,16.7,272.0,175.0,41.9,–,–,–,516,816,–,21100,14.5,–,–,290,818,–,–,–,–,–,–,–,–,–,–,–,–,–,–,–,–,50.3,442,1450,–,1640,1100,1300,394,88.9,–,1.65
W,W18X46,W18X46,F,46.0,13.5,18.1,18,–,–,–,6.06,6,–,–,–,0.36,0.375,0.1875,0.605,0.625,–,–,–,1.01,1.25,0.8125,–,–,–,–,–,5.01,–,–,44.6,–,–,712.0,90.7,78.8,7.25,22.5,11.7,7.43,1.29,–,,–,1.22,1720,–,26.5,24.3,–,–,15.1,44.9,–,–,–,–,–,–,–,–,–,–,–,–,–,–,–,–,1.58,17.5,52.9,–,59,42.3,48.3,15.5,3.5,–,W460X68,W460X68,68.0,8710,460,457,–,–,–,154,152,–,–,–,9.14,9.52,4.76,15.4,15.9,–,–,–,25.7,31.8,20.6,–,–,–,–,–,5.01,–,–,44.6,–,–,296.0,1490.0,1290.0,184.0,9.37,192.0,122.0,32.8,–,–,–,508,462,–,17100,10.1,–,–,247,736,–,–,–,–,–,–,–,–,–,–,–,–,–,–,–,–,40.1,444,1340,–,1500,1070,1230,394,88.9,–,1.29
W,W18X40,W18X40,F,40.0,11.8,17.9,17.875,–,–,–,6.02,6,–,–,–,0.315,0.3125,0.1875,0.525,0.5,–,–,–,0.927,1.1875,0.8125,–,–,–,–,–,5.73,–,–,50.9,–,–,612.0,78.4,68.4,7.21,19.1,10.0,6.35,1.27,–,,–,0.81,1440,–,26.1,20.7,–,–,13,38.6,–,–,–,–,–,–,–,–,–,–,–,–,–,–,–,–,1.56,17.4,52.6,–,58.6,41.8,47.8,15.5,3.5,–,W460X60,W460X60,60.0,7610,455,454,–,–,–,153,152,–,–,–,8,7.94,4.76,13.3,12.7,–,–,–,23.5,30.2,20.6,–,–,–,–,–,5.73,–,–,50.9,–,–,255.0,1280.0,1120.0,183.0,7.95,164.0,104.0,32.3,–,–,–,337,387,–,16800,8.62,–,–,213,633,–,–,–,–,–,–,–,–,–,–,–,–,–,–,–,–,39.6,442,1340,–,1490,1060,1210,394,88.9,–,1.27
W,W18X35,W18X35,F,35.0,10.3,17.7,17.75,–,–,–,6,6,–,–,–,0.3,0.3125,0.1875,0.425,0.4375,–,–,–,0.827,1.125,0.75,–,–,–,–,–,7.06,–,–,53.5,–,–,510.0,66.5,57.6,7.04,15.3,8.06,5.12,1.22,–,,–,0.506,1140,–,25.9,16.5,–,–,10.5,32.7,–,–,–,–,–,–,–,–,–,–,–,–,–,–,–,–,1.51,17.3,52.1,–,58.1,41.4,47.4,15.5,3.5,–,W460X52,W460X52,52.0,6650,450,451,–,–,–,152,152,–,–,–,7.62,7.94,4.76,10.8,11.1,–,–,–,21,28.6,19.1,–,–,–,–,–,7.06,–,–,53.5,–,–,212.0,1090.0,944.0,179.0,6.37,132.0,83.9,31.0,–,–,–,211,306,–,16700,6.87,–,–,172,536,–,–,–,–,–,–,–,–,–,–,–,–,–,–,–,–,38.4,439,1320,–,1480,1050,1200,394,88.9,–,1.22
W,W16X100,W16X100,F,100.0,29.4,17,17,–,–,–,10.4,10.375,–,–,–,0.585,0.5625,0.3125,0.985,1,–,–,–,1.39,1.875,1.125,–,–,–,–,–,5.29,–,–,24.3,–,–,1490.0,198.0,175.0,7.1,186.0,54.9,35.7,2.51,–,,–,7.73,11900,–,41.6,107,–,–,38.7,98.5,–,–,–,–,–,–,–,–,–,–,–,–,–,–,–,–,2.92,16,63.3,–,73.7,44.4,54.8,13.25,5.5,–,W410X149,W410X149,149.0,19000,432,432,–,–,–,264,264,–,–,–,14.9,14.3,7.94,25,25.4,–,–,–,35.3,47.6,28.6,–,–,–,–,–,5.29,–,–,24.3,–,–,620.0,3240.0,2870.0,180.0,77.4,900.0,585.0,63.8,–,–,–,3220,3200,–,26800,44.5,–,–,634,1610,–,–,–,–,–,–,–,–,–,–,–,–,–,–,–,–,74.2,406,1610,–,1870,1130,1390,337,140,–,2.51
W,W16X89,W16X89,F,89.0,26.2,16.8,16.75,–,–,–,10.4,10.375,–,–,–,0.525,0.5,0.25,0.875,0.875,–,–,–,1.28,1.75,1.0625,–,–,–,–,–,5.92,–,–,27,–,–,1300.0,175.0,155.0,7.05,163.0,48.1,31.4,2.49,–,,–,5.45,10200,–,41.4,94.2,–,–,34.4,87.3,–,–,–,–,–,–,–,–,–,–,–,–,–,–,–,–,2.88,15.9,63.1,–,73.5,44,54.4,13.25,5.5,–,W410X132,W410X132,132.0,16900,427,425,–,–,–,264,264,–,–,–,13.3,12.7,6.35,22.2,22.2,–,–,–,32.5,44.5,27,–,–,–,–,–,5.92,–,–,27,–,–,541.0,2870.0,2540.0,179.0,67.8,788.0,515.0,63.2,–,–,–,2270,2740,–,26700,39.2,–,–,564,1430,–,–,–,–,–,–,–,–,–,–,–,–,–,–,–,–,73.2,404,1600,–,1870,1120,1380,337,140,–,2.49
W,W16X77,W16X77,F,77.0,22.6,16.5,16.5,–,–,–,10.3,10.25,–,–,–,0.455,0.4375,0.25,0.76,0.75,–,–,–,1.16,1.625,1.0625,–,–,–,–,–,6.77,–,–,31.2,–,–,1110.0,150.0,134.0,7.0,138.0,41.1,26.9,2.47,–,,–,3.57,8590,–,40.5,79.3,–,–,29.4,74.4,–,–,–,–,–,–,–,–,–,–,–,–,–,–,–,–,2.85,15.7,62.3,–,72.6,43.3,53.6,13.25,5.5,–,W410X114,W410X114,114.0,14600,419,419,–,–,–,262,260,–,–,–,11.6,11.1,6.35,19.3,19,–,–,–,29.5,41.3,27,–,–,–,–,–,6.77,–,–,31.2,–,–,462.0,2460.0,2200.0,178.0,57.4,674.0,441.0,62.7,–,–,–,1490,2310,–,26100,33,–,–,482,1220,–,–,–,–,–,–,–,–,–,–,–,–,–,–,–,–,72.4,399,1580,–,1840,1100,1360,337,140,–,2.47
W,W16X67,W16X67,F,67.0,19.6,16.3,16.375,–,–,–,10.2,10.25,–,–,–,0.395,0.375,0.1875,0.665,0.6875,–,–,–,1.07,1.5625,1,–,–,–,–,–,7.7,–,–,35.9,–,–,954.0,130.0,117.0,6.96,119.0,35.5,23.2,2.46,–,,–,2.39,7300,–,39.9,67.6,–,–,25.5,64.1,–,–,–,–,–,–,–,–,–,–,–,–,–,–,–,–,2.82,15.6,61.7,–,71.9,42.8,53,13.25,5.5,–,W410X100,W410X100,100.0,12600,414,416,–,–,–,259,260,–,–,–,10,9.52,4.76,16.9,17.5,–,–,–,27.2,39.7,25.4,–,–,–,–,–,7.7,–,–,35.9,–,–,397.0,2130.0,1920.0,177.0,49.5,582.0,380.0,62.5,–,–,–,995,1960,–,25700,28.1,–,–,418,1050,–,–,–,–,–,–,–,–,–,–,–,–,–,–,–,–,71.6,396,1570,–,1830,1090,1350,337,140,–,2.46
W,W16X57,W16X57,F,57.0,16.8,16.4,16.375,–,–,–,7.12,7.125,–,–,–,0.43,0.4375,0.25,0.715,0.6875,–,–,–,1.12,1.375,0.875,–,–,–,–,–,4.98,–,–,33,–,–,758.0,105.0,92.2,6.72,43.1,18.9,12.1,1.6,–,,–,2.22,2660,–,27.9,35.5,–,–,18.8,52,–,–,–,–,–,–,–,–,–,–,–,–,–,–,–,–,1.92,15.7,52.6,–,59.7,39.9,47,13.625,3.5,–,W410X85,W410X85,85.0,10800,417,416,–,–,–,181,181,–,–,–,10.9,11.1,6.35,18.2,17.5,–,–,–,28.4,34.9,22.2,–,–,–,–,–,4.98,–,–,33,–,–,316.0,1720.0,1510.0,171.0,17.9,310.0,198.0,40.6,–,–,–,924,714,–,18000,14.8,–,–,308,852,–,–,–,–,–,–,–,–,–,–,–,–,–,–,–,–,48.8,399,1340,–,1520,1010,1190,346,88.9,–,1.6
W,W16X50,W16X50,F,50.0,14.7,16.3,16.25,–,–,–,7.07,7.125,–,–,–,0.38,0.375,0.1875,0.63,0.625,–,–,–,1.03,1.3125,0.8125,–,–,–,–,–,5.61,–,–,37.4,–,–,659.0,92.0,81.0,6.68,37.2,16.3,10.5,1.59,–,,–,1.52,2270,–,27.7,30.8,–,–,16.5,45.6,–,–,–,–,–,–,–,–,–,–,–,–,–,–,–,–,1.89,15.7,52.3,–,59.4,39.7,46.7,13.625,3.5,–,W410X75,W410X75,75.0,9480,414,413,–,–,–,180,181,–,–,–,9.65,9.52,4.76,16,15.9,–,–,–,26.2,33.3,20.6,–,–,–,–,–,5.61,–,–,37.4,–,–,274.0,1510.0,1330.0,170.0,15.5,267.0,172.0,40.4,–,–,–,633,610,–,17900,12.8,–,–,270,747,–,–,–,–,–,–,–,–,–,–,–,–,–,–,–,–,48,399,1330,–,1510,1010,1190,346,88.9,–,1.59
W,W16X45,W16X45,F,45.0,13.3,16.1,16.125,–,–,–,7.04,7,–,–,–,0.345,0.375,0.1875,0.565,0.5625,–,–,–,0.967,1.25,0.8125,–,–,–,–,–,6.23,–,–,41.1,–,–,586.0,82.3,72.7,6.65,32.8,14.5,9.34,1.57,–,,–,1.11,1990,–,27.3,27.2,–,–,14.7,40.6,–,–,–,–,–,–,–,–,–,–,–,–,–,–,–,–,1.87,15.5,52,–,59,39.2,46.3,13.625,3.5,–,W410X67,W410X67,67.0,8580,409,410,–,–,–,179,178,–,–,–,8.76,9.52,4.76,14.4,14.3,–,–,–,24.6,31.8,20.6,–,–,–,–,–,6.23,–,–,41.1,–,–,244.0,1350.0,1190.0,169.0,13.7,238.0,153.0,39.9,–,–,–,462,534,–,17600,11.3,–,–,241,665,–,–,–,–,–,–,–,–,–,–,–,–,–,–,–,–,47.5,394,1320,–,1500,996,1180,346,88.9,–,1.57
W,W16X40,W16X40,F,40.0,11.8,16,16,–,–,–,7,7,–,–,–,0.305,0.3125,0.1875,0.505,0.5,–,–,–,0.907,1.1875,0.8125,–,–,–,–,–,6.93,–,–,46.5,–,–,518.0,73.0,64.7,6.63,28.9,12.7,8.25,1.57,–,,–,0.794,1730,–,27.1,24,–,–,13.1,36,–,–,–,–,–,–,–,–,–,–,–,–,–,–,–,–,1.86,15.5,51.7,–,58.7,39,46,13.625,3.5,–,W410X60,W410X60,60.0,7610,406,406,–,–,–,178,178,–,–,–,7.75,7.94,4.76,12.8,12.7,–,–,–,23,30.2,20.6,–,–,–,–,–,6.93,–,–,46.5,–,–,216.0,1200.0,1060.0,168.0,12.0,208.0,135.0,39.9,–,–,–,330,465,–,17500,9.99,–,–,215,590,–,–,–,–,–,–,–,–,–,–,–,–,–,–,–,–,47.2,394,1310,–,1490,991,1170,346,88.9,–,1.57
W,W16X36,W16X36,F,36.0,10.6,15.9,15.875,–,–,–,6.99,7,–,–,–,0.295,0.3125,0.1875,0.43,0.4375,–,–,–,0.832,1.125,0.75,–,–,–,–,–,8.12,–,–,48.1,–,–,448.0,64.0,56.5,6.51,24.5,10.8,7.0,1.52,–,,–,0.545,1460,–,27,20.3,–,–,11.1,31.6,–,–,–,–,–,–,–,–,–,–,–,–,–,–,–,–,1.83,15.5,51.5,–,58.5,38.8,45.8,13.625,3.5,–,W410X53,W410X53,53.0,6840,404,403,–,–,–,178,178,–,–,–,7.49,7.94,4.76,10.9,11.1,–,–,–,21.1,28.6,19.1,–,–,–,–,–,8.12,–,–,48.1,–,–,186.0,1050.0,926.0,165.0,10.2,177.0,115.0,38.6,–,–,–,227,392,–,17400,8.45,–,–,182,518,–,–,–,–,–,–,–,–,–,–,–,–,–,–,–,–,46.5,394,1310,–,1490,986,1160,346,88.9,–,1.52
W,W16X31,W16X31,F,31.0,9.13,15.9,15.875,–,–,–,5.53,5.5,–,–,–,0.275,0.25,0.125,0.44,0.4375,–,–,–,0.842,1.125,0.75,–,–,–,–,–,6.28,–,–,51.6,–,–,375.0,54.0,47.2,6.41,12.4,7.03,4.49,1.17,–,,–,0.461,739,–,21.4,13,–,–,8.94,26.6,–,–,–,–,–,–,–,–,–,–,–,–,–,–,–,–,1.42,15.5,47.2,–,52.7,37.3,42.9,13.625,3.5,–,W410X46.1,W410X46.1,46.1,5890,404,403,–,–,–,140,140,–,–,–,6.99,6.35,3.18,11.2,11.1,–,–,–,21.4,28.6,19.1,–,–,–,–,–,6.28,–,–,51.6,–,–,156.0,885.0,773.0,163.0,5.16,115.0,73.6,29.7,–,–,–,192,198,–,13800,5.41,–,–,147,436,–,–,–,–,–,–,–,–,–,–,–,–,–,–,–,–,36.1,394,1200,–,1340,947,1090,346,88.9,–,1.17
W,W16X26,W16X26,F,26.0,7.68,15.7,15.75,–,–,–,5.5,5.5,–,–,–,0.25,0.25,0.125,0.345,0.375,–,–,–,0.747,1.0625,0.75,–,–,–,–,–,7.97,–,–,56.8,–,–,301.0,44.2,38.4,6.26,9.59,5.48,3.49,1.12,–,,–,0.262,565,–,21.1,10,–,–,6.95,21.6,–,–,–,–,–,–,–,–,–,–,–,–,–,–,–,–,1.38,15.4,46.7,–,52.2,36.9,42.4,13.625,3.5,–,W410X38.8,W410X38.8,38.8,4950,399,400,–,–,–,140,140,–,–,–,6.35,6.35,3.18,8.76,9.52,–,–,–,19,27,19.1,–,–,–,–,–,7.97,–,–,56.8,–,–,125.0,724.0,629.0,159.0,3.99,89.8,57.2,28.4,–,–,–,109,152,–,13600,4.16,–,–,114,354,–,–,–,–,–,–,–,–,–,–,–,–,–,–,–,–,35.1,391,1190,–,1330,937,1080,346,88.9,–,1.12
W,W14X873,W14X873,T,873.0,257.0,23.6,23.625,–,–,–,18.8,18.75,–,–,–,3.94,3.9375,2,5.51,5.5,–,–,–,6.1,6.1875,2.5625,–,–,–,–,–,1.71,–,–,2.89,–,–,18100.0,2030.0,1530.0,8.39,6170.0,1020.0,656.0,4.9,–,,–,2270,505000,–,85,2200,–,–,370,1010,–,–,–,–,–,–,–,–,–,–,–,–,–,–,–,–,6.04,18.1,95.2,–,114,66,84.80000000000001,11.25,8.5,3,W360X1299,W360X1299,1300.0,166000,599,600,–,–,–,478,476,–,–,–,100,100,50.8,140,140,–,–,–,155,157,65.1,–,–,–,–,–,1.71,–,–,2.89,–,–,7530.0,33300.0,25100.0,213.0,2570.0,16700.0,10800.0,124.0,–,–,–,945000,136000,–,54800,916,–,–,6060,16600,–,–,–,–,–,–,–,–,–,–,–,–,–,–,–,–,153,460,2420,–,2900,1680,2150,286,216,76.2,4.9
W,W14X808,W14X808,T,808.0,238.0,22.8,22.75,–,–,–,18.6,18.625,–,–,–,3.74,3.75,1.875,5.12,5.125,–,–,–,5.71,5.75,2.5,–,–,–,–,–,1.82,–,–,3.04,–,–,15900.0,1830.0,1390.0,8.17,5550.0,930.0,597.0,4.83,–,,–,1840,434000,–,82.2,1960,–,–,336,916,–,–,–,–,–,–,–,–,–,–,–,–,–,–,–,–,5.94,17.7,93.4,–,112,64.2,82.80000000000001,11.25,8.5,3,W360X1202,W360X1202,1200.0,154000,579,578,–,–,–,472,473,–,–,–,95,95.3,47.6,130,130,–,–,–,145,146,63.5,–,–,–,–,–,1.82,–,–,3.04,–,–,6620.0,30000.0,22800.0,208.0,2310.0,15200.0,9780.0,123.0,–,–,–,766000,117000,–,53000,816,–,–,5510,15000,–,–,–,–,–,–,–,–,–,–,–,–,–,–,–,–,151,450,2370,–,2840,1630,2100,286,216,76.2,4.83
W,W14X730,W14X730,T,730.0,215.0,22.4,22.375,–,–,–,17.9,17.875,–,–,–,3.07,3.0625,1.5625,4.91,4.9375,–,–,–,5.51,6.1875,2.75,–,–,–,–,–,1.82,–,–,3.71,–,–,14300.0,1660.0,1280.0,8.17,4720.0,816.0,527.0,4.69,–,,–,1450,362000,–,78.3,1720,–,–,318,829,–,–,–,–,–,–,–,–,–,–,–,–,–,–,–,–,5.68,17.5,91.1,–,109,62.7,80.6,10,7.5,3,W360X1086,W360X1086,1090.0,139000,569,568,–,–,–,455,454,–,–,–,78,77.8,39.7,125,125,–,–,–,140,157,69.9,–,–,–,–,–,1.82,–,–,3.71,–,–,5950.0,27200.0,21000.0,208.0,1960.0,13400.0,8640.0,119.0,–,–,–,604000,97200,–,50500,716,–,–,5210,13600,–,–,–,–,–,–,–,–,–,–,–,–,–,–,–,–,144,444,2310,–,2770,1590,2050,254,191,76.2,4.69
W,W14X665,W14X665,T,665.0,196.0,21.6,21.625,–,–,–,17.7,17.625,–,–,–,2.83,2.8125,1.4375,4.52,4.5,–,–,–,5.12,5.8125,2.625,–,–,–,–,–,1.95,–,–,4.03,–,–,12400.0,1480.0,1150.0,7.98,4170.0,730.0,472.0,4.62,–,,–,1120,305000,–,75.6,1510,–,–,287,739,–,–,–,–,–,–,–,–,–,–,–,–,–,–,–,–,5.57,17.1,89.3,–,107,60.9,78.6,10,7.5,3,W360X990,W360X990,990.0,126000,549,549,–,–,–,450,448,–,–,–,71.9,71.4,36.5,115,114,–,–,–,130,148,66.7,–,–,–,–,–,1.95,–,–,4.03,–,–,5160.0,24300.0,18800.0,203.0,1740.0,12000.0,7730.0,117.0,–,–,–,466000,81900,–,48800,629,–,–,4700,12100,–,–,–,–,–,–,–,–,–,–,–,–,–,–,–,–,141,434,2270,–,2720,1550,2000,254,191,76.2,4.62
W,W14X605,W14X605,T,605.0,178.0,20.9,20.875,–,–,–,17.4,17.375,–,–,–,2.6,2.625,1.3125,4.16,4.1875,–,–,–,4.76,5.4375,2.5,–,–,–,–,–,2.09,–,–,4.39,–,–,10800.0,1320.0,1040.0,7.8,3680.0,652.0,423.0,4.55,–,,–,869,258000,–,72.8,1320,–,–,258,657,–,–,–,–,–,–,–,–,–,–,–,–,–,–,–,–,5.44,16.7,87.6,–,105,59.2,76.6,10,7.5,3,W360X900,W360X900,900.0,115000,531,530,–,–,–,442,441,–,–,–,66,66.7,33.3,106,106,–,–,–,121,138,63.5,–,–,–,–,–,2.09,–,–,4.39,–,–,4500.0,21600.0,17000.0,198.0,1530.0,10700.0,6930.0,116.0,–,–,–,362000,69300,–,47000,549,–,–,4230,10800,–,–,–,–,–,–,–,–,–,–,–,–,–,–,–,–,138,424,2230,–,2670,1500,1950,254,191,76.2,4.55
W,W14X550,W14X550,T,550.0,162.0,20.2,20.25,–,–,–,17.2,17.25,–,–,–,2.38,2.375,1.1875,3.82,3.8125,–,–,–,4.42,5.125,2.375,–,–,–,–,–,2.25,–,–,4.79,–,–,9430.0,1180.0,931.0,7.63,3250.0,583.0,378.0,4.49,–,,–,669,219000,–,70.4,1160,–,–,232,585,–,–,–,–,–,–,–,–,–,–,–,–,–,–,–,–,5.35,16.4,85.8,–,103,57.6,74.8,10,7.5,3,W360X818,W360X818,818.0,105000,513,514,–,–,–,437,438,–,–,–,60.5,60.3,30.2,97,96.8,–,–,–,112,130,60.3,–,–,–,–,–,2.25,–,–,4.79,–,–,3930.0,19300.0,15300.0,194.0,1350.0,9550.0,6190.0,114.0,–,–,–,278000,58800,–,45400,483,–,–,3800,9590,–,–,–,–,–,–,–,–,–,–,–,–,–,–,–,–,136,417,2180,–,2620,1460,1900,254,191,76.2,4.49
W,W14X500,W14X500,T,500.0,147.0,19.6,19.625,–,–,–,17,17,–,–,–,2.19,2.1875,1.125,3.5,3.5,–,–,–,4.1,4.8125,2.3125,–,–,–,–,–,2.43,–,–,5.21,–,–,8210.0,1050.0,838.0,7.48,2880.0,522.0,339.0,4.43,–,,–,514,187000,–,68.4,1020,–,–,209,522,–,–,–,–,–,–,–,–,–,–,–,–,–,–,–,–,5.26,16.1,85,–,102,56.2,73.2,10,7.5,3,W360X744,W360X744,744.0,94800,498,498,–,–,–,432,432,–,–,–,55.6,55.6,28.6,88.9,88.9,–,–,–,104,122,58.7,–,–,–,–,–,2.43,–,–,5.21,–,–,3420.0,17200.0,13700.0,190.0,1200.0,8550.0,5560.0,113.0,–,–,–,214000,50200,–,44100,425,–,–,3420,8550,–,–,–,–,–,–,–,–,–,–,–,–,–,–,–,–,134,409,2160,–,2590,1430,1860,254,191,76.2,4.43
W,W14X455,W14X455,T,455.0,134.0,19,19,–,–,–,16.8,16.875,–,–,–,2.02,2,1,3.21,3.1875,–,–,–,3.81,4.5,2.25,–,–,–,–,–,2.62,–,–,5.66,–,–,7190.0,936.0,756.0,7.33,2560.0,468.0,304.0,4.38,–,,–,395,160000,–,66.3,894,–,–,187,466,–,–,–,–,–,–,–,–,–,–,–,–,–,–,–,–,5.17,15.8,83.2,–,100,54.8,71.6,10,7.5,3,W360X677,W360X677,677.0,86500,483,483,–,–,–,427,429,–,–,–,51.3,50.8,25.4,81.5,81,–,–,–,96.8,114,57.2,–,–,–,–,–,2.62,–,–,5.66,–,–,2990.0,15300.0,12400.0,186.0,1070.0,7670.0,4980.0,111.0,–,–,–,164000,43000,–,42800,372,–,–,3060,7640,–,–,–,–,–,–,–,–,–,–,–,–,–,–,–,–,131,401,2110,–,2540,1390,1820,254,191,76.2,4.38
W,W14X426,W14X426,T,426.0,125.0,18.7,18.625,–,–,–,16.7,16.75,–,–,–,1.88,1.875,0.9375,3.04,3.0625,–,–,–,3.63,4.3125,2.125,–,–,–,–,–,2.75,–,–,6.08,–,–,6600.0,869.0,706.0,7.26,2360.0,434.0,283.0,4.34,–,,–,331,144000,–,65.4,830,–,–,176,435,–,–,–,–,–,–,–,–,–,–,–,–,–,–,–,–,5.11,15.7,82.7,–,99.4,54.1,70.8,10,7.5,3,W360X634,W360X634,634.0,80600,475,473,–,–,–,424,425,–,–,–,47.8,47.6,23.8,77.2,77.8,–,–,–,92.2,110,54,–,–,–,–,–,2.75,–,–,6.08,–,–,2750.0,14200.0,11600.0,184.0,982.0,7110.0,4640.0,110.0,–,–,–,138000,38700,–,42200,345,–,–,2880,7130,–,–,–,–,–,–,–,–,–,–,–,–,–,–,–,–,130,399,2100,–,2520,1370,1800,254,191,76.2,4.34
W,W14X398,W14X398,T,398.0,117.0,18.3,18.25,–,–,–,16.6,16.625,–,–,–,1.77,1.75,0.875,2.85,2.875,–,–,–,3.44,4.125,2.125,–,–,–,–,–,2.92,–,–,6.44,–,–,6000.0,801.0,656.0,7.16,2170.0,402.0,262.0,4.31,–,,–,273,129000,–,64.1,758,–,–,163,401,–,–,–,–,–,–,–,–,–,–,–,–,–,–,–,–,5.05,15.5,81.8,–,98.4,53.2,69.8,10,7.5,3,W360X592,W360X592,592.0,75500,465,464,–,–,–,422,422,–,–,–,45,44.4,22.2,72.4,73,–,–,–,87.4,105,54,–,–,–,–,–,2.92,–,–,6.44,–,–,2500.0,13100.0,10700.0,182.0,903.0,6590.0,4290.0,109.0,–,–,–,114000,34600,–,41400,316,–,–,2670,6570,–,–,–,–,–,–,–,–,–,–,–,–,–,–,–,–,128,394,2080,–,2500,1350,1770,254,191,76.2,4.31
W,W14X370,W14X370,T,370.0,109.0,17.9,17.875,–,–,–,16.5,16.5,–,–,–,1.66,1.6875,0.8125,2.66,2.6875,–,–,–,3.26,3.9375,2.0625,–,–,–,–,–,3.1,–,–,6.89,–,–,5440.0,736.0,607.0,7.07,1990.0,370.0,241.0,4.27,–,,–,222,116000,–,62.9,690,–,–,150,367,–,–,–,–,–,–,–,–,–,–,–,–,–,–,–,–,5,15.2,81,–,97.5,52.3,68.8,10,7.5,3,W360X551,W360X551,551.0,70300,455,454,–,–,–,419,419,–,–,–,42.2,42.9,20.6,67.6,68.3,–,–,–,82.8,100,52.4,–,–,–,–,–,3.1,–,–,6.89,–,–,2260.0,12100.0,9950.0,180.0,828.0,6060.0,3950.0,108.0,–,–,–,92400,31200,–,40600,287,–,–,2460,6010,–,–,–,–,–,–,–,–,–,–,–,–,–,–,–,–,127,386,2060,–,2480,1330,1750,254,191,76.2,4.27
W,W14X342,W14X342,T,342.0,101.0,17.5,17.5,–,–,–,16.4,16.375,–,–,–,1.54,1.5625,0.8125,2.47,2.5,–,–,–,3.07,3.75,2,–,–,–,–,–,3.31,–,–,7.41,–,–,4900.0,672.0,558.0,6.98,1810.0,338.0,221.0,4.24,–,,–,178,103000,–,61.6,624,–,–,138,335,–,–,–,–,–,–,–,–,–,–,–,–,–,–,–,–,4.95,15,80.1,–,96.5,51.4,67.8,10,7.5,3,W360X509,W360X509,509.0,65200,445,444,–,–,–,417,416,–,–,–,39.1,39.7,20.6,62.7,63.5,–,–,–,78,95.3,50.8,–,–,–,–,–,3.31,–,–,7.41,–,–,2040.0,11000.0,9140.0,177.0,753.0,5540.0,3620.0,108.0,–,–,–,74100,27700,–,39700,260,–,–,2260,5490,–,–,–,–,–,–,–,–,–,–,–,–,–,–,–,–,126,381,2030,–,2450,1310,1720,254,191,76.2,4.24
W,W14X311,W14X311,T,311.0,91.4,17.1,17.125,–,–,–,16.2,16.25,–,–,–,1.41,1.4375,0.75,2.26,2.25,–,–,–,2.86,3.5625,1.9375,–,–,–,–,–,3.59,–,–,8.09,–,–,4330.0,603.0,506.0,6.88,1610.0,304.0,199.0,4.2,–,,–,136,89100,–,60.1,550,–,–,124,300,–,–,–,–,–,–,–,–,–,–,–,–,–,–,–,–,4.87,14.8,79,–,95.2,50.4,66.6,10,7.5,3,W360X463,W360X463,463.0,59000,434,435,–,–,–,411,413,–,–,–,35.8,36.5,19,57.4,57.2,–,–,–,72.6,90.5,49.2,–,–,–,–,–,3.59,–,–,8.09,–,–,1800.0,9880.0,8290.0,175.0,670.0,4980.0,3260.0,107.0,–,–,–,56600,23900,–,38800,229,–,–,2030,4920,–,–,–,–,–,–,–,–,–,–,–,–,–,–,–,–,124,376,2010,–,2420,1280,1690,254,191,76.2,4.2
W,W14X283,W14X283,T,283.0,83.3,16.7,16.75,–,–,–,16.1,16.125,–,–,–,1.29,1.3125,0.6875,2.07,2.0625,–,–,–,2.67,3.375,1.875,–,–,–,–,–,3.89,–,–,8.84,–,–,3840.0,542.0,459.0,6.79,1440.0,274.0,179.0,4.17,–,,–,104,77700,–,58.9,491,–,–,112,269,–,–,–,–,–,–,–,–,–,–,–,–,–,–,–,–,4.8,14.6,78.1,–,94.2,49.5,65.6,10,7.5,3,W360X421,W360X421,421.0,53700,424,425,–,–,–,409,410,–,–,–,32.8,33.3,17.5,52.6,52.4,–,–,–,67.8,85.7,47.6,–,–,–,–,–,3.89,–,–,8.84,–,–,1600.0,8880.0,7520.0,172.0,599.0,4490.0,2930.0,106.0,–,–,–,43300,20900,–,38000,204,–,–,1840,4410,–,–,–,–,–,–,–,–,–,–,–,–,–,–,–,–,122,371,1980,–,2390,1260,1670,254,191,76.2,4.17
W,W14X257,W14X257,F,257.0,75.6,16.4,16.375,–,–,–,16,16,–,–,–,1.18,1.1875,0.625,1.89,1.875,–,–,–,2.49,3.1875,1.8125,–,–,–,–,–,4.23,–,–,9.71,–,–,3400.0,487.0,415.0,6.71,1290.0,246.0,161.0,4.13,–,,–,79.1,67800,–,58,439,–,–,102,243,–,–,–,–,–,–,–,–,–,–,–,–,–,–,–,–,4.75,14.5,77.4,–,93.4,48.8,64.8,10,7.5,3,W360X382,W360X382,382.0,48800,417,416,–,–,–,406,406,–,–,–,30,30.2,15.9,48,47.6,–,–,–,63.2,81,46,–,–,–,–,–,4.23,–,–,9.71,–,–,1420.0,7980.0,6800.0,170.0,537.0,4030.0,2640.0,105.0,–,–,–,32900,18200,–,37400,183,–,–,1670,3980,–,–,–,–,–,–,–,–,–,–,–,–,–,–,–,–,121,368,1970,–,2370,1240,1650,254,191,76.2,4.13
W,W14X233,W14X233,F,233.0,68.5,16,16,–,–,–,15.9,15.875,–,–,–,1.07,1.0625,0.5625,1.72,1.75,–,–,–,2.32,3,1.75,–,–,–,–,–,4.62,–,–,10.7,–,–,3010.0,436.0,375.0,6.63,1150.0,221.0,145.0,4.1,–,,–,59.5,59000,–,56.8,388,–,–,91.1,216,–,–,–,–,–,–,–,–,–,–,–,–,–,–,–,–,4.69,14.3,76.5,–,92.4,47.9,63.8,10,7.5,3,W360X347,W360X347,347.0,44200,406,406,–,–,–,404,403,–,–,–,27.2,27,14.3,43.7,44.4,–,–,–,58.9,76.2,44.5,–,–,–,–,–,4.62,–,–,10.7,–,–,1250.0,7140.0,6150.0,168.0,479.0,3620.0,2380.0,104.0,–,–,–,24800,15800,–,36600,161,–,–,1490,3540,–,–,–,–,–,–,–,–,–,–,–,–,–,–,–,–,119,363,1940,–,2350,1220,1620,254,191,76.2,4.1
W,W14X211,W14X211,F,211.0,62.0,15.7,15.75,–,–,–,15.8,15.75,–,–,–,0.98,1,0.5,1.56,1.5625,–,–,–,2.16,2.875,1.6875,–,–,–,–,–,5.06,–,–,11.6,–,–,2660.0,390.0,338.0,6.55,1030.0,198.0,130.0,4.07,–,,–,44.6,51500,–,55.9,344,–,–,81.7,194,–,–,–,–,–,–,–,–,–,–,–,–,–,–,–,–,4.64,14.1,75.8,–,91.6,47.2,63,10,7.5,3,W360X314,W360X314,314.0,40000,399,400,–,–,–,401,400,–,–,–,24.9,25.4,12.7,39.6,39.7,–,–,–,54.9,73,42.9,–,–,–,–,–,5.06,–,–,11.6,–,–,1110.0,6390.0,5540.0,166.0,429.0,3240.0,2130.0,103.0,–,–,–,18600,13800,–,36100,143,–,–,1340,3180,–,–,–,–,–,–,–,–,–,–,–,–,–,–,–,–,118,358,1930,–,2330,1200,1600,254,191,76.2,4.07
W,W14X193,W14X193,F,193.0,56.8,15.5,15.5,–,–,–,15.7,15.75,–,–,–,0.89,0.875,0.4375,1.44,1.4375,–,–,–,2.04,2.75,1.6875,–,–,–,–,–,5.45,–,–,12.8,–,–,2400.0,355.0,310.0,6.5,931.0,180.0,119.0,4.05,–,,–,34.8,45900,–,55.2,312,–,–,75,177,–,–,–,–,–,–,–,–,–,–,–,–,–,–,–,–,4.59,14.1,75.3,–,91,46.7,62.4,10,7.5,3,W360X287,W360X287,287.0,36600,394,394,–,–,–,399,400,–,–,–,22.6,22.2,11.1,36.6,36.5,–,–,–,51.8,69.9,42.9,–,–,–,–,–,5.45,–,–,12.8,–,–,999.0,5820.0,5080.0,165.0,388.0,2950.0,1950.0,103.0,–,–,–,14500,12300,–,35600,130,–,–,1230,2900,–,–,–,–,–,–,–,–,–,–,–,–,–,–,–,–,117,358,1910,–,2310,1190,1580,254,191,76.2,4.05
W,W14X176,W14X176,F,176.0,51.8,15.2,15.25,–,–,–,15.7,15.625,–,–,–,0.83,0.8125,0.4375,1.31,1.3125,–,–,–,1.91,2.625,1.625,–,–,–,–,–,5.97,–,–,13.7,–,–,2140.0,320.0,281.0,6.43,838.0,163.0,107.0,4.02,–,,–,26.5,40500,–,54.5,280,–,–,67.6,159,–,–,–,–,–,–,–,–,–,–,–,–,–,–,–,–,4.55,13.9,74.8,–,90.5,46.1,61.8,10,7.5,3,W360X262,W360X262,262.0,33400,386,387,–,–,–,399,397,–,–,–,21.1,20.6,11.1,33.3,33.3,–,–,–,48.5,66.7,41.3,–,–,–,–,–,5.97,–,–,13.7,–,–,891.0,5240.0,4600.0,163.0,349.0,2670.0,1750.0,102.0,–,–,–,11000,10900,–,35200,117,–,–,1110,2610,–,–,–,–,–,–,–,–,–,–,–,–,–,–,–,–,116,353,1900,–,2300,1170,1570,254,191,76.2,4.02
W,W14X159,W14X159,F,159.0,46.7,15,15,–,–,–,15.6,15.625,–,–,–,0.745,0.75,0.375,1.19,1.1875,–,–,–,1.79,2.5,1.5625,–,–,–,–,–,6.54,–,–,15.3,–,–,1900.0,287.0,254.0,6.38,748.0,146.0,96.2,4.0,–,,–,19.7,35600,–,53.9,250,–,–,61,143,–,–,–,–,–,–,–,–,–,–,–,–,–,–,–,–,4.51,13.8,74.3,–,89.9,45.6,61.2,10,7.5,3,W360X237,W360X237,237.0,30100,381,381,–,–,–,396,397,–,–,–,18.9,19,9.52,30.2,30.2,–,–,–,45.5,63.5,39.7,–,–,–,–,–,6.54,–,–,15.3,–,–,791.0,4700.0,4160.0,162.0,311.0,2390.0,1580.0,102.0,–,–,–,8200,9560,–,34800,104,–,–,1000,2340,–,–,–,–,–,–,–,–,–,–,–,–,–,–,–,–,115,351,1890,–,2280,1160,1550,254,191,76.2,4.0
W,W14X145,W14X145,F,145.0,42.7,14.8,14.75,–,–,–,15.5,15.5,–,–,–,0.68,0.6875,0.375,1.09,1.0625,–,–,–,1.69,2.375,1.5625,–,–,–,–,–,7.11,–,–,16.8,–,–,1710.0,260.0,232.0,6.33,677.0,133.0,87.3,3.98,–,,–,15.2,31700,–,53.1,224,–,–,55.4,129,–,–,–,–,–,–,–,–,–,–,–,–,–,–,–,–,4.47,13.7,73.7,–,89.2,45.1,60.6,10,7.5,3,W360X216,W360X216,216.0,27500,376,375,–,–,–,394,394,–,–,–,17.3,17.5,9.52,27.7,27,–,–,–,42.9,60.3,39.7,–,–,–,–,–,7.11,–,–,16.8,–,–,712.0,4260.0,3800.0,161.0,282.0,2180.0,1430.0,101.0,–,–,–,6330,8510,–,34300,93.2,–,–,908,2110,–,–,–,–,–,–,–,–,–,–,–,–,–,–,–,–,114,348,1870,–,2270,1150,1540,254,191,76.2,3.98
W,W14X132,W14X132,F,132.0,38.8,14.7,14.625,–,–,–,14.7,14.75,–,–,–,0.645,0.625,0.3125,1.03,1,–,–,–,1.63,2.3125,1.5625,–,–,–,–,–,7.15,–,–,17.7,–,–,1530.0,234.0,209.0,6.28,548.0,113.0,74.5,3.76,–,,–,12.3,25500,–,50.2,190,–,–,49.5,116,–,–,–,–,–,–,–,–,–,–,–,–,–,–,–,–,4.23,13.7,71.2,–,85.9,44.1,58.8,10,5.5,–,W360X196,W360X196,196.0,25000,373,371,–,–,–,373,375,–,–,–,16.4,15.9,7.94,26.2,25.4,–,–,–,41.4,58.7,39.7,–,–,–,–,–,7.15,–,–,17.7,–,–,637.0,3830.0,3420.0,160.0,228.0,1850.0,1220.0,95.5,–,–,–,5120,6850,–,32400,79.1,–,–,811,1900,–,–,–,–,–,–,–,–,–,–,–,–,–,–,–,–,107,348,1810,–,2180,1120,1490,254,140,–,3.76
W,W14X120,W14X120,F,120.0,35.3,14.5,14.5,–,–,–,14.7,14.625,–,–,–,0.59,0.5625,0.3125,0.94,0.9375,–,–,–,1.54,2.25,1.5,–,–,–,–,–,7.8,–,–,19.3,–,–,1380.0,212.0,190.0,6.24,495.0,102.0,67.5,3.74,–,,–,9.37,22700,–,49.8,172,–,–,45,105,–,–,–,–,–,–,–,–,–,–,–,–,–,–,–,–,4.2,13.6,70.9,–,85.6,43.7,58.4,10,5.5,–,W360X179,W360X179,179.0,22800,368,368,–,–,–,373,371,–,–,–,15,14.3,7.94,23.9,23.8,–,–,–,39.1,57.2,38.1,–,–,–,–,–,7.8,–,–,19.3,–,–,574.0,3470.0,3110.0,158.0,206.0,1670.0,1110.0,95.0,–,–,–,3900,6100,–,32100,71.6,–,–,737,1720,–,–,–,–,–,–,–,–,–,–,–,–,–,–,–,–,107,345,1800,–,2170,1110,1480,254,140,–,3.74
W,W14X109,W14X109,F,109.0,32.0,14.3,14.375,–,–,–,14.6,14.625,–,–,–,0.525,0.5,0.25,0.86,0.875,–,–,–,1.46,2.1875,1.5,–,–,–,–,–,8.49,–,–,21.7,–,–,1240.0,192.0,173.0,6.22,447.0,92.7,61.2,3.73,–,,–,7.12,20200,–,49.1,154,–,–,40.7,94.8,–,–,–,–,–,–,–,–,–,–,–,–,–,–,–,–,4.17,13.4,70.3,–,84.9,43.2,57.8,10,5.5,–,W360X162,W360X162,162.0,20600,363,365,–,–,–,371,371,–,–,–,13.3,12.7,6.35,21.8,22.2,–,–,–,37.1,55.6,38.1,–,–,–,–,–,8.49,–,–,21.7,–,–,516.0,3150.0,2830.0,158.0,186.0,1520.0,1000.0,94.7,–,–,–,2960,5420,–,31700,64.1,–,–,667,1550,–,–,–,–,–,–,–,–,–,–,–,–,–,–,–,–,106,340,1790,–,2160,1100,1470,254,140,–,3.73
W,W14X99,W14X99,F,99.0,29.1,14.2,14.125,–,–,–,14.6,14.625,–,–,–,0.485,0.5,0.25,0.78,0.75,–,–,–,1.38,2.0625,1.4375,–,–,–,–,–,9.34,–,–,23.5,–,–,1110.0,173.0,157.0,6.17,402.0,83.6,55.2,3.71,–,,–,5.37,18000,–,49,139,–,–,36.9,86.1,–,–,–,–,–,–,–,–,–,–,–,–,–,–,–,–,4.14,13.4,70.2,–,84.8,43,57.6,10,5.5,–,W360X147,W360X147,147.0,18800,361,359,–,–,–,371,371,–,–,–,12.3,12.7,6.35,19.8,19,–,–,–,35.1,52.4,36.5,–,–,–,–,–,9.34,–,–,23.5,–,–,462.0,2830.0,2570.0,157.0,167.0,1370.0,905.0,94.2,–,–,–,2240,4830,–,31600,57.9,–,–,605,1410,–,–,–,–,–,–,–,–,–,–,–,–,–,–,–,–,105,340,1780,–,2150,1090,1460,254,140,–,3.71
W,W14X90,W14X90,F,90.0,26.5,14,14,–,–,–,14.5,14.5,–,–,–,0.44,0.4375,0.25,0.71,0.6875,–,–,–,1.31,2,1.4375,–,–,–,–,–,10.2,–,–,25.9,–,–,999.0,157.0,143.0,6.14,362.0,75.6,49.9,3.7,–,,–,4.06,16000,–,48.2,124,–,–,33.2,77.1,–,–,–,–,–,–,–,–,–,–,–,–,–,–,–,–,4.1,13.3,69.6,–,84.1,42.5,57,10,5.5,–,W360X134,W360X134,134.0,17100,356,356,–,–,–,368,368,–,–,–,11.2,11.1,6.35,18,17.5,–,–,–,33.3,50.8,36.5,–,–,–,–,–,10.2,–,–,25.9,–,–,416.0,2570.0,2340.0,156.0,151.0,1240.0,818.0,94.0,–,–,–,1690,4300,–,31100,51.6,–,–,544,1260,–,–,–,–,–,–,–,–,–,–,–,–,–,–,–,–,104,338,1770,–,2140,1080,1450,254,140,–,3.7
W,W14X82,W14X82,F,82.0,24.0,14.3,14.25,–,–,–,10.1,10.125,–,–,–,0.51,0.5,0.25,0.855,0.875,–,–,–,1.45,1.6875,1.0625,–,–,–,–,–,5.92,–,–,22.4,–,–,881.0,139.0,123.0,6.05,148.0,44.8,29.3,2.48,–,,–,5.07,6710,–,33.9,73.3,–,–,27.6,68.2,–,–,–,–,–,–,–,–,–,–,–,–,–,–,–,–,2.85,13.4,56.9,–,67,38.7,48.8,10.875,5.5,–,W360X122,W360X122,122.0,15500,363,362,–,–,–,257,257,–,–,–,13,12.7,6.35,21.7,22.2,–,–,–,36.8,42.9,27,–,–,–,–,–,5.92,–,–,22.4,–,–,367.0,2280.0,2020.0,154.0,61.6,734.0,480.0,63.0,–,–,–,2110,1800,–,21900,30.5,–,–,452,1120,–,–,–,–,–,–,–,–,–,–,–,–,–,–,–,–,72.4,340,1450,–,1700,983,1240,276,140,–,2.48
W,W14X74,W14X74,F,74.0,21.8,14.2,14.125,–,–,–,10.1,10.125,–,–,–,0.45,0.4375,0.25,0.785,0.8125,–,–,–,1.38,1.625,1.0625,–,–,–,–,–,6.41,–,–,25.4,–,–,795.0,126.0,112.0,6.04,134.0,40.5,26.6,2.48,–,,–,3.87,5990,–,33.9,67.1,–,–,25.4,62.2,–,–,–,–,–,–,–,–,–,–,–,–,–,–,–,–,2.83,13.4,56.8,–,66.9,38.5,48.6,10.875,5.5,–,W360X110,W360X110,110.0,14100,361,359,–,–,–,257,257,–,–,–,11.4,11.1,6.35,19.9,20.6,–,–,–,35.1,41.3,27,–,–,–,–,–,6.41,–,–,25.4,–,–,331.0,2060.0,1840.0,153.0,55.8,664.0,436.0,63.0,–,–,–,1610,1610,–,21900,27.9,–,–,416,1020,–,–,–,–,–,–,–,–,–,–,–,–,–,–,–,–,71.9,340,1440,–,1700,978,1230,276,140,–,2.48
W,W14X68,W14X68,F,68.0,20.0,14,14,–,–,–,10,10,–,–,–,0.415,0.4375,0.25,0.72,0.75,–,–,–,1.31,1.5625,1.0625,–,–,–,–,–,6.97,–,–,27.5,–,–,722.0,115.0,103.0,6.01,121.0,36.9,24.2,2.46,–,,–,3.01,5380,–,33.2,59.8,–,–,22.9,56,–,–,–,–,–,–,–,–,–,–,–,–,–,–,–,–,2.8,13.3,56.2,–,66.2,38,48,10.875,5.5,–,W360X101,W360X101,101.0,12900,356,356,–,–,–,254,254,–,–,–,10.5,11.1,6.35,18.3,19,–,–,–,33.3,39.7,27,–,–,–,–,–,6.97,–,–,27.5,–,–,301.0,1880.0,1690.0,153.0,50.4,605.0,397.0,62.5,–,–,–,1250,1440,–,21400,24.9,–,–,375,918,–,–,–,–,–,–,–,–,–,–,–,–,–,–,–,–,71.1,338,1430,–,1680,965,1220,276,140,–,2.46
W,W14X61,W14X61,F,61.0,17.9,13.9,13.875,–,–,–,10,10,–,–,–,0.375,0.375,0.1875,0.645,0.625,–,–,–,1.24,1.5,1,–,–,–,–,–,7.75,–,–,30.4,–,–,640.0,102.0,92.1,5.98,107.0,32.8,21.5,2.45,–,,–,2.19,4710,–,33.1,53.4,–,–,20.6,50.2,–,–,–,–,–,–,–,–,–,–,–,–,–,–,–,–,2.78,13.3,56,–,66,37.8,47.8,10.875,5.5,–,W360X91,W360X91,91.0,11500,353,352,–,–,–,254,254,–,–,–,9.53,9.52,4.76,16.4,15.9,–,–,–,31.5,38.1,25.4,–,–,–,–,–,7.75,–,–,30.4,–,–,266.0,1670.0,1510.0,152.0,44.5,537.0,352.0,62.2,–,–,–,912,1260,–,21400,22.2,–,–,338,823,–,–,–,–,–,–,–,–,–,–,–,–,–,–,–,–,70.6,338,1420,–,1680,960,1210,276,140,–,2.45
W,W14X53,W14X53,F,53.0,15.6,13.9,13.875,–,–,–,8.06,8,–,–,–,0.37,0.375,0.1875,0.66,0.6875,–,–,–,1.25,1.5,1,–,–,–,–,–,6.11,–,–,30.9,–,–,541.0,87.1,77.8,5.89,57.7,22.0,14.3,1.92,–,,–,1.94,2540,–,26.7,35.5,–,–,16.8,42.5,–,–,–,–,–,–,–,–,–,–,–,–,–,–,–,–,2.22,13.2,50.2,–,58.3,35.9,43.9,10.875,5.5,–,W360X79,W360X79,79.0,10100,353,352,–,–,–,205,203,–,–,–,9.4,9.52,4.76,16.8,17.5,–,–,–,31.8,38.1,25.4,–,–,–,–,–,6.11,–,–,30.9,–,–,225.0,1430.0,1270.0,150.0,24.0,361.0,234.0,48.8,–,–,–,807,682,–,17200,14.8,–,–,275,696,–,–,–,–,–,–,–,–,–,–,–,–,–,–,–,–,56.4,335,1280,–,1480,912,1120,276,140,–,1.92
W,W14X48,W14X48,F,48.0,14.1,13.8,13.75,–,–,–,8.03,8,–,–,–,0.34,0.3125,0.1875,0.595,0.625,–,–,–,1.19,1.4375,1,–,–,–,–,–,6.75,–,–,33.6,–,–,484.0,78.4,70.2,5.85,51.4,19.6,12.8,1.91,–,,–,1.45,2240,–,26.5,31.7,–,–,15.1,38.3,–,–,–,–,–,–,–,–,–,–,–,–,–,–,–,–,2.2,13.2,50,–,58,35.6,43.7,10.875,5.5,–,W360X72,W360X72,72.0,9100,351,349,–,–,–,204,203,–,–,–,8.64,7.94,4.76,15.1,15.9,–,–,–,30.2,36.5,25.4,–,–,–,–,–,6.75,–,–,33.6,–,–,201.0,1280.0,1150.0,149.0,21.4,321.0,210.0,48.5,–,–,–,604,602,–,17100,13.2,–,–,247,628,–,–,–,–,–,–,–,–,–,–,–,–,–,–,–,–,55.9,335,1270,–,1470,904,1110,276,140,–,1.91
W,W14X43,W14X43,F,43.0,12.6,13.7,13.625,–,–,–,8,8,–,–,–,0.305,0.3125,0.1875,0.53,0.5,–,–,–,1.12,1.375,1,–,–,–,–,–,7.54,–,–,37.4,–,–,428.0,69.6,62.6,5.82,45.2,17.3,11.3,1.89,–,,–,1.05,1950,–,26.3,27.9,–,–,13.4,34,–,–,–,–,–,–,–,–,–,–,–,–,–,–,–,–,2.18,13.2,49.8,–,57.8,35.4,43.4,10.875,5.5,–,W360X64,W360X64,64.0,8130,348,346,–,–,–,203,203,–,–,–,7.75,7.94,4.76,13.5,12.7,–,–,–,28.4,34.9,25.4,–,–,–,–,–,7.54,–,–,37.4,–,–,178.0,1140.0,1030.0,148.0,18.8,283.0,185.0,48.0,–,–,–,437,524,–,17000,11.6,–,–,220,557,–,–,–,–,–,–,–,–,–,–,–,–,–,–,–,–,55.4,335,1260,–,1470,899,1100,276,140,–,1.89
W,W14X38,W14X38,F,38.0,11.2,14.1,14.125,–,–,–,6.77,6.75,–,–,–,0.31,0.3125,0.1875,0.515,0.5,–,–,–,0.915,1.25,0.8125,–,–,–,–,–,6.57,–,–,39.6,–,–,385.0,61.5,54.6,5.87,26.7,12.1,7.88,1.55,–,,–,0.798,1230,–,23,20,–,–,11.3,30.3,–,–,–,–,–,–,–,–,–,–,–,–,–,–,–,–,1.82,13.6,47.2,–,54,35,41.7,11.625,3.5,–,W360X57.8,W360X57.8,57.8,7230,358,359,–,–,–,172,171,–,–,–,7.87,7.94,4.76,13.1,12.7,–,–,–,23.2,31.8,20.6,–,–,–,–,–,6.57,–,–,39.6,–,–,160.0,1010.0,895.0,149.0,11.1,198.0,129.0,39.4,–,–,–,332,330,–,14800,8.32,–,–,185,497,–,–,–,–,–,–,–,–,–,–,–,–,–,–,–,–,46.2,345,1200,–,1370,889,1060,295,88.9,–,1.55
W,W14X34,W14X34,F,34.0,10.0,14,14,–,–,–,6.75,6.75,–,–,–,0.285,0.3125,0.1875,0.455,0.4375,–,–,–,0.855,1.1875,0.75,–,–,–,–,–,7.41,–,–,43.1,–,–,340.0,54.6,48.6,5.83,23.3,10.6,6.91,1.53,–,,–,0.569,1070,–,22.9,17.6,–,–,10,26.9,–,–,–,–,–,–,–,–,–,–,–,–,–,–,–,–,1.8,13.5,47,–,53.7,34.8,41.5,11.625,3.5,–,W360X51,W360X51,51.0,6450,356,356,–,–,–,171,171,–,–,–,7.24,7.94,4.76,11.6,11.1,–,–,–,21.7,30.2,19.1,–,–,–,–,–,7.41,–,–,43.1,–,–,142.0,895.0,796.0,148.0,9.7,174.0,113.0,38.9,–,–,–,237,287,–,14800,7.33,–,–,164,441,–,–,–,–,–,–,–,–,–,–,–,–,–,–,–,–,45.7,343,1190,–,1360,884,1050,295,88.9,–,1.53
W,W14X30,W14X30,F,30.0,8.85,13.8,13.875,–,–,–,6.73,6.75,–,–,–,0.27,0.25,0.125,0.385,0.375,–,–,–,0.785,1.125,0.75,–,–,–,–,–,8.74,–,–,45.4,–,–,291.0,47.3,42.0,5.73,19.6,8.99,5.82,1.49,–,,–,0.38,887,–,22.6,14.6,–,–,8.34,23.1,–,–,–,–,–,–,–,–,–,–,–,–,–,–,–,–,1.77,13.4,46.6,–,53.3,34.3,41.1,11.625,3.5,–,W360X44,W360X44,44.0,5710,351,352,–,–,–,171,171,–,–,–,6.86,6.35,3.18,9.78,9.52,–,–,–,19.9,28.6,19.1,–,–,–,–,–,8.74,–,–,45.4,–,–,121.0,775.0,688.0,146.0,8.16,147.0,95.4,37.8,–,–,–,158,238,–,14600,6.08,–,–,137,379,–,–,–,–,–,–,–,–,–,–,–,–,–,–,–,–,45,340,1180,–,1350,871,1040,295,88.9,–,1.49
W,W14X26,W14X26,F,26.0,7.69,13.9,13.875,–,–,–,5.03,5,–,–,–,0.255,0.25,0.125,0.42,0.4375,–,–,–,0.82,1.125,0.75,–,–,–,–,–,5.98,–,–,48.1,–,–,245.0,40.2,35.3,5.65,8.91,5.54,3.55,1.08,–,,–,0.358,405,–,17,8.95,–,–,6.76,19.7,–,–,–,–,–,–,–,–,–,–,–,–,–,–,–,–,1.3,13.5,41.7,–,46.7,32.8,37.9,11.625,2.75,–,W360X39,W360X39,39.0,4960,353,352,–,–,–,128,127,–,–,–,6.48,6.35,3.18,10.7,11.1,–,–,–,20.8,28.6,19.1,–,–,–,–,–,5.98,–,–,48.1,–,–,102.0,659.0,578.0,144.0,3.71,90.8,58.2,27.4,–,–,–,149,109,–,11000,3.73,–,–,111,323,–,–,–,–,–,–,–,–,–,–,–,–,–,–,–,–,33,343,1060,–,1190,833,963,295,69.9,–,1.08
W,W14X22,W14X22,F,22.0,6.49,13.7,13.75,–,–,–,5,5,–,–,–,0.23,0.25,0.125,0.335,0.3125,–,–,–,0.735,1.0625,0.75,–,–,–,–,–,7.46,–,–,53.3,–,–,199.0,33.2,29.0,5.54,7.0,4.39,2.8,1.04,–,,–,0.208,314,–,16.7,7,–,–,5.34,16.1,–,–,–,–,–,–,–,–,–,–,–,–,–,–,–,–,1.27,13.4,41.3,–,46.3,32.4,37.4,11.625,2.75,–,W360X32.9,W360X32.9,32.9,4190,348,349,–,–,–,127,127,–,–,–,5.84,6.35,3.18,8.51,7.94,–,–,–,18.7,27,19.1,–,–,–,–,–,7.46,–,–,53.3,–,–,82.8,544.0,475.0,141.0,2.91,71.9,45.9,26.4,–,–,–,86.6,84.3,–,10800,2.91,–,–,87.5,264,–,–,–,–,–,–,–,–,–,–,–,–,–,–,–,–,32.3,340,1050,–,1180,823,950,295,69.9,–,1.04
W,W12X336,W12X336,T,336.0,98.9,16.8,16.875,–,–,–,13.4,13.375,–,–,–,1.78,1.75,0.875,2.96,2.9375,–,–,–,3.55,3.875,1.6875,–,–,–,–,–,2.26,–,–,5.47,–,–,4060.0,603.0,483.0,6.41,1190.0,274.0,177.0,3.47,–,,–,243,57000,–,46.4,460,–,–,119,301,–,–,–,–,–,–,–,–,–,–,–,–,–,–,–,–,4.13,13.8,69.2,–,82.6,47,60.4,9.125,5.5,–,W310X500,W310X500,500.0,63800,427,429,–,–,–,340,340,–,–,–,45.2,44.4,22.2,75.2,74.6,–,–,–,90.2,98.4,42.9,–,–,–,–,–,2.26,–,–,5.47,–,–,1690.0,9880.0,7910.0,163.0,495.0,4490.0,2900.0,88.1,–,–,–,101000,15300,–,29900,191,–,–,1950,4930,–,–,–,–,–,–,–,–,–,–,–,–,–,–,–,–,105,351,1760,–,2100,1190,1530,232,140,–,3.47
W,W12X305,W12X305,T,305.0,89.5,16.3,16.375,–,–,–,13.2,13.25,–,–,–,1.63,1.625,0.8125,2.71,2.6875,–,–,–,3.3,3.625,1.625,–,–,–,–,–,2.45,–,–,5.98,–,–,3550.0,537.0,435.0,6.29,1050.0,244.0,159.0,3.42,–,,–,185,48600,–,44.8,401,–,–,107,267,–,–,–,–,–,–,–,–,–,–,–,–,–,–,–,–,4.05,13.6,67.9,–,81.1,45.8,59,9.125,5.5,–,W310X454,W310X454,454.0,57700,414,416,–,–,–,335,337,–,–,–,41.4,41.3,20.6,68.8,68.3,–,–,–,83.8,92.1,41.3,–,–,–,–,–,2.45,–,–,5.98,–,–,1480.0,8800.0,7130.0,160.0,437.0,4000.0,2610.0,86.9,–,–,–,77000,13100,–,28900,167,–,–,1750,4380,–,–,–,–,–,–,–,–,–,–,–,–,–,–,–,–,103,345,1720,–,2060,1160,1500,232,140,–,3.42
W,W12X279,W12X279,T,279.0,81.9,15.9,15.875,–,–,–,13.1,13.125,–,–,–,1.53,1.5,0.75,2.47,2.5,–,–,–,3.07,3.375,1.625,–,–,–,–,–,2.66,–,–,6.35,–,–,3110.0,481.0,393.0,6.16,937.0,220.0,143.0,3.38,–,,–,143,42000,–,44,356,–,–,96,240,–,–,–,–,–,–,–,–,–,–,–,–,–,–,–,–,4,13.4,67,–,80.1,44.9,58,9.125,5.5,–,W310X415,W310X415,415.0,52800,404,403,–,–,–,333,333,–,–,–,38.9,38.1,19,62.7,63.5,–,–,–,78,85.7,41.3,–,–,–,–,–,2.66,–,–,6.35,–,–,1290.0,7880.0,6440.0,156.0,390.0,3610.0,2340.0,85.9,–,–,–,59500,11300,–,28400,148,–,–,1570,3930,–,–,–,–,–,–,–,–,–,–,–,–,–,–,–,–,102,340,1700,–,2030,1140,1470,232,140,–,3.38
W,W12X252,W12X252,T,252.0,74.1,15.4,15.375,–,–,–,13,13,–,–,–,1.4,1.375,0.6875,2.25,2.25,–,–,–,2.85,3.125,1.5,–,–,–,–,–,2.89,–,–,6.96,–,–,2720.0,428.0,353.0,6.06,828.0,196.0,127.0,3.34,–,,–,108,35800,–,42.7,313,–,–,85.8,213,–,–,–,–,–,–,–,–,–,–,–,–,–,–,–,–,3.93,13.2,66,–,79,43.8,56.8,9.125,5.5,–,W310X375,W310X375,375.0,47800,391,391,–,–,–,330,330,–,–,–,35.6,34.9,17.5,57.2,57.2,–,–,–,72.4,79.4,38.1,–,–,–,–,–,2.89,–,–,6.96,–,–,1130.0,7010.0,5780.0,154.0,345.0,3210.0,2080.0,84.8,–,–,–,45000,9610,–,27500,130,–,–,1410,3490,–,–,–,–,–,–,–,–,–,–,–,–,–,–,–,–,99.8,335,1680,–,2010,1110,1440,232,140,–,3.34
W,W12X230,W12X230,T,230.0,67.7,15.1,15,–,–,–,12.9,12.875,–,–,–,1.29,1.3125,0.6875,2.07,2.0625,–,–,–,2.67,2.9375,1.5,–,–,–,–,–,3.11,–,–,7.56,–,–,2420.0,386.0,321.0,5.97,742.0,177.0,115.0,3.31,–,,–,83.8,31200,–,42,281,–,–,78.3,193,–,–,–,–,–,–,–,–,–,–,–,–,–,–,–,–,3.87,13,65.3,–,78.2,43.1,56,9.125,5.5,–,W310X342,W310X342,342.0,43700,384,381,–,–,–,328,327,–,–,–,32.8,33.3,17.5,52.6,52.4,–,–,–,67.8,74.6,38.1,–,–,–,–,–,3.11,–,–,7.56,–,–,1010.0,6330.0,5260.0,152.0,309.0,2900.0,1880.0,84.1,–,–,–,34900,8380,–,27100,117,–,–,1280,3160,–,–,–,–,–,–,–,–,–,–,–,–,–,–,–,–,98.3,330,1660,–,1990,1090,1420,232,140,–,3.31
W,W12X210,W12X210,F,210.0,61.8,14.7,14.75,–,–,–,12.8,12.75,–,–,–,1.18,1.1875,0.625,1.9,1.875,–,–,–,2.5,2.8125,1.4375,–,–,–,–,–,3.37,–,–,8.23,–,–,2140.0,348.0,292.0,5.89,664.0,159.0,104.0,3.28,–,,–,64.7,27200,–,41,249,–,–,70.6,173,–,–,–,–,–,–,–,–,–,–,–,–,–,–,–,–,3.81,12.8,64.4,–,77.2,42.2,55,9.125,5.5,–,W310X313,W310X313,313.0,39900,373,375,–,–,–,325,324,–,–,–,30,30.2,15.9,48.3,47.6,–,–,–,63.5,71.4,36.5,–,–,–,–,–,3.37,–,–,8.23,–,–,891.0,5700.0,4790.0,150.0,276.0,2610.0,1700.0,83.3,–,–,–,26900,7300,–,26500,104,–,–,1160,2830,–,–,–,–,–,–,–,–,–,–,–,–,–,–,–,–,96.8,325,1640,–,1960,1070,1400,232,140,–,3.28
W,W12X190,W12X190,F,190.0,56.0,14.4,14.375,–,–,–,12.7,12.625,–,–,–,1.06,1.0625,0.5625,1.74,1.75,–,–,–,2.33,2.625,1.375,–,–,–,–,–,3.65,–,–,9.16,–,–,1890.0,311.0,263.0,5.82,589.0,143.0,93.0,3.25,–,,–,48.8,23600,–,40.2,222,–,–,64.1,156,–,–,–,–,–,–,–,–,–,–,–,–,–,–,–,–,3.77,12.7,63.8,–,76.5,41.5,54.2,9.125,5.5,–,W310X283,W310X283,283.0,36100,366,365,–,–,–,323,321,–,–,–,26.9,27,14.3,44.2,44.4,–,–,–,59.2,66.7,34.9,–,–,–,–,–,3.65,–,–,9.16,–,–,787.0,5100.0,4310.0,148.0,245.0,2340.0,1520.0,82.6,–,–,–,20300,6340,–,25900,92.4,–,–,1050,2560,–,–,–,–,–,–,–,–,–,–,–,–,–,–,–,–,95.8,323,1620,–,1940,1050,1380,232,140,–,3.25
W,W12X170,W12X170,F,170.0,50.0,14,14,–,–,–,12.6,12.625,–,–,–,0.96,0.9375,0.5,1.56,1.5625,–,–,–,2.16,2.4375,1.3125,–,–,–,–,–,4.03,–,–,10.1,–,–,1650.0,275.0,235.0,5.74,517.0,126.0,82.3,3.22,–,,–,35.6,20100,–,39.2,193,–,–,56.5,136,–,–,–,–,–,–,–,–,–,–,–,–,–,–,–,–,3.7,12.4,62.9,–,75.5,40.6,53.2,9.125,5.5,–,W310X253,W310X253,253.0,32300,356,356,–,–,–,320,321,–,–,–,24.4,23.8,12.7,39.6,39.7,–,–,–,54.9,61.9,33.3,–,–,–,–,–,4.03,–,–,10.1,–,–,687.0,4510.0,3850.0,146.0,215.0,2060.0,1350.0,81.8,–,–,–,14800,5400,–,25300,80.3,–,–,926,2230,–,–,–,–,–,–,–,–,–,–,–,–,–,–,–,–,94,315,1600,–,1920,1030,1350,232,140,–,3.22
W,W12X152,W12X152,F,152.0,44.7,13.7,13.75,–,–,–,12.5,12.5,–,–,–,0.87,0.875,0.4375,1.4,1.375,–,–,–,2,2.3125,1.25,–,–,–,–,–,4.46,–,–,11.2,–,–,1430.0,243.0,209.0,5.66,454.0,111.0,72.8,3.19,–,,–,25.8,17200,–,38.4,168,–,–,50.1,121,–,–,–,–,–,–,–,–,–,–,–,–,–,–,–,–,3.66,12.3,62.1,–,74.6,39.9,52.4,9.125,5.5,–,W310X226,W310X226,226.0,28800,348,349,–,–,–,318,318,–,–,–,22.1,22.2,11.1,35.6,34.9,–,–,–,50.8,58.7,31.8,–,–,–,–,–,4.46,–,–,11.2,–,–,595.0,3980.0,3420.0,144.0,189.0,1820.0,1190.0,81.0,–,–,–,10700,4620,–,24800,69.9,–,–,821,1980,–,–,–,–,–,–,–,–,–,–,–,–,–,–,–,–,93,312,1580,–,1890,1010,1330,232,140,–,3.19
W,W12X136,W12X136,F,136.0,39.9,13.4,13.375,–,–,–,12.4,12.375,–,–,–,0.79,0.8125,0.4375,1.25,1.25,–,–,–,1.85,2.125,1.25,–,–,–,–,–,4.96,–,–,12.3,–,–,1240.0,214.0,186.0,5.58,398.0,98.0,64.2,3.16,–,,–,18.5,14700,–,37.7,146,–,–,44.1,106,–,–,–,–,–,–,–,–,–,–,–,–,–,–,–,–,3.61,12.2,61.4,–,73.8,39.2,51.6,9.125,5.5,–,W310X202,W310X202,202.0,25700,340,340,–,–,–,315,314,–,–,–,20.1,20.6,11.1,31.8,31.8,–,–,–,47,54,31.8,–,–,–,–,–,4.96,–,–,12.3,–,–,516.0,3510.0,3050.0,142.0,166.0,1610.0,1050.0,80.3,–,–,–,7700,3950,–,24300,60.8,–,–,723,1740,–,–,–,–,–,–,–,–,–,–,–,–,–,–,–,–,91.7,310,1560,–,1870,996,1310,232,140,–,3.16
W,W12X120,W12X120,F,120.0,35.2,13.1,13.125,–,–,–,12.3,12.375,–,–,–,0.71,0.6875,0.375,1.11,1.125,–,–,–,1.7,2,1.1875,–,–,–,–,–,5.57,–,–,13.7,–,–,1070.0,186.0,163.0,5.51,345.0,85.4,56.0,3.13,–,,–,12.9,12400,–,36.9,126,–,–,38.6,92.4,–,–,–,–,–,–,–,–,–,–,–,–,–,–,–,–,3.56,12,60.7,–,73,38.5,50.8,9.125,5.5,–,W310X179,W310X179,179.0,22700,333,333,–,–,–,312,314,–,–,–,18,17.5,9.52,28.2,28.6,–,–,–,43.2,50.8,30.2,–,–,–,–,–,5.57,–,–,13.7,–,–,445.0,3050.0,2670.0,140.0,144.0,1400.0,918.0,79.5,–,–,–,5370,3330,–,23800,52.4,–,–,633,1510,–,–,–,–,–,–,–,–,–,–,–,–,–,–,–,–,90.4,305,1540,–,1850,978,1290,232,140,–,3.13
W,W12X106,W12X106,F,106.0,31.2,12.9,12.875,–,–,–,12.2,12.25,–,–,–,0.61,0.625,0.3125,0.99,1,–,–,–,1.59,1.875,1.125,–,–,–,–,–,6.17,–,–,15.9,–,–,933.0,164.0,145.0,5.47,301.0,75.1,49.3,3.11,–,,–,9.13,10700,–,36.3,110,–,–,34.2,81,–,–,–,–,–,–,–,–,–,–,–,–,–,–,–,–,3.52,11.9,60.2,–,72.4,38,50.2,9.125,5.5,–,W310X158,W310X158,158.0,20100,328,327,–,–,–,310,311,–,–,–,15.5,15.9,7.94,25.1,25.4,–,–,–,40.4,47.6,28.6,–,–,–,–,–,6.17,–,–,15.9,–,–,388.0,2690.0,2380.0,139.0,125.0,1230.0,808.0,79.0,–,–,–,3800,2870,–,23400,45.8,–,–,560,1330,–,–,–,–,–,–,–,–,–,–,–,–,–,–,–,–,89.4,302,1530,–,1840,965,1280,232,140,–,3.11
W,W12X96,W12X96,F,96.0,28.2,12.7,12.75,–,–,–,12.2,12.125,–,–,–,0.55,0.5625,0.3125,0.9,0.875,–,–,–,1.5,1.8125,1.125,–,–,–,–,–,6.76,–,–,17.7,–,–,833.0,147.0,131.0,5.44,270.0,67.5,44.4,3.09,–,,–,6.85,9410,–,36,98.8,–,–,30.9,73,–,–,–,–,–,–,–,–,–,–,–,–,–,–,–,–,3.49,11.8,59.9,–,72.1,37.6,49.8,9.125,5.5,–,W310X143,W310X143,143.0,18200,323,324,–,–,–,310,308,–,–,–,14,14.3,7.94,22.9,22.2,–,–,–,38.1,46,28.6,–,–,–,–,–,6.76,–,–,17.7,–,–,347.0,2410.0,2150.0,138.0,112.0,1110.0,728.0,78.5,–,–,–,2850,2530,–,23200,41.1,–,–,506,1200,–,–,–,–,–,–,–,–,–,–,–,–,–,–,–,–,88.6,300,1520,–,1830,955,1260,232,140,–,3.09
W,W12X87,W12X87,F,87.0,25.6,12.5,12.5,–,–,–,12.1,12.125,–,–,–,0.515,0.5,0.25,0.81,0.8125,–,–,–,1.41,1.6875,1.0625,–,–,–,–,–,7.48,–,–,18.9,–,–,740.0,132.0,118.0,5.38,241.0,60.4,39.7,3.07,–,,–,5.1,8270,–,35.4,86.6,–,–,27.4,64.9,–,–,–,–,–,–,–,–,–,–,–,–,–,–,–,–,3.46,11.7,59.2,–,71.3,37.1,49.2,9.125,5.5,–,W310X129,W310X129,129.0,16500,318,318,–,–,–,307,308,–,–,–,13.1,12.7,6.35,20.6,20.6,–,–,–,35.8,42.9,27,–,–,–,–,–,7.48,–,–,18.9,–,–,308.0,2160.0,1930.0,137.0,100.0,990.0,651.0,78.0,–,–,–,2120,2220,–,22800,36,–,–,449,1060,–,–,–,–,–,–,–,–,–,–,–,–,–,–,–,–,87.9,297,1500,–,1810,942,1250,232,140,–,3.07
W,W12X79,W12X79,F,79.0,23.2,12.4,12.375,–,–,–,12.1,12.125,–,–,–,0.47,0.5,0.25,0.735,0.75,–,–,–,1.33,1.625,1.0625,–,–,–,–,–,8.22,–,–,20.7,–,–,662.0,119.0,107.0,5.34,216.0,54.3,35.8,3.05,–,,–,3.84,7330,–,35.3,78.5,–,–,24.9,58.9,–,–,–,–,–,–,–,–,–,–,–,–,–,–,–,–,3.43,11.7,59.1,–,71.2,36.9,49,9.125,5.5,–,W310X117,W310X117,117.0,15000,315,314,–,–,–,307,308,–,–,–,11.9,12.7,6.35,18.7,19,–,–,–,33.8,41.3,27,–,–,–,–,–,8.22,–,–,20.7,–,–,276.0,1950.0,1750.0,136.0,89.9,890.0,587.0,77.5,–,–,–,1600,1970,–,22800,32.7,–,–,408,965,–,–,–,–,–,–,–,–,–,–,–,–,–,–,–,–,87.1,297,1500,–,1810,937,1240,232,140,–,3.05
W,W12X72,W12X72,F,72.0,21.1,12.3,12.25,–,–,–,12,12,–,–,–,0.43,0.4375,0.25,0.67,0.6875,–,–,–,1.27,1.5625,1.0625,–,–,–,–,–,8.99,–,–,22.6,–,–,597.0,108.0,97.4,5.31,195.0,49.2,32.4,3.04,–,,–,2.93,6540,–,34.9,70.1,–,–,22.5,53.2,–,–,–,–,–,–,–,–,–,–,–,–,–,–,–,–,3.41,11.6,58.7,–,70.7,36.6,48.6,9.125,5.5,–,W310X107,W310X107,107.0,13600,312,311,–,–,–,305,305,–,–,–,10.9,11.1,6.35,17,17.5,–,–,–,32.3,39.7,27,–,–,–,–,–,8.99,–,–,22.6,–,–,248.0,1770.0,1600.0,135.0,81.2,806.0,531.0,77.2,–,–,–,1220,1760,–,22500,29.2,–,–,369,872,–,–,–,–,–,–,–,–,–,–,–,–,–,–,–,–,86.6,295,1490,–,1800,930,1230,232,140,–,3.04
W,W12X65,W12X65,F,65.0,19.1,12.1,12.125,–,–,–,12,12,–,–,–,0.39,0.375,0.1875,0.605,0.625,–,–,–,1.2,1.5,1,–,–,–,–,–,9.92,–,–,24.9,–,–,533.0,96.8,87.9,5.28,174.0,44.1,29.1,3.02,–,,–,2.18,5780,–,34.5,62.6,–,–,20.2,47.5,–,–,–,–,–,–,–,–,–,–,–,–,–,–,–,–,3.38,11.5,58.4,–,70.4,36.2,48.2,9.125,5.5,–,W310X97,W310X97,97.0,12300,307,308,–,–,–,305,305,–,–,–,9.91,9.52,4.76,15.4,15.9,–,–,–,30.5,38.1,25.4,–,–,–,–,–,9.92,–,–,24.9,–,–,222.0,1590.0,1440.0,134.0,72.4,723.0,477.0,76.7,–,–,–,907,1550,–,22300,26.1,–,–,331,778,–,–,–,–,–,–,–,–,–,–,–,–,–,–,–,–,85.9,292,1480,–,1790,919,1220,232,140,–,3.02
W,W12X58,W12X58,F,58.0,17.0,12.2,12.25,–,–,–,10,10,–,–,–,0.36,0.375,0.1875,0.64,0.625,–,–,–,1.24,1.5,0.9375,–,–,–,–,–,7.82,–,–,27,–,–,475.0,86.4,78.0,5.28,107.0,32.5,21.4,2.51,–,,–,2.1,3570,–,28.9,46.2,–,–,17.8,42.4,–,–,–,–,–,–,–,–,–,–,–,–,–,–,–,–,2.81,11.6,52.6,–,62.6,34.4,44.4,9.25,5.5,–,W310X86,W310X86,86.0,11000,310,311,–,–,–,254,254,–,–,–,9.14,9.52,4.76,16.3,15.9,–,–,–,31.5,38.1,23.8,–,–,–,–,–,7.82,–,–,27,–,–,198.0,1420.0,1280.0,134.0,44.5,533.0,351.0,63.8,–,–,–,874,959,–,18600,19.2,–,–,292,695,–,–,–,–,–,–,–,–,–,–,–,–,–,–,–,–,71.4,295,1340,–,1590,874,1130,235,140,–,2.51
W,W12X53,W12X53,F,53.0,15.6,12.1,12,–,–,–,10,10,–,–,–,0.345,0.375,0.1875,0.575,0.5625,–,–,–,1.18,1.375,0.9375,–,–,–,–,–,8.69,–,–,28.1,–,–,425.0,77.9,70.6,5.23,95.8,29.1,19.2,2.48,–,,–,1.58,3160,–,28.8,41.4,–,–,16,38.3,–,–,–,–,–,–,–,–,–,–,–,–,–,–,–,–,2.79,11.5,52.5,–,62.5,34.2,44.2,9.25,5.5,–,W310X79,W310X79,79.0,10100,307,305,–,–,–,254,254,–,–,–,8.76,9.52,4.76,14.6,14.3,–,–,–,30,34.9,23.8,–,–,–,–,–,8.69,–,–,28.1,–,–,177.0,1280.0,1160.0,133.0,39.9,477.0,315.0,63.0,–,–,–,658,849,–,18600,17.2,–,–,262,628,–,–,–,–,–,–,–,–,–,–,–,–,–,–,–,–,70.9,292,1330,–,1590,869,1120,235,140,–,2.48
W,W12X50,W12X50,F,50.0,14.6,12.2,12.25,–,–,–,8.08,8.125,–,–,–,0.37,0.375,0.1875,0.64,0.625,–,–,–,1.14,1.5,0.9375,–,–,–,–,–,6.31,–,–,26.8,–,–,391.0,71.9,64.2,5.18,56.3,21.3,13.9,1.96,–,,–,1.71,1880,–,23.4,30.2,–,–,14.3,35.4,–,–,–,–,–,–,–,–,–,–,–,–,–,–,–,–,2.25,11.6,47,–,55.1,32.5,40.6,9.25,5.5,–,W310X74,W310X74,74.0,9420,310,311,–,–,–,205,206,–,–,–,9.4,9.52,4.76,16.3,15.9,–,–,–,29,38.1,23.8,–,–,–,–,–,6.31,–,–,26.8,–,–,163.0,1180.0,1050.0,132.0,23.4,349.0,228.0,49.8,–,–,–,712,505,–,15100,12.6,–,–,234,580,–,–,–,–,–,–,–,–,–,–,–,–,–,–,–,–,57.2,295,1190,–,1400,826,1030,235,140,–,1.96
W,W12X45,W12X45,F,45.0,13.1,12.1,12,–,–,–,8.05,8,–,–,–,0.335,0.3125,0.1875,0.575,0.5625,–,–,–,1.08,1.375,0.9375,–,–,–,–,–,7,–,–,29.6,–,–,348.0,64.2,57.7,5.15,50.0,19.0,12.4,1.95,–,,–,1.26,1650,–,23.2,26.8,–,–,12.8,31.7,–,–,–,–,–,–,–,–,–,–,–,–,–,–,–,–,2.23,11.5,46.8,–,54.9,32.3,40.3,9.25,5.5,–,W310X67,W310X67,67.0,8450,307,305,–,–,–,204,203,–,–,–,8.51,7.94,4.76,14.6,14.3,–,–,–,27.4,34.9,23.8,–,–,–,–,–,7,–,–,29.6,–,–,145.0,1050.0,946.0,131.0,20.8,311.0,203.0,49.5,–,–,–,524,443,–,15000,11.2,–,–,210,519,–,–,–,–,–,–,–,–,–,–,–,–,–,–,–,–,56.6,292,1190,–,1390,820,1020,235,140,–,1.95
W,W12X40,W12X40,F,40.0,11.7,11.9,12,–,–,–,8.01,8,–,–,–,0.295,0.3125,0.1875,0.515,0.5,–,–,–,1.02,1.375,0.875,–,–,–,–,–,7.77,–,–,33.6,–,–,307.0,57.0,51.5,5.13,44.1,16.8,11.0,1.94,–,,–,0.906,1440,–,22.8,23.5,–,–,11.3,27.8,–,–,–,–,–,–,–,–,–,–,–,–,–,–,–,–,2.21,11.4,46.4,–,54.4,31.8,39.8,9.25,5.5,–,W310X60,W310X60,60.0,7550,302,305,–,–,–,203,203,–,–,–,7.49,7.94,4.76,13.1,12.7,–,–,–,25.9,34.9,22.2,–,–,–,–,–,7.77,–,–,33.6,–,–,128.0,934.0,844.0,130.0,18.4,275.0,180.0,49.3,–,–,–,377,387,–,14700,9.78,–,–,185,456,–,–,–,–,–,–,–,–,–,–,–,–,–,–,–,–,56.1,290,1180,–,1380,808,1010,235,140,–,1.94
W,W12X35,W12X35,F,35.0,10.3,12.5,12.5,–,–,–,6.56,6.5,–,–,–,0.3,0.3125,0.1875,0.52,0.5,–,–,–,0.82,1.1875,0.75,–,–,–,–,–,6.31,–,–,36.2,–,–,285.0,51.2,45.6,5.25,24.5,11.5,7.47,1.54,–,,–,0.741,879,–,19.6,16.8,–,–,9.75,25.4,–,–,–,–,–,–,–,–,–,–,–,–,–,–,–,–,1.79,12,43.5,–,50.1,31.6,38.1,10.125,3.5,–,W310X52,W310X52,52.0,6650,318,318,–,–,–,167,165,–,–,–,7.62,7.94,4.76,13.2,12.7,–,–,–,20.8,30.2,19.1,–,–,–,–,–,6.31,–,–,36.2,–,–,119.0,839.0,747.0,133.0,10.2,188.0,122.0,39.1,–,–,–,308,236,–,12600,6.99,–,–,160,416,–,–,–,–,–,–,–,–,–,–,–,–,–,–,–,–,45.5,305,1100,–,1270,803,968,257,88.9,–,1.54
W,W12X30,W12X30,F,30.0,8.79,12.3,12.375,–,–,–,6.52,6.5,–,–,–,0.26,0.25,0.125,0.44,0.4375,–,–,–,0.74,1.125,0.75,–,–,–,–,–,7.41,–,–,41.8,–,–,238.0,43.1,38.6,5.21,20.3,9.56,6.24,1.52,–,,–,0.457,720,–,19.3,13.9,–,–,8.17,21.3,–,–,–,–,–,–,–,–,–,–,–,–,–,–,–,–,1.77,11.9,43.1,–,49.6,31.1,37.6,10.125,3.5,–,W310X44.5,W310X44.5,44.5,5670,312,314,–,–,–,166,165,–,–,–,6.6,6.35,3.18,11.2,11.1,–,–,–,18.8,28.6,19.1,–,–,–,–,–,7.41,–,–,41.8,–,–,99.1,706.0,633.0,132.0,8.45,157.0,102.0,38.6,–,–,–,190,193,–,12500,5.79,–,–,134,349,–,–,–,–,–,–,–,–,–,–,–,–,–,–,–,–,45,302,1090,–,1260,790,955,257,88.9,–,1.52
W,W12X26,W12X26,F,26.0,7.65,12.2,12.25,–,–,–,6.49,6.5,–,–,–,0.23,0.25,0.125,0.38,0.375,–,–,–,0.68,1.0625,0.75,–,–,–,–,–,8.54,–,–,47.2,–,–,204.0,37.2,33.4,5.17,17.3,8.17,5.34,1.51,–,,–,0.3,607,–,19.2,11.8,–,–,7.03,18.3,–,–,–,–,–,–,–,–,–,–,–,–,–,–,–,–,1.75,11.8,42.9,–,49.4,30.9,37.4,10.125,3.5,–,W310X38.7,W310X38.7,38.7,4940,310,311,–,–,–,165,165,–,–,–,5.84,6.35,3.18,9.65,9.52,–,–,–,17.3,27,19.1,–,–,–,–,–,8.54,–,–,47.2,–,–,84.9,610.0,547.0,131.0,7.2,134.0,87.5,38.4,–,–,–,125,163,–,12400,4.91,–,–,115,300,–,–,–,–,–,–,–,–,–,–,–,–,–,–,–,–,44.4,300,1090,–,1250,785,950,257,88.9,–,1.51
W,W12X22,W12X22,F,22.0,6.48,12.3,12.25,–,–,–,4.03,4,–,–,–,0.26,0.25,0.125,0.425,0.4375,–,–,–,0.725,0.9375,0.625,–,–,–,–,–,4.74,–,–,41.8,–,–,156.0,29.3,25.4,4.91,4.66,3.66,2.31,0.848,–,,–,0.293,164,–,12,5.12,–,–,4.76,14.4,–,–,–,–,–,–,–,–,–,–,–,–,–,–,–,–,1.04,11.9,35.7,–,39.7,28.6,32.7,10.375,2.25,–,W310X32.7,W310X32.7,32.7,4180,312,311,–,–,–,102,102,–,–,–,6.6,6.35,3.18,10.8,11.1,–,–,–,18.4,23.8,15.9,–,–,–,–,–,4.74,–,–,41.8,–,–,64.9,480.0,416.0,125.0,1.94,60.0,37.9,21.5,–,–,–,122,44,–,7740,2.13,–,–,78,236,–,–,–,–,–,–,–,–,–,–,–,–,–,–,–,–,26.4,302,907,–,1010,726,831,264,57.2,–,0.848
W,W12X19,W12X19,F,19.0,5.57,12.2,12.125,–,–,–,4.01,4,–,–,–,0.235,0.25,0.125,0.35,0.375,–,–,–,0.65,0.875,0.5625,–,–,–,–,–,5.72,–,–,46.2,–,–,130.0,24.7,21.3,4.82,3.76,2.98,1.88,0.822,–,,–,0.18,131,–,11.9,4.17,–,–,3.91,12.2,–,–,–,–,–,–,–,–,–,–,–,–,–,–,–,–,1.02,11.9,35.5,–,39.5,28.4,32.4,10.375,2.25,–,W310X28.3,W310X28.3,28.3,3590,310,308,–,–,–,102,102,–,–,–,5.97,6.35,3.18,8.89,9.52,–,–,–,16.5,22.2,14.3,–,–,–,–,–,5.72,–,–,46.2,–,–,54.1,405.0,349.0,122.0,1.57,48.8,30.8,20.9,–,–,–,74.9,35.2,–,7680,1.74,–,–,64.1,200,–,–,–,–,–,–,–,–,–,–,–,–,–,–,–,–,25.9,302,902,–,1000,721,823,264,57.2,–,0.822
W,W12X16,W12X16,F,16.0,4.71,12,12,–,–,–,3.99,4,–,–,–,0.22,0.25,0.125,0.265,0.25,–,–,–,0.565,0.8125,0.5625,–,–,–,–,–,7.53,–,–,49.4,–,–,103.0,20.1,17.1,4.67,2.82,2.26,1.41,0.773,–,,–,0.103,96.9,–,11.7,3.09,–,–,2.93,9.82,–,–,–,–,–,–,–,–,–,–,–,–,–,–,–,–,0.983,11.7,35,–,39,28,32,10.375,2.25,–,W310X23.8,W310X23.8,23.8,3040,305,305,–,–,–,101,102,–,–,–,5.59,6.35,3.18,6.73,6.35,–,–,–,14.4,20.6,14.3,–,–,–,–,–,7.53,–,–,49.4,–,–,42.9,329.0,280.0,119.0,1.17,37.0,23.1,19.6,–,–,–,42.9,26,–,7550,1.29,–,–,48,161,–,–,–,–,–,–,–,–,–,–,–,–,–,–,–,–,25,297,889,–,991,711,813,264,57.2,–,0.773
W,W12X14,W12X14,F,14.0,4.16,11.9,11.875,–,–,–,3.97,4,–,–,–,0.2,0.1875,0.125,0.225,0.25,–,–,–,0.525,0.75,0.5625,–,–,–,–,–,8.82,–,–,54.3,–,–,88.6,17.4,14.9,4.62,2.36,1.9,1.19,0.753,–,,–,0.0704,80.4,–,11.6,2.59,–,–,2.48,8.49,–,–,–,–,–,–,–,–,–,–,–,–,–,–,–,–,0.961,11.7,34.8,–,38.8,27.8,31.7,10.375,2.25,–,W310X21,W310X21,21.0,2680,302,302,–,–,–,101,102,–,–,–,5.08,4.76,3.18,5.72,6.35,–,–,–,13.3,19.1,14.3,–,–,–,–,–,8.82,–,–,54.3,–,–,36.9,285.0,244.0,117.0,0.982,31.1,19.5,19.1,–,–,–,29.3,21.6,–,7480,1.08,–,–,40.6,139,–,–,–,–,–,–,–,–,–,–,–,–,–,–,–,–,24.4,297,884,–,986,706,805,264,57.2,–,0.753
W,W10X112,W10X112,F,112.0,32.9,11.4,11.375,–,–,–,10.4,10.375,–,–,–,0.755,0.75,0.375,1.25,1.25,–,–,–,1.75,1.9375,1,–,–,–,–,–,4.17,–,–,10.4,–,–,716.0,147.0,126.0,4.66,236.0,69.2,45.3,2.68,–,,–,15.1,6020,–,26.4,85.8,–,–,30.6,73.5,–,–,–,–,–,–,–,–,–,–,–,–,–,–,–,–,3.08,10.2,51.6,–,62,33.2,43.6,7.5,5.5,–,W250X167,W250X167,167.0,21200,290,289,–,–,–,264,264,–,–,–,19.2,19,9.52,31.8,31.8,–,–,–,44.5,49.2,25.4,–,–,–,–,–,4.17,–,–,10.4,–,–,298.0,2410.0,2060.0,118.0,98.2,1130.0,742.0,68.1,–,–,–,6290,1620,–,17000,35.7,–,–,501,1200,–,–,–,–,–,–,–,–,–,–,–,–,–,–,–,–,78.2,259,1310,–,1570,843,1110,191,140,–,2.68
W,W10X100,W10X100,F,100.0,29.3,11.1,11.125,–,–,–,10.3,10.375,–,–,–,0.68,0.6875,0.375,1.12,1.125,–,–,–,1.62,1.8125,1,–,–,–,–,–,4.62,–,–,11.6,–,–,623.0,130.0,112.0,4.6,207.0,61.0,40.0,2.65,–,,–,10.9,5150,–,25.7,74.1,–,–,26.9,64.2,–,–,–,–,–,–,–,–,–,–,–,–,–,–,–,–,3.04,10,50.9,–,61.2,32.5,42.8,7.5,5.5,–,W250X149,W250X149,149.0,18900,282,283,–,–,–,262,264,–,–,–,17.3,17.5,9.52,28.4,28.6,–,–,–,41.1,46,25.4,–,–,–,–,–,4.62,–,–,11.6,–,–,259.0,2130.0,1840.0,117.0,86.2,1000.0,655.0,67.3,–,–,–,4540,1380,–,16600,30.8,–,–,441,1050,–,–,–,–,–,–,–,–,–,–,–,–,–,–,–,–,77.2,254,1290,–,1550,826,1090,191,140,–,2.65
W,W10X88,W10X88,F,88.0,26.0,10.8,10.875,–,–,–,10.3,10.25,–,–,–,0.605,0.625,0.3125,0.99,1,–,–,–,1.49,1.6875,0.9375,–,–,–,–,–,5.18,–,–,13,–,–,534.0,113.0,98.5,4.54,179.0,53.1,34.8,2.63,–,,–,7.53,4330,–,25.3,64.4,–,–,23.5,55.9,–,–,–,–,–,–,–,–,–,–,–,–,–,–,–,–,2.99,9.81,50.4,–,60.7,31.9,42.2,7.5,5.5,–,W250X131,W250X131,131.0,16800,274,276,–,–,–,262,260,–,–,–,15.4,15.9,7.94,25.1,25.4,–,–,–,37.8,42.9,23.8,–,–,–,–,–,5.18,–,–,13,–,–,222.0,1850.0,1610.0,115.0,74.5,870.0,570.0,66.8,–,–,–,3130,1160,–,16300,26.8,–,–,385,916,–,–,–,–,–,–,–,–,–,–,–,–,–,–,–,–,75.9,249,1280,–,1540,810,1070,191,140,–,2.63
W,W10X77,W10X77,F,77.0,22.7,10.6,10.625,–,–,–,10.2,10.25,–,–,–,0.53,0.5,0.25,0.87,0.875,–,–,–,1.37,1.5625,0.875,–,–,–,–,–,5.86,–,–,14.8,–,–,455.0,97.6,85.9,4.49,154.0,45.9,30.1,2.6,–,,–,5.11,3630,–,24.8,55,–,–,20.5,48.4,–,–,–,–,–,–,–,–,–,–,–,–,–,–,–,–,2.95,9.73,49.9,–,60.1,31.4,41.6,7.5,5.5,–,W250X115,W250X115,115.0,14600,269,270,–,–,–,259,260,–,–,–,13.5,12.7,6.35,22.1,22.2,–,–,–,34.8,39.7,22.2,–,–,–,–,–,5.86,–,–,14.8,–,–,189.0,1600.0,1410.0,114.0,64.1,752.0,493.0,66.0,–,–,–,2130,975,–,16000,22.9,–,–,336,793,–,–,–,–,–,–,–,–,–,–,–,–,–,–,–,–,74.9,247,1270,–,1530,798,1060,191,140,–,2.6
W,W10X68,W10X68,F,68.0,19.9,10.4,10.375,–,–,–,10.1,10.125,–,–,–,0.47,0.5,0.25,0.77,0.75,–,–,–,1.27,1.4375,0.875,–,–,–,–,–,6.58,–,–,16.7,–,–,394.0,85.3,75.7,4.44,134.0,40.1,26.4,2.59,–,,–,3.56,3100,–,24.3,47.3,–,–,17.9,42.1,–,–,–,–,–,–,–,–,–,–,–,–,–,–,–,–,2.92,9.63,49.3,–,59.4,30.9,41,7.5,5.5,–,W250X101,W250X101,101.0,12800,264,264,–,–,–,257,257,–,–,–,11.9,12.7,6.35,19.6,19,–,–,–,32.3,36.5,22.2,–,–,–,–,–,6.58,–,–,16.7,–,–,164.0,1400.0,1240.0,113.0,55.8,657.0,433.0,65.8,–,–,–,1480,832,–,15700,19.7,–,–,293,690,–,–,–,–,–,–,–,–,–,–,–,–,–,–,–,–,74.2,245,1250,–,1510,785,1040,191,140,–,2.59
W,W10X60,W10X60,F,60.0,17.7,10.2,10.25,–,–,–,10.1,10.125,–,–,–,0.42,0.4375,0.25,0.68,0.6875,–,–,–,1.18,1.375,0.8125,–,–,–,–,–,7.41,–,–,18.7,–,–,341.0,74.6,66.7,4.39,116.0,35.0,23.0,2.57,–,,–,2.48,2640,–,24,41.3,–,–,15.7,36.8,–,–,–,–,–,–,–,–,–,–,–,–,–,–,–,–,2.88,9.52,49,–,59.1,30.5,40.6,7.5,5.5,–,W250X89,W250X89,89.0,11400,259,260,–,–,–,257,257,–,–,–,10.7,11.1,6.35,17.3,17.5,–,–,–,30,34.9,20.6,–,–,–,–,–,7.41,–,–,18.7,–,–,142.0,1220.0,1090.0,112.0,48.3,574.0,377.0,65.3,–,–,–,1030,709,–,15500,17.2,–,–,257,603,–,–,–,–,–,–,–,–,–,–,–,–,–,–,–,–,73.2,242,1240,–,1500,775,1030,191,140,–,2.57
W,W10X54,W10X54,F,54.0,15.8,10.1,10.125,–,–,–,10,10,–,–,–,0.37,0.375,0.1875,0.615,0.625,–,–,–,1.12,1.3125,0.8125,–,–,–,–,–,8.15,–,–,21.2,–,–,303.0,66.6,60.0,4.37,103.0,31.3,20.6,2.56,–,,–,1.82,2320,–,23.7,36.5,–,–,14,32.8,–,–,–,–,–,–,–,–,–,–,–,–,–,–,–,–,2.85,9.49,48.6,–,58.6,30.2,40.2,7.5,5.5,–,W250X80,W250X80,80.0,10200,257,257,–,–,–,254,254,–,–,–,9.4,9.52,4.76,15.6,15.9,–,–,–,28.4,33.3,20.6,–,–,–,–,–,8.15,–,–,21.2,–,–,126.0,1090.0,983.0,111.0,42.9,513.0,338.0,65.0,–,–,–,758,623,–,15300,15.2,–,–,229,537,–,–,–,–,–,–,–,–,–,–,–,–,–,–,–,–,72.4,241,1230,–,1490,767,1020,191,140,–,2.56
W,W10X49,W10X49,F,49.0,14.4,10,10,–,–,–,10,10,–,–,–,0.34,0.3125,0.1875,0.56,0.5625,–,–,–,1.06,1.25,0.8125,–,–,–,–,–,8.93,–,–,23.1,–,–,272.0,60.4,54.6,4.35,93.4,28.3,18.7,2.54,–,,–,1.39,2070,–,23.6,33,–,–,12.8,29.8,–,–,–,–,–,–,–,–,–,–,–,–,–,–,–,–,2.84,9.44,48.5,–,58.5,30,40,7.5,5.5,–,W250X73,W250X73,73.0,9290,254,254,–,–,–,254,254,–,–,–,8.64,7.94,4.76,14.2,14.3,–,–,–,26.9,31.8,20.6,–,–,–,–,–,8.93,–,–,23.1,–,–,113.0,990.0,895.0,110.0,38.9,464.0,306.0,64.5,–,–,–,579,556,–,15200,13.7,–,–,210,488,–,–,–,–,–,–,–,–,–,–,–,–,–,–,–,–,72.1,240,1230,–,1490,762,1020,191,140,–,2.54
W,W10X45,W10X45,F,45.0,13.3,10.1,10.125,–,–,–,8.02,8,–,–,–,0.35,0.375,0.1875,0.62,0.625,–,–,–,1.12,1.3125,0.8125,–,–,–,–,–,6.47,–,–,22.5,–,–,248.0,54.9,49.1,4.32,53.4,20.3,13.3,2.01,–,,–,1.51,1200,–,19,23.6,–,–,11.3,27,–,–,–,–,–,–,–,–,–,–,–,–,–,–,–,–,2.27,9.48,42.7,–,50.7,28.2,36.2,7.5,5.5,–,W250X67,W250X67,67.0,8580,257,257,–,–,–,204,203,–,–,–,8.89,9.52,4.76,15.7,15.9,–,–,–,28.4,33.3,20.6,–,–,–,–,–,6.47,–,–,22.5,–,–,103.0,900.0,805.0,110.0,22.2,333.0,218.0,51.1,–,–,–,629,322,–,12300,9.82,–,–,185,442,–,–,–,–,–,–,–,–,–,–,–,–,–,–,–,–,57.7,241,1080,–,1290,716,919,191,140,–,2.01
W,W10X39,W10X39,F,39.0,11.5,9.92,9.875,–,–,–,7.99,8,–,–,–,0.315,0.3125,0.1875,0.53,0.5,–,–,–,1.03,1.1875,0.8125,–,–,–,–,–,7.53,–,–,25,–,–,209.0,46.8,42.1,4.27,45.0,17.2,11.3,1.98,–,,–,0.976,992,–,18.8,19.9,–,–,9.55,23,–,–,–,–,–,–,–,–,–,–,–,–,–,–,–,–,2.24,9.39,42.3,–,50.3,27.8,35.8,7.5,5.5,–,W250X58,W250X58,58.0,7420,252,251,–,–,–,203,203,–,–,–,8,7.94,4.76,13.5,12.7,–,–,–,26.2,30.2,20.6,–,–,–,–,–,7.53,–,–,25,–,–,87.0,767.0,690.0,108.0,18.7,282.0,185.0,50.3,–,–,–,406,266,–,12100,8.28,–,–,156,377,–,–,–,–,–,–,–,–,–,–,–,–,–,–,–,–,56.9,239,1070,–,1280,706,909,191,140,–,1.98
W,W10X33,W10X33,F,33.0,9.71,9.73,9.75,–,–,–,7.96,8,–,–,–,0.29,0.3125,0.1875,0.435,0.4375,–,–,–,0.935,1.125,0.75,–,–,–,–,–,9.15,–,–,27.1,–,–,171.0,38.8,35.0,4.19,36.6,14.0,9.2,1.94,–,,–,0.583,791,–,18.5,16,–,–,7.75,18.9,–,–,–,–,–,–,–,–,–,–,–,–,–,–,–,–,2.2,9.3,41.9,–,49.9,27.4,35.4,7.5,5.5,–,W250X49.1,W250X49.1,49.1,6260,247,248,–,–,–,202,203,–,–,–,7.37,7.94,4.76,11,11.1,–,–,–,23.7,28.6,19.1,–,–,–,–,–,9.15,–,–,27.1,–,–,71.2,636.0,574.0,106.0,15.2,229.0,151.0,49.3,–,–,–,243,212,–,11900,6.66,–,–,127,310,–,–,–,–,–,–,–,–,–,–,–,–,–,–,–,–,55.9,236,1060,–,1270,696,899,191,140,–,1.94
W,W10X30,W10X30,F,30.0,8.84,10.5,10.5,–,–,–,5.81,5.75,–,–,–,0.3,0.3125,0.1875,0.51,0.5,–,–,–,0.81,1.125,0.6875,–,–,–,–,–,5.7,–,–,29.5,–,–,170.0,36.6,32.4,4.38,16.7,8.84,5.75,1.37,–,,–,0.622,414,–,14.5,10.7,–,–,7.02,18.2,–,–,–,–,–,–,–,–,–,–,–,–,–,–,–,–,1.6,9.99,37.3,–,43.1,26.8,32.6,8.25,2.75,–,W250X44.8,W250X44.8,44.8,5700,267,267,–,–,–,148,146,–,–,–,7.62,7.94,4.76,13,12.7,–,–,–,20.6,28.6,17.5,–,–,–,–,–,5.7,–,–,29.5,–,–,70.8,600.0,531.0,111.0,6.95,145.0,94.2,34.8,–,–,–,259,111,–,9350,4.45,–,–,115,298,–,–,–,–,–,–,–,–,–,–,–,–,–,–,–,–,40.6,254,947,–,1090,681,828,210,69.9,–,1.37
W,W10X26,W10X26,F,26.0,7.61,10.3,10.375,–,–,–,5.77,5.75,–,–,–,0.26,0.25,0.125,0.44,0.4375,–,–,–,0.74,1.0625,0.6875,–,–,–,–,–,6.56,–,–,34,–,–,144.0,31.3,27.9,4.35,14.1,7.5,4.89,1.36,–,,–,0.402,345,–,14.2,9.03,–,–,5.98,15.4,–,–,–,–,–,–,–,–,–,–,–,–,–,–,–,–,1.58,9.86,36.8,–,42.6,26.4,32.1,8.25,2.75,–,W250X38.5,W250X38.5,38.5,4910,262,264,–,–,–,147,146,–,–,–,6.6,6.35,3.18,11.2,11.1,–,–,–,18.8,27,17.5,–,–,–,–,–,6.56,–,–,34,–,–,59.9,513.0,457.0,110.0,5.87,123.0,80.1,34.5,–,–,–,167,92.6,–,9160,3.76,–,–,98,252,–,–,–,–,–,–,–,–,–,–,–,–,–,–,–,–,40.1,250,935,–,1080,671,815,210,69.9,–,1.36
W,W10X22,W10X22,F,22.0,6.49,10.2,10.125,–,–,–,5.75,5.75,–,–,–,0.24,0.25,0.125,0.36,0.375,–,–,–,0.66,0.9375,0.625,–,–,–,–,–,7.99,–,–,36.9,–,–,118.0,26.0,23.2,4.27,11.4,6.1,3.97,1.33,–,,–,0.239,275,–,14.1,7.32,–,–,4.88,12.9,–,–,–,–,–,–,–,–,–,–,–,–,–,–,–,–,1.55,9.84,36.6,–,42.4,26.2,31.9,8.25,2.75,–,W250X32.7,W250X32.7,32.7,4190,259,257,–,–,–,146,146,–,–,–,6.1,6.35,3.18,9.14,9.52,–,–,–,16.8,23.8,15.9,–,–,–,–,–,7.99,–,–,36.9,–,–,49.1,426.0,380.0,108.0,4.75,100.0,65.1,33.8,–,–,–,99.5,73.8,–,9100,3.05,–,–,80,211,–,–,–,–,–,–,–,–,–,–,–,–,–,–,–,–,39.4,250,930,–,1080,665,810,210,69.9,–,1.33
W,W10X19,W10X19,F,19.0,5.62,10.2,10.25,–,–,–,4.02,4,–,–,–,0.25,0.25,0.125,0.395,0.375,–,–,–,0.695,0.9375,0.625,–,–,–,–,–,5.09,–,–,35.4,–,–,96.3,21.6,18.8,4.14,4.29,3.35,2.14,0.874,–,,–,0.233,104,–,9.85,3.91,–,–,3.65,10.6,–,–,–,–,–,–,–,–,–,–,–,–,–,–,–,–,1.06,9.81,31.5,–,35.5,24.4,28.4,8.375,2.25,–,W250X28.4,W250X28.4,28.4,3630,259,260,–,–,–,102,102,–,–,–,6.35,6.35,3.18,10,9.52,–,–,–,17.7,23.8,15.9,–,–,–,–,–,5.09,–,–,35.4,–,–,40.1,354.0,308.0,105.0,1.79,54.9,35.1,22.2,–,–,–,97,27.9,–,6350,1.63,–,–,59.8,174,–,–,–,–,–,–,–,–,–,–,–,–,–,–,–,–,26.9,249,800,–,902,620,721,213,57.2,–,0.874
W,W10X17,W10X17,F,17.0,4.99,10.1,10.125,–,–,–,4.01,4,–,–,–,0.24,0.25,0.125,0.33,0.3125,–,–,–,0.63,0.875,0.5625,–,–,–,–,–,6.08,–,–,36.9,–,–,81.9,18.7,16.2,4.05,3.56,2.8,1.78,0.845,–,,–,0.156,85.1,–,9.79,3.24,–,–,3.04,9.14,–,–,–,–,–,–,–,–,–,–,–,–,–,–,–,–,1.04,9.77,31.2,–,35.2,24.2,28.2,8.375,2.25,–,W250X25.3,W250X25.3,25.3,3220,257,257,–,–,–,102,102,–,–,–,6.1,6.35,3.18,8.38,7.94,–,–,–,16,22.2,14.3,–,–,–,–,–,6.08,–,–,36.9,–,–,34.1,306.0,265.0,103.0,1.48,45.9,29.2,21.5,–,–,–,64.9,22.9,–,6320,1.35,–,–,49.8,150,–,–,–,–,–,–,–,–,–,–,–,–,–,–,–,–,26.4,248,792,–,894,615,716,213,57.2,–,0.845
W,W10X15,W10X15,F,15.0,4.41,9.99,10,–,–,–,4,4,–,–,–,0.23,0.25,0.125,0.27,0.25,–,–,–,0.57,0.8125,0.5625,–,–,–,–,–,7.41,–,–,38.5,–,–,68.9,16.0,13.8,3.95,2.89,2.3,1.45,0.81,–,,–,0.104,68.3,–,9.73,2.63,–,–,2.48,7.83,–,–,–,–,–,–,–,–,–,–,–,–,–,–,–,–,1.01,9.72,31,–,35,24,28,8.375,2.25,–,W250X22.3,W250X22.3,22.3,2850,254,254,–,–,–,102,102,–,–,–,5.84,6.35,3.18,6.86,6.35,–,–,–,14.5,20.6,14.3,–,–,–,–,–,7.41,–,–,38.5,–,–,28.7,262.0,226.0,100.0,1.2,37.7,23.8,20.6,–,–,–,43.3,18.3,–,6280,1.09,–,–,40.6,128,–,–,–,–,–,–,–,–,–,–,–,–,–,–,–,–,25.7,247,787,–,889,610,711,213,57.2,–,0.81
W,W10X12,W10X12,F,12.0,3.54,9.87,9.875,–,–,–,3.96,4,–,–,–,0.19,0.1875,0.125,0.21,0.1875,–,–,–,0.51,0.75,0.5625,–,–,–,–,–,9.43,–,–,46.6,–,–,53.8,12.6,10.9,3.9,2.18,1.74,1.1,0.785,–,,–,0.0547,50.9,–,9.56,1.99,–,–,1.91,6.14,–,–,–,–,–,–,–,–,–,–,–,–,–,–,–,–,0.983,9.66,30.7,–,34.7,23.7,27.7,8.375,2.25,–,W250X17.9,W250X17.9,17.9,2280,251,251,–,–,–,101,102,–,–,–,4.83,4.76,3.18,5.33,4.76,–,–,–,13,19.1,14.3,–,–,–,–,–,9.43,–,–,46.6,–,–,22.4,206.0,179.0,99.1,0.907,28.5,18.0,19.9,–,–,–,22.8,13.7,–,6170,0.828,–,–,31.3,101,–,–,–,–,–,–,–,–,–,–,–,–,–,–,–,–,25,245,780,–,881,602,704,213,57.2,–,0.785
W,W8X67,W8X67,F,67.0,19.7,9,9,–,–,–,8.28,8.25,–,–,–,0.57,0.5625,0.3125,0.935,0.9375,–,–,–,1.33,1.625,0.9375,–,–,–,–,–,4.43,–,–,11.1,–,–,272.0,70.1,60.4,3.72,88.6,32.7,21.4,2.12,–,,–,5.05,1440,–,16.7,32.3,–,–,14.5,34.8,–,–,–,–,–,–,–,–,–,–,–,–,–,–,–,–,2.43,8.07,41,–,49.3,26.3,34.6,5.75,5.5,–,W200X100,W200X100,100.0,12700,229,229,–,–,–,210,210,–,–,–,14.5,14.3,7.94,23.7,23.8,–,–,–,33.8,41.3,23.8,–,–,–,–,–,4.43,–,–,11.1,–,–,113.0,1150.0,990.0,94.5,36.9,536.0,351.0,53.8,–,–,–,2100,387,–,10800,13.4,–,–,238,570,–,–,–,–,–,–,–,–,–,–,–,–,–,–,–,–,61.7,205,1040,–,1250,668,879,146,140,–,2.12
W,W8X58,W8X58,F,58.0,17.1,8.75,8.75,–,–,–,8.22,8.25,–,–,–,0.51,0.5,0.25,0.81,0.8125,–,–,–,1.2,1.5,0.875,–,–,–,–,–,5.07,–,–,12.4,–,–,228.0,59.8,52.0,3.65,75.1,27.9,18.3,2.1,–,,–,3.33,1180,–,16.3,27.2,–,–,12.4,29.7,–,–,–,–,–,–,–,–,–,–,–,–,–,–,–,–,2.39,7.94,40.5,–,48.7,25.7,33.9,5.75,5.5,–,W200X86,W200X86,86.0,11000,222,222,–,–,–,209,210,–,–,–,13,12.7,6.35,20.6,20.6,–,–,–,30.5,38.1,22.2,–,–,–,–,–,5.07,–,–,12.4,–,–,94.9,980.0,852.0,92.7,31.3,457.0,300.0,53.3,–,–,–,1390,317,–,10500,11.3,–,–,203,487,–,–,–,–,–,–,–,–,–,–,–,–,–,–,–,–,60.7,202,1030,–,1240,653,861,146,140,–,2.1
W,W8X48,W8X48,F,48.0,14.1,8.5,8.5,–,–,–,8.11,8.125,–,–,–,0.4,0.375,0.1875,0.685,0.6875,–,–,–,1.08,1.375,0.8125,–,–,–,–,–,5.92,–,–,15.9,–,–,184.0,49.0,43.2,3.61,60.9,22.9,15.0,2.08,–,,–,1.96,931,–,15.8,22,–,–,10.3,24.2,–,–,–,–,–,–,–,–,–,–,–,–,–,–,–,–,2.35,7.82,39.9,–,48,25.1,33.2,5.75,5.5,–,W200X71,W200X71,71.0,9100,216,216,–,–,–,206,206,–,–,–,10.2,9.52,4.76,17.4,17.5,–,–,–,27.4,34.9,20.6,–,–,–,–,–,5.92,–,–,15.9,–,–,76.6,803.0,708.0,91.7,25.3,375.0,246.0,52.8,–,–,–,816,250,–,10200,9.16,–,–,169,397,–,–,–,–,–,–,–,–,–,–,–,–,–,–,–,–,59.7,199,1010,–,1220,638,843,146,140,–,2.08
W,W8X40,W8X40,F,40.0,11.7,8.25,8.25,–,–,–,8.07,8.125,–,–,–,0.36,0.375,0.1875,0.56,0.5625,–,–,–,0.954,1.25,0.8125,–,–,–,–,–,7.21,–,–,17.6,–,–,146.0,39.8,35.5,3.53,49.1,18.5,12.2,2.04,–,,–,1.12,726,–,15.5,17.5,–,–,8.3,19.7,–,–,–,–,–,–,–,–,–,–,–,–,–,–,–,–,2.31,7.69,39.3,–,47.4,24.6,32.6,5.75,5.5,–,W200X59,W200X59,59.0,7550,210,210,–,–,–,205,206,–,–,–,9.14,9.52,4.76,14.2,14.3,–,–,–,24.2,31.8,20.6,–,–,–,–,–,7.21,–,–,17.6,–,–,60.8,652.0,582.0,89.7,20.4,303.0,200.0,51.8,–,–,–,466,195,–,10000,7.28,–,–,136,323,–,–,–,–,–,–,–,–,–,–,–,–,–,–,–,–,58.7,195,998,–,1200,625,828,146,140,–,2.04
W,W8X35,W8X35,F,35.0,10.3,8.12,8.125,–,–,–,8.02,8,–,–,–,0.31,0.3125,0.1875,0.495,0.5,–,–,–,0.889,1.1875,0.8125,–,–,–,–,–,8.1,–,–,20.5,–,–,127.0,34.7,31.2,3.51,42.6,16.1,10.6,2.03,–,,–,0.769,619,–,15.3,15.2,–,–,7.28,17.1,–,–,–,–,–,–,–,–,–,–,–,–,–,–,–,–,2.28,7.63,39,–,47,24.3,32.3,5.75,5.5,–,W200X52,W200X52,52.0,6650,206,206,–,–,–,204,203,–,–,–,7.87,7.94,4.76,12.6,12.7,–,–,–,22.6,30.2,20.6,–,–,–,–,–,8.1,–,–,20.5,–,–,52.9,569.0,511.0,89.2,17.7,264.0,174.0,51.6,–,–,–,320,166,–,9870,6.33,–,–,119,280,–,–,–,–,–,–,–,–,–,–,–,–,–,–,–,–,57.9,194,991,–,1190,617,820,146,140,–,2.03
W,W8X31,W8X31,F,31.0,9.13,8,8,–,–,–,8,8,–,–,–,0.285,0.3125,0.1875,0.435,0.4375,–,–,–,0.829,1.125,0.75,–,–,–,–,–,9.19,–,–,22.3,–,–,110.0,30.4,27.5,3.47,37.1,14.1,9.27,2.02,–,,–,0.536,530,–,15.1,13.2,–,–,6.35,15,–,–,–,–,–,–,–,–,–,–,–,–,–,–,–,–,2.26,7.57,38.8,–,46.8,24,32,5.75,5.5,–,W200X46.1,W200X46.1,46.1,5890,203,203,–,–,–,203,203,–,–,–,7.24,7.94,4.76,11,11.1,–,–,–,21.1,28.6,19.1,–,–,–,–,–,9.19,–,–,22.3,–,–,45.8,498.0,451.0,88.1,15.4,231.0,152.0,51.3,–,–,–,223,142,–,9740,5.49,–,–,104,246,–,–,–,–,–,–,–,–,–,–,–,–,–,–,–,–,57.4,192,986,–,1190,610,813,146,140,–,2.02
W,W8X28,W8X28,F,28.0,8.25,8.06,8,–,–,–,6.54,6.5,–,–,–,0.285,0.3125,0.1875,0.465,0.4375,–,–,–,0.859,0.9375,0.625,–,–,–,–,–,7.03,–,–,22.3,–,–,98.0,27.2,24.3,3.45,21.7,10.1,6.63,1.62,–,,–,0.537,312,–,12.4,9.44,–,–,5.52,13.4,–,–,–,–,–,–,–,–,–,–,–,–,–,–,–,–,1.84,7.6,34.5,–,41,22.7,29.2,6.125,4,–,W200X41.7,W200X41.7,41.7,5320,205,203,–,–,–,166,165,–,–,–,7.24,7.94,4.76,11.8,11.1,–,–,–,21.8,23.8,15.9,–,–,–,–,–,7.03,–,–,22.3,–,–,40.8,446.0,398.0,87.6,9.03,166.0,109.0,41.1,–,–,–,224,83.8,–,8000,3.93,–,–,90.5,220,–,–,–,–,–,–,–,–,–,–,–,–,–,–,–,–,46.7,193,876,–,1040,577,742,156,102,–,1.62
W,W8X24,W8X24,F,24.0,7.08,7.93,7.875,–,–,–,6.5,6.5,–,–,–,0.245,0.25,0.125,0.4,0.375,–,–,–,0.794,0.875,0.5625,–,–,–,–,–,8.12,–,–,25.9,–,–,82.7,23.1,20.9,3.42,18.3,8.57,5.63,1.61,–,,–,0.346,259,–,12.2,7.95,–,–,4.71,11.3,–,–,–,–,–,–,–,–,–,–,–,–,–,–,–,–,1.81,7.53,34.2,–,40.7,22.4,28.9,6.125,4,–,W200X35.9,W200X35.9,35.9,4570,201,200,–,–,–,165,165,–,–,–,6.22,6.35,3.18,10.2,9.52,–,–,–,20.2,22.2,14.3,–,–,–,–,–,8.12,–,–,25.9,–,–,34.4,379.0,342.0,86.9,7.62,140.0,92.3,40.9,–,–,–,144,69.6,–,7870,3.31,–,–,77.2,185,–,–,–,–,–,–,–,–,–,–,–,–,–,–,–,–,46,191,869,–,1030,569,734,156,102,–,1.61
W,W8X21,W8X21,F,21.0,6.16,8.28,8.25,–,–,–,5.27,5.25,–,–,–,0.25,0.25,0.125,0.4,0.375,–,–,–,0.7,0.875,0.5625,–,–,–,–,–,6.59,–,–,27.5,–,–,75.3,20.4,18.2,3.49,9.77,5.69,3.71,1.26,–,,–,0.282,152,–,10.4,5.47,–,–,3.96,10.1,–,–,–,–,–,–,–,–,–,–,–,–,–,–,–,–,1.46,7.88,31.3,–,36.6,21.8,27.1,6.5,2.75,–,W200X31.3,W200X31.3,31.3,3970,210,210,–,–,–,134,133,–,–,–,6.35,6.35,3.18,10.2,9.52,–,–,–,17.8,22.2,14.3,–,–,–,–,–,6.59,–,–,27.5,–,–,31.3,334.0,298.0,88.6,4.07,93.2,60.8,32.0,–,–,–,117,40.8,–,6710,2.28,–,–,64.9,166,–,–,–,–,–,–,–,–,–,–,–,–,–,–,–,–,37.1,200,795,–,930,554,688,165,69.9,–,1.26
W,W8X18,W8X18,F,18.0,5.26,8.14,8.125,–,–,–,5.25,5.25,–,–,–,0.23,0.25,0.125,0.33,0.3125,–,–,–,0.63,0.8125,0.5625,–,–,–,–,–,7.95,–,–,29.9,–,–,61.9,17.0,15.2,3.43,7.97,4.66,3.04,1.23,–,,–,0.172,122,–,10.3,4.44,–,–,3.23,8.37,–,–,–,–,–,–,–,–,–,–,–,–,–,–,–,–,1.43,7.81,31,–,36.3,21.5,26.8,6.5,2.75,–,W200X26.6,W200X26.6,26.6,3390,207,206,–,–,–,133,133,–,–,–,5.84,6.35,3.18,8.38,7.94,–,–,–,16,20.6,14.3,–,–,–,–,–,7.95,–,–,29.9,–,–,25.8,279.0,249.0,87.1,3.32,76.4,49.8,31.2,–,–,–,71.6,32.8,–,6650,1.85,–,–,52.9,137,–,–,–,–,–,–,–,–,–,–,–,–,–,–,–,–,36.3,198,787,–,922,546,681,165,69.9,–,1.23
W,W8X15,W8X15,F,15.0,4.44,8.11,8.125,–,–,–,4.02,4,–,–,–,0.245,0.25,0.125,0.315,0.3125,–,–,–,0.615,0.8125,0.5625,–,–,–,–,–,6.37,–,–,28.1,–,–,48.0,13.6,11.8,3.29,3.41,2.67,1.7,0.876,–,,–,0.137,51.8,–,7.81,2.47,–,–,2.31,6.64,–,–,–,–,–,–,–,–,–,–,–,–,–,–,–,–,1.06,7.8,27.3,–,31.3,20.2,24.2,6.5,2.25,–,W200X22.5,W200X22.5,22.5,2860,206,206,–,–,–,102,102,–,–,–,6.22,6.35,3.18,8,7.94,–,–,–,15.6,20.6,14.3,–,–,–,–,–,6.37,–,–,28.1,–,–,20.0,223.0,193.0,83.6,1.42,43.8,27.9,22.3,–,–,–,57,13.9,–,5040,1.03,–,–,37.9,109,–,–,–,–,–,–,–,–,–,–,–,–,–,–,–,–,26.9,198,693,–,795,513,615,165,57.2,–,0.876
W,W8X13,W8X13,F,13.0,3.84,7.99,8,–,–,–,4,4,–,–,–,0.23,0.25,0.125,0.255,0.25,–,–,–,0.555,0.75,0.5625,–,–,–,–,–,7.84,–,–,29.9,–,–,39.6,11.4,9.91,3.21,2.73,2.15,1.37,0.843,–,,–,0.0871,40.8,–,7.74,1.97,–,–,1.86,5.55,–,–,–,–,–,–,–,–,–,–,–,–,–,–,–,–,1.03,7.74,27,–,31,20,24,6.5,2.25,–,W200X19.3,W200X19.3,19.3,2480,203,203,–,–,–,102,102,–,–,–,5.84,6.35,3.18,6.48,6.35,–,–,–,14.1,19.1,14.3,–,–,–,–,–,7.84,–,–,29.9,–,–,16.5,187.0,162.0,81.5,1.14,35.2,22.5,21.4,–,–,–,36.3,11,–,4990,0.82,–,–,30.5,90.9,–,–,–,–,–,–,–,–,–,–,–,–,–,–,–,–,26.2,197,686,–,787,508,610,165,57.2,–,0.843
W,W8X10,W8X10,F,10.0,2.96,7.89,7.875,–,–,–,3.94,4,–,–,–,0.17,0.1875,0.125,0.205,0.1875,–,–,–,0.505,0.6875,0.5,–,–,–,–,–,9.61,–,–,40.5,–,–,30.8,8.87,7.81,3.22,2.09,1.66,1.06,0.841,–,,–,0.0426,30.9,–,7.57,1.53,–,–,1.48,4.29,–,–,–,–,–,–,–,–,–,–,–,–,–,–,–,–,1.01,7.69,26.8,–,30.7,19.7,23.7,6.5,2.25,–,W200X15,W200X15,15.0,1910,200,200,–,–,–,100,102,–,–,–,4.32,4.76,3.18,5.21,4.76,–,–,–,12.8,17.5,12.7,–,–,–,–,–,9.61,–,–,40.5,–,–,12.8,145.0,128.0,81.8,0.87,27.2,17.4,21.4,–,–,–,17.7,8.3,–,4880,0.637,–,–,24.3,70.3,–,–,–,–,–,–,–,–,–,–,–,–,–,–,–,–,25.7,195,681,–,780,500,602,165,57.2,–,0.841
W,W6X25,W6X25,F,25.0,7.34,6.38,6.375,–,–,–,6.08,6.125,–,–,–,0.32,0.3125,0.1875,0.455,0.4375,–,–,–,0.705,0.9375,0.5625,–,–,–,–,–,6.68,–,–,15.5,–,–,53.4,18.9,16.7,2.7,17.1,8.56,5.61,1.52,–,,–,0.461,150,–,9.01,6.23,–,–,3.88,9.39,–,–,–,–,–,–,–,–,–,–,–,–,–,–,–,–,1.74,5.93,29.9,–,36,18.8,24.9,4.5,3.5,–,W150X37.1,W150X37.1,37.1,4740,162,162,–,–,–,154,156,–,–,–,8.13,7.94,4.76,11.6,11.1,–,–,–,17.9,23.8,14.3,–,–,–,–,–,6.68,–,–,15.5,–,–,22.2,310.0,274.0,68.6,7.12,140.0,91.9,38.6,–,–,–,192,40.3,–,5810,2.59,–,–,63.6,154,–,–,–,–,–,–,–,–,–,–,–,–,–,–,–,–,44.2,151,759,–,914,478,632,114,88.9,–,1.52
W,W6X20,W6X20,F,20.0,5.87,6.2,6.25,–,–,–,6.02,6,–,–,–,0.26,0.25,0.125,0.365,0.375,–,–,–,0.615,0.875,0.5625,–,–,–,–,–,8.25,–,–,19.1,–,–,41.4,14.9,13.4,2.66,13.3,6.72,4.41,1.5,–,,–,0.24,113,–,8.78,4.82,–,–,3.07,7.38,–,–,–,–,–,–,–,–,–,–,–,–,–,–,–,–,1.7,5.84,29.5,–,35.5,18.4,24.4,4.5,3.5,–,W150X29.8,W150X29.8,29.8,3790,157,159,–,–,–,153,152,–,–,–,6.6,6.35,3.18,9.27,9.52,–,–,–,15.6,22.2,14.3,–,–,–,–,–,8.25,–,–,19.1,–,–,17.2,246.0,220.0,67.6,5.54,110.0,72.3,38.1,–,–,–,99.9,30.3,–,5660,2.01,–,–,50.3,121,–,–,–,–,–,–,–,–,–,–,–,–,–,–,–,–,43.2,148,749,–,902,467,620,114,88.9,–,1.5
W,W6X15,W6X15,F,15.0,4.43,5.99,6,–,–,–,5.99,6,–,–,–,0.23,0.25,0.125,0.26,0.25,–,–,–,0.51,0.75,0.5625,–,–,–,–,–,11.5,–,–,21.6,–,–,29.1,10.8,9.72,2.56,9.32,4.75,3.11,1.45,–,,–,0.101,76.5,–,8.58,3.34,–,–,2.15,5.32,–,–,–,–,–,–,–,–,–,–,–,–,–,–,–,–,1.66,5.73,29.1,–,35.1,18,24,4.5,3.5,–,W150X22.5,W150X22.5,22.5,2860,152,152,–,–,–,152,152,–,–,–,5.84,6.35,3.18,6.6,6.35,–,–,–,13,19.1,14.3,–,–,–,–,–,11.5,–,–,21.6,–,–,12.1,177.0,159.0,65.0,3.88,77.8,51.0,36.8,–,–,–,42,20.5,–,5540,1.39,–,–,35.2,87.2,–,–,–,–,–,–,–,–,–,–,–,–,–,–,–,–,42.2,146,739,–,892,457,610,114,88.9,–,1.45
W,W6X16,W6X16,F,16.0,4.74,6.28,6.25,–,–,–,4.03,4,–,–,–,0.26,0.25,0.125,0.405,0.375,–,–,–,0.655,0.875,0.5625,–,–,–,–,–,4.98,–,–,19.1,–,–,32.1,11.7,10.2,2.6,4.43,3.39,2.2,0.967,–,,–,0.223,38.2,–,5.92,2.42,–,–,2.24,5.77,–,–,–,–,–,–,–,–,–,–,–,–,–,–,–,–,1.13,5.88,23.7,–,27.7,16.6,20.6,4.5,2.25,–,W150X24,W150X24,24.0,3060,160,159,–,–,–,102,102,–,–,–,6.6,6.35,3.18,10.3,9.52,–,–,–,16.6,22.2,14.3,–,–,–,–,–,4.98,–,–,19.1,–,–,13.4,192.0,167.0,66.0,1.84,55.6,36.1,24.6,–,–,–,92.8,10.3,–,3820,1.01,–,–,36.7,94.6,–,–,–,–,–,–,–,–,–,–,–,–,–,–,–,–,28.7,149,602,–,704,422,523,114,57.2,–,0.967
W,W6X12,W6X12,F,12.0,3.55,6.03,6,–,–,–,4,4,–,–,–,0.23,0.25,0.125,0.28,0.25,–,–,–,0.53,0.75,0.5625,–,–,–,–,–,7.14,–,–,21.6,–,–,22.1,8.3,7.31,2.49,2.99,2.32,1.5,0.918,–,,–,0.0903,24.7,–,5.75,1.61,–,–,1.52,4.08,–,–,–,–,–,–,–,–,–,–,–,–,–,–,–,–,1.08,5.75,23.2,–,27.2,16.1,20.1,4.5,2.25,–,W150X18,W150X18,18.0,2290,153,152,–,–,–,102,102,–,–,–,5.84,6.35,3.18,7.11,6.35,–,–,–,13.5,19.1,14.3,–,–,–,–,–,7.14,–,–,21.6,–,–,9.2,136.0,120.0,63.2,1.24,38.0,24.6,23.3,–,–,–,37.6,6.63,–,3710,0.67,–,–,24.9,66.9,–,–,–,–,–,–,–,–,–,–,–,–,–,–,–,–,27.4,146,589,–,691,409,511,114,57.2,–,0.918
W,W6X9,W6X9,F,9.0,2.68,5.9,5.875,–,–,–,3.94,4,–,–,–,0.17,0.1875,0.125,0.215,0.1875,–,–,–,0.465,0.6875,0.5,–,–,–,–,–,9.16,–,–,29.2,–,–,16.4,6.23,5.56,2.47,2.2,1.72,1.11,0.905,–,,–,0.0405,17.7,–,5.6,1.19,–,–,1.15,3.04,–,–,–,–,–,–,–,–,–,–,–,–,–,–,–,–,1.06,5.69,22.9,–,26.8,15.7,19.7,4.5,2.25,–,W150X13.5,W150X13.5,13.5,1730,150,149,–,–,–,100,102,–,–,–,4.32,4.76,3.18,5.46,4.76,–,–,–,11.8,17.5,12.7,–,–,–,–,–,9.16,–,–,29.2,–,–,6.83,102.0,91.1,62.7,0.916,28.2,18.2,23.0,–,–,–,16.9,4.75,–,3610,0.495,–,–,18.8,49.8,–,–,–,–,–,–,–,–,–,–,–,–,–,–,–,–,26.9,145,582,–,681,399,500,114,57.2,–,0.905
W,W6X8.5,W6X8.5,F,8.5,2.52,5.83,5.875,–,–,–,3.94,4,–,–,–,0.17,0.1875,0.125,0.195,0.1875,–,–,–,0.445,0.6875,0.5,–,–,–,–,–,10.1,–,–,29.1,–,–,14.9,5.73,5.1,2.43,1.99,1.56,1.01,0.89,–,,–,0.0333,15.8,–,5.55,1.06,–,–,1.03,2.78,–,–,–,–,–,–,–,–,–,–,–,–,–,–,–,–,1.05,5.64,22.8,–,26.7,15.6,19.5,4.5,2.25,–,W150X13,W150X13,13.0,1630,148,149,–,–,–,100,102,–,–,–,4.32,4.76,3.18,4.95,4.76,–,–,–,11.3,17.5,12.7,–,–,–,–,–,10.1,–,–,29.1,–,–,6.2,93.9,83.6,61.7,0.828,25.6,16.6,22.6,–,–,–,13.9,4.24,–,3580,0.441,–,–,16.9,45.6,–,–,–,–,–,–,–,–,–,–,–,–,–,–,–,–,26.7,143,579,–,678,396,495,114,57.2,–,0.89
W,W5X19,W5X19,F,19.0,5.56,5.15,5.125,–,–,–,5.03,5,–,–,–,0.27,0.25,0.125,0.43,0.4375,–,–,–,0.73,0.8125,0.4375,–,–,–,–,–,5.85,–,–,13.7,–,–,26.3,11.6,10.2,2.17,9.13,5.53,3.63,1.28,–,,–,0.316,50.9,–,5.94,3.21,–,–,2.42,5.73,–,–,–,–,–,–,–,–,–,–,–,–,–,–,–,–,1.45,4.72,24.4,–,29.4,15.3,20.4,3.5,2.75,–,W130X28.1,W130X28.1,28.1,3590,131,130,–,–,–,128,127,–,–,–,6.86,6.35,3.18,10.9,11.1,–,–,–,18.5,20.6,11.1,–,–,–,–,–,5.85,–,–,13.7,–,–,10.9,190.0,167.0,55.1,3.8,90.6,59.5,32.5,–,–,–,132,13.7,–,3830,1.34,–,–,39.7,93.9,–,–,–,–,–,–,–,–,–,–,–,–,–,–,–,–,36.8,120,620,–,747,389,518,88.9,69.9,–,1.28
W,W5X16,W5X16,F,16.0,4.71,5.01,5,–,–,–,5,5,–,–,–,0.24,0.25,0.125,0.36,0.375,–,–,–,0.66,0.75,0.4375,–,–,–,–,–,6.94,–,–,15.4,–,–,21.4,9.63,8.55,2.13,7.51,4.58,3.0,1.26,–,,–,0.192,40.6,–,5.81,2.62,–,–,1.99,4.74,–,–,–,–,–,–,–,–,–,–,–,–,–,–,–,–,1.43,4.65,24,–,29,15,20,3.5,2.75,–,W130X23.8,W130X23.8,23.8,3040,127,127,–,–,–,127,127,–,–,–,6.1,6.35,3.18,9.14,9.52,–,–,–,16.8,19.1,11.1,–,–,–,–,–,6.94,–,–,15.4,–,–,8.91,158.0,140.0,54.1,3.13,75.1,49.2,32.0,–,–,–,79.9,10.9,–,3750,1.09,–,–,32.6,77.7,–,–,–,–,–,–,–,–,–,–,–,–,–,–,–,–,36.3,118,610,–,737,381,508,88.9,69.9,–,1.26
W,W4X13,W4X13,F,13.0,3.83,4.16,4.125,–,–,–,4.06,4,–,–,–,0.28,0.25,0.125,0.345,0.375,–,–,–,0.595,0.75,0.5,–,–,–,–,–,5.88,–,–,10.6,–,–,11.3,6.28,5.46,1.72,3.86,2.92,1.9,1.0,–,,–,0.151,14,–,3.87,1.36,–,–,1.24,3.09,–,–,–,–,–,–,–,–,–,–,–,–,–,–,–,–,1.16,3.82,19.5,–,23.6,12.4,16.4,2.625,2.25,–,W100X19.3,W100X19.3,19.3,2470,106,105,–,–,–,103,102,–,–,–,7.11,6.35,3.18,8.76,9.52,–,–,–,15.1,19.1,12.7,–,–,–,–,–,5.88,–,–,10.6,–,–,4.7,103.0,89.5,43.7,1.61,47.9,31.1,25.4,–,–,–,62.9,3.76,–,2500,0.566,–,–,20.3,50.6,–,–,–,–,–,–,–,–,–,–,–,–,–,–,–,–,29.5,97,495,–,599,315,417,66.7,57.2,–,1.0
L,L12X12X1-3/8,L12X12X1-3/8,–,105.0,31.1,12,–,–,–,–,–,–,–,12,–,–,–,–,–,–,1.38,–,–,2.09,2.0625,–,3.5,3.5,–,1.3,1.3,–,8.7,–,–,–,–,413.0,88.1,48.6,3.64,413.0,88.1,48.6,3.64,165,2.3,33.3,19.9,211,–,–,–,–,–,–,–,6.51,0.627,0.9999999999999999,661,8,0,8,4.02,4.95,4.02,82.6,–,82.6,41,33.3,41,–,–,36,36,48,–,–,–,–,–,L305X305X34.9,L305X305X34.9,156.0,20100,305,–,–,–,–,–,–,–,305,–,–,–,–,–,–,35.1,–,–,53.1,52.4,–,88.9,88.9,–,33,33,–,8.7,–,–,–,–,172.0,1440.0,797.0,92.5,172.0,1440.0,797.0,92.5,68.7,58.4,546,8280,56.7,–,–,–,–,–,–,–,165,0.627,1,275,203,0,203,102,126,102,1350,–,1350,672,546,672,–,–,914,914,1220,–,–,–,–,–,2.3
L,L12X12X1-1/4,L12X12X1-1/4,–,96.4,28.4,12,–,–,–,–,–,–,–,12,–,–,–,–,–,–,1.25,–,–,1.96,1.9375,–,3.45,3.45,–,1.18,1.18,–,9.6,–,–,–,–,381.0,80.7,44.6,3.66,381.0,80.7,44.6,3.66,152,2.31,31.1,14.9,160,–,–,–,–,–,–,–,6.54,0.627,0.9999999999999999,610,8.04,0,8.04,4.05,4.88,4.05,75.9,–,75.9,37.5,31.1,37.5,–,–,36,36,48,–,–,–,–,–,L305X305X31.8,L305X305X31.8,143.0,18300,305,–,–,–,–,–,–,–,305,–,–,–,–,–,–,31.8,–,–,49.8,49.2,–,87.6,87.6,–,30,30,–,9.6,–,–,–,–,159.0,1320.0,731.0,93.0,159.0,1320.0,731.0,93.0,63.3,58.7,510,6200,43,–,–,–,–,–,–,–,166,0.627,1,254,204,0,204,103,124,103,1240,–,1240,615,510,615,–,–,914,914,1220,–,–,–,–,–,2.31
L,L12X12X1-1/8,L12X12X1-1/8,–,87.2,25.8,12,–,–,–,–,–,–,–,12,–,–,–,–,–,–,1.13,–,–,1.84,1.8125,–,3.41,3.41,–,1.08,1.08,–,10.6,–,–,–,–,350.0,73.7,40.7,3.68,350.0,73.7,40.7,3.68,140,2.33,29,11.1,120,–,–,–,–,–,–,–,6.58,0.626,0.9999999999999999,560,8.09,0,8.09,4.06,4.82,4.06,69.2,–,69.2,34.5,29,34.5,–,–,36,36,48,–,–,–,–,–,L305X305X28.6,L305X305X28.6,130.0,16600,305,–,–,–,–,–,–,–,305,–,–,–,–,–,–,28.7,–,–,46.7,46,–,86.6,86.6,–,27.4,27.4,–,10.6,–,–,–,–,146.0,1210.0,667.0,93.5,146.0,1210.0,667.0,93.5,58.3,59.2,475,4620,32.2,–,–,–,–,–,–,–,167,0.626,1,233,205,0,205,103,122,103,1130,–,1130,565,475,565,–,–,914,914,1220,–,–,–,–,–,2.33
L,L12X12X1,L12X12X1,–,77.8,23.0,12,–,–,–,–,–,–,–,12,–,–,–,–,–,–,1,–,–,1.71,1.6875,–,3.36,3.36,–,0.958,0.958,–,12,–,–,–,–,315.0,65.9,36.5,3.7,315.0,65.9,36.5,3.7,126,2.34,26.5,7.8,84.5,–,–,–,–,–,–,–,6.61,0.626,0.9999999999999999,504,8.13,0,8.13,4.09,4.75,4.09,62,–,62,30.8,26.5,30.8,–,–,36,36,48,–,–,–,–,–,L305X305X25.4,L305X305X25.4,116.0,14800,305,–,–,–,–,–,–,–,305,–,–,–,–,–,–,25.4,–,–,43.4,42.9,–,85.3,85.3,–,24.3,24.3,–,12,–,–,–,–,131.0,1080.0,598.0,94.0,131.0,1080.0,598.0,94.0,52.4,59.4,434,3250,22.7,–,–,–,–,–,–,–,168,0.626,1,210,207,0,207,104,121,104,1020,–,1020,505,434,505,–,–,914,914,1220,–,–,–,–,–,2.34
L,L10X10X1-3/8,L10X10X1-3/8,–,87.1,25.6,10,–,–,–,–,–,–,–,10,–,–,–,–,–,–,1.38,–,–,2.18,2.1875,–,3,3,–,1.28,1.28,–,7.25,–,–,–,–,231.0,59.9,33.0,3.0,231.0,59.8,33.0,3.0,93.3,1.91,22,16.4,118,–,–,–,–,–,–,–,5.36,0.629,0.9999999999999999,369,6.58,0,6.58,3.32,4.24,3.32,56.1,–,56.1,28.1,22,28.1,–,–,30,30,40,–,–,–,–,–,L254X254X34.9,L254X254X34.9,130.0,16500,254,–,–,–,–,–,–,–,254,–,–,–,–,–,–,35.1,–,–,55.4,55.6,–,76.2,76.2,–,32.5,32.5,–,7.25,–,–,–,–,96.1,982.0,541.0,76.2,96.1,980.0,541.0,76.2,38.8,48.5,361,6830,31.7,–,–,–,–,–,–,–,136,0.629,1,154,167,0,167,84.3,108,84.3,919,–,919,461,361,461,–,–,762,762,1020,–,–,–,–,–,1.91
L,L10X10X1-1/4,L10X10X1-1/4,–,79.9,23.4,10,–,–,–,–,–,–,–,10,–,–,–,–,–,–,1.25,–,–,2.05,2.0625,–,2.95,2.95,–,1.17,1.17,–,8,–,–,–,–,213.0,54.9,30.2,3.02,213.0,54.9,30.2,3.02,85.4,1.91,20.5,12.3,89.4,–,–,–,–,–,–,–,5.39,0.628,0.9999999999999999,341,6.63,0,6.63,3.34,4.17,3.34,51.4,–,51.4,25.6,20.5,25.6,–,–,30,30,40,–,–,–,–,–,L254X254X31.8,L254X254X31.8,119.0,15100,254,–,–,–,–,–,–,–,254,–,–,–,–,–,–,31.8,–,–,52.1,52.4,–,74.9,74.9,–,29.7,29.7,–,8,–,–,–,–,88.7,900.0,495.0,76.7,88.7,900.0,495.0,76.7,35.5,48.5,336,5120,24,–,–,–,–,–,–,–,137,0.628,1,142,168,0,168,84.8,106,84.8,842,–,842,420,336,420,–,–,762,762,1020,–,–,–,–,–,1.91
L,L10X10X1-1/8,L10X10X1-1/8,–,72.3,21.3,10,–,–,–,–,–,–,–,10,–,–,–,–,–,–,1.13,–,–,1.93,1.9375,–,2.9,2.9,–,1.07,1.07,–,8.85,–,–,–,–,196.0,50.2,27.6,3.03,196.0,50.2,27.6,3.03,78.2,1.92,19.1,9.21,67.3,–,–,–,–,–,–,–,5.41,0.627,0.9999999999999999,314,6.67,0,6.67,3.37,4.1,3.37,47.1,–,47.1,23.2,19.1,23.2,–,–,30,30,40,–,–,–,–,–,L254X254X28.6,L254X254X28.6,108.0,13700,254,–,–,–,–,–,–,–,254,–,–,–,–,–,–,28.7,–,–,49,49.2,–,73.7,73.7,–,27.2,27.2,–,8.85,–,–,–,–,81.6,823.0,452.0,77.0,81.6,823.0,452.0,77.0,32.5,48.8,313,3830,18.1,–,–,–,–,–,–,–,137,0.627,1,131,169,0,169,85.6,104,85.6,772,–,772,380,313,380,–,–,762,762,1020,–,–,–,–,–,1.92
L,L10X10X1,L10X10X1,–,64.7,19.0,10,–,–,–,–,–,–,–,10,–,–,–,–,–,–,1,–,–,1.8,1.8125,–,2.86,2.86,–,0.95,0.95,–,10,–,–,–,–,177.0,45.0,24.8,3.05,177.0,45.0,24.8,3.05,70.4,1.92,17.4,6.46,47.6,–,–,–,–,–,–,–,5.46,0.626,0.9999999999999999,284,6.72,0,6.72,3.38,4.04,3.38,42.3,–,42.3,20.8,17.4,20.8,–,–,30,30,40,–,–,–,–,–,L254X254X25.4,L254X254X25.4,96.3,12300,254,–,–,–,–,–,–,–,254,–,–,–,–,–,–,25.4,–,–,45.7,46,–,72.6,72.6,–,24.1,24.1,–,10,–,–,–,–,73.7,738.0,406.0,77.5,73.7,738.0,406.0,77.5,29.3,48.8,285,2690,12.8,–,–,–,–,–,–,–,139,0.626,1,118,171,0,171,85.9,103,85.9,693,–,693,341,285,341,–,–,762,762,1020,–,–,–,–,–,1.92
L,L10X10X7/8,L10X10X7/8,–,56.9,16.8,10,–,–,–,–,–,–,–,10,–,–,–,–,–,–,0.875,–,–,1.68,1.6875,–,2.8,2.8,–,0.84,0.84,–,11.4,–,–,–,–,158.0,39.9,21.9,3.07,158.0,39.9,21.9,3.07,62.8,1.93,15.9,4.39,32.5,–,–,–,–,–,–,–,5.47,0.627,0.9999999999999999,253,6.76,0,6.76,3.42,3.96,3.42,37.4,–,37.4,18.4,15.9,18.4,–,–,30,30,40,–,–,–,–,–,L254X254X22.2,L254X254X22.2,84.7,10800,254,–,–,–,–,–,–,–,254,–,–,–,–,–,–,22.2,–,–,42.7,42.9,–,71.1,71.1,–,21.3,21.3,–,11.4,–,–,–,–,65.8,654.0,359.0,78.0,65.8,654.0,359.0,78.0,26.1,49,261,1830,8.73,–,–,–,–,–,–,–,139,0.627,1,105,172,0,172,86.9,101,86.9,613,–,613,302,261,302,–,–,762,762,1020,–,–,–,–,–,1.93
L,L10X10X3/4,L10X10X3/4,–,49.1,14.5,10,–,–,–,–,–,–,–,10,–,–,–,–,–,–,0.75,–,–,1.55,1.5625,–,2.76,2.76,–,0.725,0.725,–,13.3,–,–,–,–,139.0,34.6,19.2,3.1,139.0,34.6,19.2,3.1,55.7,1.96,14.3,2.8,20.9,–,–,–,–,–,–,–,5.53,0.628,0.9999999999999999,222,6.81,0,6.81,3.43,3.9,3.43,32.6,–,32.6,16.2,14.3,16.2,–,–,30,30,40,–,–,–,–,–,L254X254X19,L254X254X19,73.1,9360,254,–,–,–,–,–,–,–,254,–,–,–,–,–,–,19.1,–,–,39.4,39.7,–,70.1,70.1,–,18.4,18.4,–,13.3,–,–,–,–,57.9,567.0,315.0,78.7,57.9,567.0,315.0,78.7,23.2,49.8,234,1170,5.61,–,–,–,–,–,–,–,140,0.628,1,92.4,173,0,173,87.1,99.1,87.1,534,–,534,266,234,266,–,–,762,762,1020,–,–,–,–,–,1.96
L,L8X8X1-1/8,L8X8X1-1/8,–,56.9,16.8,8,–,–,–,–,–,–,–,8,–,–,–,–,–,–,1.13,–,–,1.75,1.75,–,2.4,2.4,–,1.05,1.05,–,7.08,–,–,–,–,98.1,31.6,17.5,2.41,98.1,31.6,17.5,2.41,40.7,1.56,12,7.13,32.5,–,–,–,–,–,–,–,4.29,0.63,1,155,5.26,0,5.26,2.66,3.39,2.66,29.5,–,29.5,15.3,12,15.3,–,–,24,24,32,–,–,–,–,–,L203X203X28.6,L203X203X28.6,84.7,10800,203,–,–,–,–,–,–,–,203,–,–,–,–,–,–,28.6,–,–,44.5,44.5,–,61,61,–,26.7,26.7,–,7.08,–,–,–,–,40.8,518.0,287.0,61.2,40.8,518.0,287.0,61.2,16.9,39.6,197,2970,8.73,–,–,–,–,–,–,–,109,0.63,1,64.5,134,0,134,67.6,86.1,67.6,483,–,483,251,197,251,–,–,610,610,813,–,–,–,–,–,1.56
L,L8X8X1,L8X8X1,–,51.0,15.1,8,–,–,–,–,–,–,–,8,–,–,–,–,–,–,1,–,–,1.63,1.625,–,2.36,2.36,–,0.944,0.944,–,8,–,–,–,–,89.1,28.5,15.8,2.43,89.1,28.5,15.8,2.43,36.8,1.56,11,5.08,23.4,–,–,–,–,–,–,–,4.32,0.63,1,141,5.3,0,5.3,2.67,3.34,2.67,26.6,–,26.6,13.8,11,13.8,–,–,24,24,32,–,–,–,–,–,L203X203X25.4,L203X203X25.4,75.9,9740,203,–,–,–,–,–,–,–,203,–,–,–,–,–,–,25.4,–,–,41.4,41.3,–,59.9,59.9,–,24,24,–,8,–,–,–,–,37.1,467.0,259.0,61.7,37.1,467.0,259.0,61.7,15.3,39.6,180,2110,6.28,–,–,–,–,–,–,–,110,0.63,1,58.7,135,0,135,67.8,84.8,67.8,436,–,436,226,180,226,–,–,610,610,813,–,–,–,–,–,1.56
L,L8X8X7/8,L8X8X7/8,–,45.0,13.3,8,–,–,–,–,–,–,–,8,–,–,–,–,–,–,0.875,–,–,1.5,1.5,–,2.31,2.31,–,0.831,0.831,–,9.14,–,–,–,–,79.7,25.3,14.0,2.45,79.7,25.3,14.0,2.45,32.7,1.57,10,3.46,16.1,–,–,–,–,–,–,–,4.36,0.63,1,127,5.35,0,5.35,2.7,3.27,2.7,23.7,–,23.7,12.1,10,12.1,–,–,24,24,32,–,–,–,–,–,L203X203X22.2,L203X203X22.2,67.0,8580,203,–,–,–,–,–,–,–,203,–,–,–,–,–,–,22.2,–,–,38.1,38.1,–,58.7,58.7,–,21.1,21.1,–,9.14,–,–,–,–,33.2,415.0,229.0,62.2,33.2,415.0,229.0,62.2,13.6,39.9,164,1440,4.32,–,–,–,–,–,–,–,111,0.63,1,52.9,136,0,136,68.6,83.1,68.6,388,–,388,198,164,198,–,–,610,610,813,–,–,–,–,–,1.57
L,L8X8X3/4,L8X8X3/4,–,38.9,11.5,8,–,–,–,–,–,–,–,8,–,–,–,–,–,–,0.75,–,–,1.38,1.375,–,2.26,2.26,–,0.719,0.719,–,10.7,–,–,–,–,69.9,22.0,12.2,2.46,69.9,22.0,12.2,2.46,28.5,1.57,8.91,2.21,10.4,–,–,–,–,–,–,–,4.39,0.63,1,111,5.39,0,5.39,2.73,3.2,2.73,20.6,–,20.6,10.4,8.91,10.4,–,–,24,24,32,–,–,–,–,–,L203X203X19,L203X203X19,57.9,7420,203,–,–,–,–,–,–,–,203,–,–,–,–,–,–,19.1,–,–,35.1,34.9,–,57.4,57.4,–,18.3,18.3,–,10.7,–,–,–,–,29.1,361.0,200.0,62.5,29.1,361.0,200.0,62.5,11.9,39.9,146,920,2.79,–,–,–,–,–,–,–,112,0.63,1,46.2,137,0,137,69.3,81.3,69.3,338,–,338,170,146,170,–,–,610,610,813,–,–,–,–,–,1.57
L,L8X8X5/8,L8X8X5/8,–,32.7,9.69,8,–,–,–,–,–,–,–,8,–,–,–,–,–,–,0.625,–,–,1.25,1.25,–,2.21,2.21,–,0.606,0.606,–,12.8,–,–,–,–,59.6,18.6,10.3,2.48,59.6,18.6,10.3,2.48,24.2,1.58,7.73,1.3,6.16,–,–,–,–,–,–,–,4.42,0.63,1,95,5.44,0,5.44,2.75,3.13,2.75,17.5,–,17.5,8.8,7.73,8.8,–,–,24,24,32,–,–,–,–,–,L203X203X15.9,L203X203X15.9,48.7,6250,203,–,–,–,–,–,–,–,203,–,–,–,–,–,–,15.9,–,–,31.8,31.8,–,56.1,56.1,–,15.4,15.4,–,12.8,–,–,–,–,24.8,305.0,169.0,63.0,24.8,305.0,169.0,63.0,10.1,40.1,127,541,1.65,–,–,–,–,–,–,–,112,0.63,1,39.5,138,0,138,69.8,79.5,69.8,287,–,287,144,127,144,–,–,610,610,813,–,–,–,–,–,1.58
L,L8X8X9/16,L8X8X9/16,–,29.6,8.77,8,–,–,–,–,–,–,–,8,–,–,–,–,–,–,0.563,–,–,1.19,1.1875,–,2.19,2.19,–,0.548,0.548,–,14.2,–,–,–,–,54.2,16.8,9.33,2.49,54.2,16.8,9.33,2.49,21.9,1.58,7.06,0.961,4.55,–,–,–,–,–,–,–,4.43,0.63,1,86.4,5.46,0,5.46,2.76,3.1,2.76,15.8,–,15.8,7.93,7.06,7.93,–,–,24,24,32,–,–,–,–,–,L203X203X14.3,L203X203X14.3,44.0,5660,203,–,–,–,–,–,–,–,203,–,–,–,–,–,–,14.3,–,–,30.2,30.2,–,55.6,55.6,–,13.9,13.9,–,14.2,–,–,–,–,22.6,275.0,153.0,63.2,22.6,275.0,153.0,63.2,9.12,40.1,116,400,1.22,–,–,–,–,–,–,–,113,0.63,1,36,139,0,139,70.1,78.7,70.1,259,–,259,130,116,130,–,–,610,610,813,–,–,–,–,–,1.58
L,L8X8X1/2,L8X8X1/2,–,26.4,7.84,8,–,–,–,–,–,–,–,8,–,–,–,–,–,–,0.5,–,–,1.13,1.125,–,2.17,2.17,–,0.49,0.49,–,16,–,–,–,–,48.8,15.1,8.36,2.49,48.8,15.1,8.36,2.49,19.8,1.59,6.45,0.683,3.23,–,–,–,–,–,–,–,4.45,0.63,1,77.9,5.48,0,5.48,2.76,3.07,2.76,14.2,–,14.2,7.17,6.45,7.17,–,–,24,24,32,–,–,–,–,–,L203X203X12.7,L203X203X12.7,39.3,5060,203,–,–,–,–,–,–,–,203,–,–,–,–,–,–,12.7,–,–,28.7,28.6,–,55.1,55.1,–,12.4,12.4,–,16,–,–,–,–,20.3,247.0,137.0,63.2,20.3,247.0,137.0,63.2,8.24,40.4,106,284,0.867,–,–,–,–,–,–,–,113,0.63,1,32.4,139,0,139,70.1,78,70.1,233,–,233,118,106,117,–,–,610,610,813,–,–,–,–,–,1.59
L,L8X6X1,L8X6X1,–,44.2,13.1,6,–,–,–,–,–,–,–,8,–,–,–,–,–,–,1,–,–,1.5,1.5,–,1.65,2.65,–,0.819,1.45,–,8,–,–,–,–,80.9,27.3,15.1,2.49,38.8,16.2,8.92,1.72,21.3,1.28,7.61,4.34,16.3,–,–,–,–,–,–,–,3.88,–,0.542,98.4,3.96,1.54,5.25,2.8,2.71,1.54,24.8,63.9,18.7,7.61,7.86,13.8,–,–,22,20,28,–,–,–,–,–,L203X152X25.4,L203X152X25.4,65.5,8450,152,–,–,–,–,–,–,–,203,–,–,–,–,–,–,25.4,–,–,38.1,38.1,–,41.9,67.3,–,20.8,36.8,–,8,–,–,–,–,33.7,447.0,247.0,63.2,16.1,265.0,146.0,43.7,8.87,32.5,125,1810,4.38,–,–,–,–,–,–,–,98.6,–,0.542,41,101,39.1,133,71.1,68.8,39.1,406,1050,306,125,129,226,–,–,559,508,711,–,–,–,–,–,1.28
L,L8X6X7/8,L8X6X7/8,–,39.1,11.5,6,–,–,–,–,–,–,–,8,–,–,–,–,–,–,0.875,–,–,1.38,1.375,–,1.6,2.6,–,0.719,1.43,–,9.14,–,–,–,–,72.4,24.3,13.4,2.5,34.9,14.4,7.94,1.74,18.9,1.28,6.7,2.96,11.3,–,–,–,–,–,–,–,3.92,–,0.546,88.4,4.01,1.51,5.3,2.82,2.65,1.57,22,58.5,16.7,6.7,7.13,12,–,–,22,20,28,–,–,–,–,–,L203X152X22.2,L203X152X22.2,57.9,7420,152,–,–,–,–,–,–,–,203,–,–,–,–,–,–,22.2,–,–,35.1,34.9,–,40.6,66,–,18.3,36.3,–,9.14,–,–,–,–,30.1,398.0,220.0,63.5,14.5,236.0,130.0,44.2,7.87,32.5,110,1230,3.03,–,–,–,–,–,–,–,99.6,–,0.546,36.8,102,38.4,135,71.6,67.3,39.9,361,959,274,110,117,197,–,–,559,508,711,–,–,–,–,–,1.28
L,L8X6X3/4,L8X6X3/4,–,33.8,9.99,6,–,–,–,–,–,–,–,8,–,–,–,–,–,–,0.75,–,–,1.25,1.25,–,1.56,2.55,–,0.624,1.34,–,10.7,–,–,–,–,63.5,21.1,11.7,2.52,30.8,12.5,6.92,1.75,16.6,1.29,5.85,1.9,7.28,–,–,–,–,–,–,–,3.95,–,0.55,77.8,4.05,1.48,5.35,2.84,2.6,1.59,19.2,52.6,14.5,5.85,6.38,10.4,–,–,22,20,28,–,–,–,–,–,L203X152X19,L203X152X19,50.1,6450,152,–,–,–,–,–,–,–,203,–,–,–,–,–,–,19.1,–,–,31.8,31.8,–,39.6,64.8,–,15.8,34,–,10.7,–,–,–,–,26.4,346.0,192.0,64.0,12.8,205.0,113.0,44.5,6.91,32.8,95.4,791,1.95,–,–,–,–,–,–,–,100,–,0.55,32.4,103,37.6,136,72.1,66,40.4,315,862,238,95.9,105,170,–,–,559,508,711,–,–,–,–,–,1.29
L,L8X6X5/8,L8X6X5/8,–,28.5,8.41,6,–,–,–,–,–,–,–,8,–,–,–,–,–,–,0.625,–,–,1.13,1.125,–,1.51,2.5,–,0.526,1.27,–,12.8,–,–,–,–,54.2,17.9,9.86,2.54,26.4,10.5,5.88,1.77,14.1,1.29,4.91,1.12,4.33,–,–,–,–,–,–,–,3.98,–,0.554,66.5,4.09,1.45,5.39,2.87,2.53,1.62,16.3,45.9,12.3,4.91,5.57,8.7,–,–,22,20,28,–,–,–,–,–,L203X152X15.9,L203X152X15.9,42.2,5430,152,–,–,–,–,–,–,–,203,–,–,–,–,–,–,15.9,–,–,28.7,28.6,–,38.4,63.5,–,13.4,32.3,–,12.8,–,–,–,–,22.6,293.0,162.0,64.5,11.0,172.0,96.4,45.0,5.87,32.8,80.5,466,1.16,–,–,–,–,–,–,–,101,–,0.554,27.7,104,36.8,137,72.9,64.3,41.1,267,752,202,80.5,91.3,143,–,–,559,508,711,–,–,–,–,–,1.29
L,L8X6X9/16,L8X6X9/16,–,25.7,7.61,6,–,–,–,–,–,–,–,8,–,–,–,–,–,–,0.563,–,–,1.06,1.0625,–,1.49,2.48,–,0.476,1.24,–,14.2,–,–,–,–,49.4,16.2,8.94,2.55,24.1,9.52,5.34,1.78,12.8,1.3,4.46,0.823,3.2,–,–,–,–,–,–,–,3.99,–,0.556,60.7,4.11,1.44,5.41,2.87,2.51,1.62,14.8,42.2,11.2,4.46,5.1,7.9,–,–,22,20,28,–,–,–,–,–,L203X152X14.3,L203X152X14.3,38.1,4910,152,–,–,–,–,–,–,–,203,–,–,–,–,–,–,14.3,–,–,26.9,27,–,37.8,63,–,12.1,31.5,–,14.2,–,–,–,–,20.6,265.0,147.0,64.8,10.0,156.0,87.5,45.2,5.33,33,72.9,343,0.859,–,–,–,–,–,–,–,101,–,0.556,25.3,104,36.6,137,72.9,63.8,41.1,243,692,184,73.1,83.6,129,–,–,559,508,711,–,–,–,–,–,1.3
L,L8X6X1/2,L8X6X1/2,–,23.0,6.8,6,–,–,–,–,–,–,–,8,–,–,–,–,–,–,0.5,–,–,1,1,–,1.46,2.46,–,0.425,1.2,–,16,–,–,–,–,44.4,14.6,8.01,2.55,21.7,8.52,4.79,1.79,11.5,1.3,3.98,0.584,2.28,–,–,–,–,–,–,–,4.01,–,0.557,54.6,4.14,1.44,5.43,2.89,2.47,1.64,13.2,37.9,10.1,3.98,4.66,7.01,–,–,22,20,28,–,–,–,–,–,L203X152X12.7,L203X152X12.7,34.1,4390,152,–,–,–,–,–,–,–,203,–,–,–,–,–,–,12.7,–,–,25.4,25.4,–,37.1,62.5,–,10.8,30.5,–,16,–,–,–,–,18.5,239.0,131.0,64.8,9.03,140.0,78.5,45.5,4.79,33,65.2,243,0.612,–,–,–,–,–,–,–,102,–,0.557,22.7,105,36.6,138,73.4,62.7,41.7,216,621,166,65.2,76.4,115,–,–,559,508,711,–,–,–,–,–,1.3
L,L8X6X7/16,L8X6X7/16,–,20.2,5.99,6,–,–,–,–,–,–,–,8,–,–,–,–,–,–,0.438,–,–,0.938,0.9375,–,1.44,2.43,–,0.374,1.15,–,18.3,–,–,–,–,39.3,12.9,7.06,2.56,19.3,7.5,4.23,1.8,10.2,1.31,3.52,0.396,1.55,–,–,–,–,–,–,–,4.02,–,0.559,48.4,4.16,1.42,5.46,2.9,2.44,1.65,11.6,34.1,8.86,3.52,4.18,6.18,–,–,22,20,28,–,–,–,–,–,L203X152X11.1,L203X152X11.1,29.9,3860,152,–,–,–,–,–,–,–,203,–,–,–,–,–,–,11.1,–,–,23.8,23.8,–,36.6,61.7,–,9.5,29.2,–,18.3,–,–,–,–,16.4,211.0,116.0,65.0,8.03,123.0,69.3,45.7,4.25,33.3,57.5,165,0.416,–,–,–,–,–,–,–,102,–,0.559,20.1,106,36.1,139,73.7,62,41.9,190,559,145,57.7,68.5,101,–,–,559,508,711,–,–,–,–,–,1.31
L,L8X4X1,L8X4X1,–,37.4,11.1,4,–,–,–,–,–,–,–,8,–,–,–,–,–,–,1,–,–,1.5,1.5,–,1.04,3.03,–,0.694,2.45,–,8,–,–,–,–,69.7,24.3,14.0,2.51,11.6,7.73,3.94,1.03,7.83,0.844,3.45,3.68,12.9,–,–,–,–,–,–,–,3.75,–,0.247,73.4,3.17,2.69,4.95,2.27,1.74,0.667,23.2,27.3,14.8,3.45,4.5,11.7,–,–,20,16,24,–,–,–,–,–,L203X102X25.4,L203X102X25.4,55.4,7160,102,–,–,–,–,–,–,–,203,–,–,–,–,–,–,25.4,–,–,38.1,38.1,–,26.4,77,–,17.6,62.2,–,8,–,–,–,–,29.0,398.0,229.0,63.8,4.83,127.0,64.6,26.2,3.26,21.4,57,1530,3.46,–,–,–,–,–,–,–,95.3,–,0.247,30.6,80.5,68.3,126,57.7,44.2,16.9,380,447,243,56.5,73.8,192,–,–,508,406,610,–,–,–,–,–,0.844
L,L8X4X7/8,L8X4X7/8,–,33.1,9.79,4,–,–,–,–,–,–,–,8,–,–,–,–,–,–,0.875,–,–,1.38,1.375,–,0.997,2.99,–,0.612,2.41,–,9.14,–,–,–,–,62.6,21.7,12.5,2.53,10.5,6.77,3.51,1.04,6.97,0.846,3.04,2.51,8.89,–,–,–,–,–,–,–,3.78,–,0.252,66.1,3.21,2.66,4.99,2.29,1.7,0.681,20.6,24.8,13.2,3.04,4.1,10.2,–,–,20,16,24,–,–,–,–,–,L203X102X22.2,L203X102X22.2,49.3,6320,102,–,–,–,–,–,–,–,203,–,–,–,–,–,–,22.2,–,–,35.1,34.9,–,25.3,75.9,–,15.5,61.2,–,9.14,–,–,–,–,26.1,356.0,205.0,64.3,4.37,111.0,57.5,26.4,2.9,21.5,50.1,1040,2.39,–,–,–,–,–,–,–,96,–,0.252,27.5,81.5,67.6,127,58.2,43.2,17.3,338,408,216,49.8,67.2,167,–,–,508,406,610,–,–,–,–,–,0.846
L,L8X4X3/4,L8X4X3/4,–,28.7,8.49,4,–,–,–,–,–,–,–,8,–,–,–,–,–,–,0.75,–,–,1.25,1.25,–,0.949,2.94,–,0.531,2.34,–,10.7,–,–,–,–,55.0,18.9,10.9,2.55,9.37,5.82,3.07,1.05,6.14,0.85,2.65,1.61,5.75,–,–,–,–,–,–,–,3.8,–,0.257,58.2,3.24,2.61,5.04,2.32,1.65,0.704,18,22.3,11.5,2.65,3.72,8.72,–,–,20,16,24,–,–,–,–,–,L203X102X19,L203X102X19,42.5,5480,102,–,–,–,–,–,–,–,203,–,–,–,–,–,–,19.1,–,–,31.8,31.8,–,24.1,74.7,–,13.5,59.4,–,10.7,–,–,–,–,22.9,310.0,179.0,64.8,3.9,95.4,50.3,26.7,2.56,21.6,43.4,670,1.54,–,–,–,–,–,–,–,96.5,–,0.257,24.2,82.3,66.3,128,58.9,41.9,17.9,295,365,188,43.4,61,143,–,–,508,406,610,–,–,–,–,–,0.85
L,L8X4X5/8,L8X4X5/8,–,24.2,7.16,4,–,–,–,–,–,–,–,8,–,–,–,–,–,–,0.625,–,–,1.13,1.125,–,0.902,2.89,–,0.448,2.27,–,12.8,–,–,–,–,47.0,16.1,9.2,2.56,8.11,4.86,2.62,1.06,5.24,0.856,2.24,0.955,3.42,–,–,–,–,–,–,–,3.83,–,0.262,49.9,3.28,2.57,5.09,2.34,1.61,0.725,15.2,19.4,9.8,2.24,3.25,7.23,–,–,20,16,24,–,–,–,–,–,L203X102X15.9,L203X102X15.9,36.0,4620,102,–,–,–,–,–,–,–,203,–,–,–,–,–,–,15.9,–,–,28.7,28.6,–,22.9,73.4,–,11.4,57.7,–,12.8,–,–,–,–,19.6,264.0,151.0,65.0,3.38,79.6,42.9,26.9,2.18,21.7,36.7,398,0.918,–,–,–,–,–,–,–,97.3,–,0.262,20.8,83.3,65.3,129,59.4,40.9,18.4,249,318,161,36.7,53.3,118,–,–,508,406,610,–,–,–,–,–,0.856
L,L8X4X9/16,L8X4X9/16,–,21.9,6.49,4,–,–,–,–,–,–,–,8,–,–,–,–,–,–,0.563,–,–,1.06,1.0625,–,0.878,2.86,–,0.406,2.23,–,14.2,–,–,–,–,42.9,14.6,8.34,2.57,7.44,4.39,2.38,1.07,4.78,0.859,2.03,0.704,2.53,–,–,–,–,–,–,–,3.84,–,0.264,45.6,3.29,2.54,5.12,2.36,1.58,0.736,13.9,18,8.91,2.03,3.03,6.49,–,–,20,16,24,–,–,–,–,–,L203X102X14.3,L203X102X14.3,32.4,4190,102,–,–,–,–,–,–,–,203,–,–,–,–,–,–,14.3,–,–,26.9,27,–,22.3,72.6,–,10.3,56.6,–,14.2,–,–,–,–,17.9,239.0,137.0,65.3,3.1,71.9,39.0,27.2,1.99,21.8,33.3,293,0.679,–,–,–,–,–,–,–,97.5,–,0.264,19,83.6,64.5,130,59.9,40.1,18.7,228,295,146,33.3,49.7,106,–,–,508,406,610,–,–,–,–,–,0.859
L,L8X4X1/2,L8X4X1/2,–,19.6,5.8,4,–,–,–,–,–,–,–,8,–,–,–,–,–,–,0.5,–,–,1,1,–,0.854,2.84,–,0.363,2.2,–,16,–,–,–,–,38.6,13.1,7.48,2.58,6.75,3.91,2.15,1.08,4.32,0.863,1.82,0.501,1.8,–,–,–,–,–,–,–,3.86,–,0.266,41,3.31,2.52,5.14,2.37,1.56,0.744,12.4,16.3,7.98,1.82,2.77,5.81,–,–,20,16,24,–,–,–,–,–,L203X102X12.7,L203X102X12.7,29.0,3740,102,–,–,–,–,–,–,–,203,–,–,–,–,–,–,12.7,–,–,25.4,25.4,–,21.7,72.1,–,9.22,55.9,–,16,–,–,–,–,16.1,215.0,123.0,65.5,2.81,64.1,35.2,27.4,1.8,21.9,29.8,209,0.483,–,–,–,–,–,–,–,98,–,0.266,17.1,84.1,64,131,60.2,39.6,18.9,203,267,131,29.8,45.4,95.2,–,–,508,406,610,–,–,–,–,–,0.863
L,L8X4X7/16,L8X4X7/16,–,17.2,5.11,4,–,–,–,–,–,–,–,8,–,–,–,–,–,–,0.438,–,–,0.938,0.9375,–,0.829,2.81,–,0.319,2.16,–,18.3,–,–,–,–,34.2,11.6,6.59,2.59,6.03,3.42,1.9,1.09,3.84,0.867,1.61,0.34,1.22,–,–,–,–,–,–,–,3.87,–,0.268,36.4,3.33,2.5,5.17,2.39,1.53,0.758,10.9,14.6,7.04,1.61,2.51,5.07,–,–,20,16,24,–,–,–,–,–,L203X102X11.1,L203X102X11.1,25.6,3300,102,–,–,–,–,–,–,–,203,–,–,–,–,–,–,11.1,–,–,23.8,23.8,–,21.1,71.4,–,8.1,54.9,–,18.3,–,–,–,–,14.2,190.0,108.0,65.8,2.51,56.0,31.1,27.7,1.6,22,26.4,142,0.328,–,–,–,–,–,–,–,98.3,–,0.268,15.2,84.6,63.5,131,60.7,38.9,19.3,179,239,115,26.4,41.1,83.1,–,–,508,406,610,–,–,–,–,–,0.867
L,L7X4X3/4,L7X4X3/4,–,26.2,7.74,4,–,–,–,–,–,–,–,7,–,–,–,–,–,–,0.75,–,–,1.25,1.25,–,1,2.5,–,0.553,1.84,–,9.33,–,–,–,–,37.8,14.8,8.39,2.21,9.0,5.6,3.01,1.08,5.63,0.855,2.56,1.47,3.97,–,–,–,–,–,–,–,3.31,–,0.324,41.2,2.95,2.07,4.47,2.2,1.72,0.79,14,19.9,9.22,2.56,3.27,7.13,–,–,18,15,22,–,–,–,–,–,L178X102X19,L178X102X19,38.8,4990,102,–,–,–,–,–,–,–,178,–,–,–,–,–,–,19.1,–,–,31.8,31.8,–,25.4,63.5,–,14,46.7,–,9.33,–,–,–,–,15.7,243.0,137.0,56.1,3.75,91.8,49.3,27.4,2.34,21.7,42.1,612,1.07,–,–,–,–,–,–,–,84.1,–,0.324,17.1,74.9,52.6,114,55.9,43.7,20.1,229,326,151,42,53.6,117,–,–,457,381,559,–,–,–,–,–,0.855
L,L7X4X5/8,L7X4X5/8,–,22.1,6.5,4,–,–,–,–,–,–,–,7,–,–,–,–,–,–,0.625,–,–,1.13,1.125,–,0.958,2.45,–,0.464,1.8,–,11.2,–,–,–,–,32.4,12.5,7.12,2.23,7.79,4.69,2.56,1.1,4.81,0.86,2.17,0.868,2.37,–,–,–,–,–,–,–,3.34,–,0.329,35.4,2.98,2.03,4.52,2.22,1.68,0.808,11.9,17.4,7.83,2.17,2.86,5.95,–,–,18,15,22,–,–,–,–,–,L178X102X15.9,L178X102X15.9,32.7,4190,102,–,–,–,–,–,–,–,178,–,–,–,–,–,–,15.9,–,–,28.7,28.6,–,24.3,62.2,–,11.8,45.7,–,11.2,–,–,–,–,13.5,205.0,117.0,56.6,3.24,76.9,42.0,27.9,2,21.8,35.4,361,0.636,–,–,–,–,–,–,–,84.8,–,0.329,14.7,75.7,51.6,115,56.4,42.7,20.5,195,285,128,35.6,46.9,97.5,–,–,457,381,559,–,–,–,–,–,0.86
L,L7X4X1/2,L7X4X1/2,–,17.9,5.26,4,–,–,–,–,–,–,–,7,–,–,–,–,–,–,0.5,–,–,1,1,–,0.91,2.4,–,0.376,1.74,–,14,–,–,–,–,26.6,10.2,5.79,2.25,6.48,3.77,2.1,1.11,3.94,0.866,1.75,0.456,1.25,–,–,–,–,–,–,–,3.37,–,0.334,29.1,3.02,1.99,4.57,2.25,1.62,0.834,9.64,14.6,6.37,1.75,2.43,4.72,–,–,18,15,22,–,–,–,–,–,L178X102X12.7,L178X102X12.7,26.5,3390,102,–,–,–,–,–,–,–,178,–,–,–,–,–,–,12.7,–,–,25.4,25.4,–,23.1,61,–,9.55,44.2,–,14,–,–,–,–,11.1,167.0,94.9,57.2,2.7,61.8,34.4,28.2,1.64,22,28.8,190,0.336,–,–,–,–,–,–,–,85.6,–,0.334,12.1,76.7,50.5,116,57.2,41.1,21.2,158,239,104,28.7,39.8,77.4,–,–,457,381,559,–,–,–,–,–,0.866
L,L7X4X7/16,L7X4X7/16,–,15.7,4.63,4,–,–,–,–,–,–,–,7,–,–,–,–,–,–,0.438,–,–,0.938,0.9375,–,0.886,2.38,–,0.331,1.71,–,16,–,–,–,–,23.6,9.03,5.11,2.26,5.79,3.31,1.86,1.12,3.5,0.869,1.55,0.31,0.851,–,–,–,–,–,–,–,3.38,–,0.337,25.9,3.04,1.97,4.59,2.26,1.6,0.846,8.52,13.1,5.64,1.55,2.19,4.14,–,–,18,15,22,–,–,–,–,–,L178X102X11.1,L178X102X11.1,23.4,2990,102,–,–,–,–,–,–,–,178,–,–,–,–,–,–,11.1,–,–,23.8,23.8,–,22.5,60.5,–,8.41,43.4,–,16,–,–,–,–,9.82,148.0,83.7,57.4,2.41,54.2,30.5,28.4,1.46,22.1,25.4,129,0.229,–,–,–,–,–,–,–,85.9,–,0.337,10.8,77.2,50,117,57.4,40.6,21.5,140,215,92.4,25.4,35.9,67.9,–,–,457,381,559,–,–,–,–,–,0.869
L,L7X4X3/8,L7X4X3/8,–,13.6,4.0,4,–,–,–,–,–,–,–,7,–,–,–,–,–,–,0.375,–,–,0.875,0.875,–,0.861,2.35,–,0.286,1.67,–,18.7,–,–,–,–,20.5,7.81,4.42,2.27,5.06,2.84,1.61,1.12,3.04,0.873,1.33,0.198,0.544,–,–,–,–,–,–,–,3.4,–,0.339,22.5,3.06,1.95,4.62,2.28,1.57,0.859,7.35,11.5,4.87,1.33,1.94,3.54,–,–,18,15,22,–,–,–,–,–,L178X102X9.5,L178X102X9.5,20.2,2580,102,–,–,–,–,–,–,–,178,–,–,–,–,–,–,9.53,–,–,22.2,22.2,–,21.9,59.7,–,7.26,42.4,–,18.7,–,–,–,–,8.53,128.0,72.4,57.7,2.11,46.5,26.4,28.4,1.27,22.2,22,82.4,0.146,–,–,–,–,–,–,–,86.4,–,0.339,9.37,77.7,49.5,117,57.9,39.9,21.8,120,188,79.8,21.8,31.8,58,–,–,457,381,559,–,–,–,–,–,0.873
L,L6X6X1,L6X6X1,–,37.4,11.0,6,–,–,–,–,–,–,–,6,–,–,–,–,–,–,1,–,–,1.5,1.5,–,1.86,1.86,–,0.917,0.917,–,6,–,–,–,–,35.4,15.4,8.55,1.79,35.4,15.4,8.55,1.79,14.9,1.17,5.67,3.68,9.24,–,–,–,–,–,–,–,3.18,0.64,1,55.8,3.89,0,3.89,1.97,2.63,1.97,14.3,–,14.3,7.56,5.67,7.56,–,–,18,18,24,–,–,–,–,–,L152X152X25.4,L152X152X25.4,55.7,7100,152,–,–,–,–,–,–,–,152,–,–,–,–,–,–,25.4,–,–,38.1,38.1,–,47.2,47.2,–,23.3,23.3,–,6,–,–,–,–,14.7,252.0,140.0,45.5,14.7,252.0,140.0,45.5,6.2,29.7,93.4,1530,2.48,–,–,–,–,–,–,–,80.8,0.64,1,23.2,98.8,0,98.8,50,66.8,50,234,–,234,124,92.9,124,–,–,457,457,610,–,–,–,–,–,1.17
L,L6X6X7/8,L6X6X7/8,–,33.1,9.75,6,–,–,–,–,–,–,–,6,–,–,–,–,–,–,0.875,–,–,1.38,1.375,–,1.81,1.81,–,0.813,0.813,–,6.86,–,–,–,–,31.9,13.7,7.61,1.81,31.9,13.7,7.61,1.81,13.3,1.17,5.2,2.51,6.41,–,–,–,–,–,–,–,3.21,0.63,1,50.5,3.93,0,3.93,1.99,2.56,1.99,12.8,–,12.8,6.68,5.2,6.68,–,–,18,18,24,–,–,–,–,–,L152X152X22.2,L152X152X22.2,49.3,6290,152,–,–,–,–,–,–,–,152,–,–,–,–,–,–,22.2,–,–,35.1,34.9,–,46,46,–,20.7,20.7,–,6.86,–,–,–,–,13.3,225.0,125.0,46.0,13.3,225.0,125.0,46.0,5.54,29.7,84.9,1040,1.72,–,–,–,–,–,–,–,81.5,0.63,1,21,99.8,0,99.8,50.5,65,50.5,210,–,210,109,85.2,109,–,–,457,457,610,–,–,–,–,–,1.17
L,L6X6X3/4,L6X6X3/4,–,28.7,8.46,6,–,–,–,–,–,–,–,6,–,–,–,–,–,–,0.75,–,–,1.25,1.25,–,1.77,1.77,–,0.705,0.705,–,8,–,–,–,–,28.1,11.9,6.64,1.82,28.1,11.9,6.64,1.82,11.6,1.17,4.64,1.61,4.17,–,–,–,–,–,–,–,3.24,0.63,1,44.6,3.98,0,3.98,2,2.5,2,11.2,–,11.2,5.8,4.64,5.8,–,–,18,18,24,–,–,–,–,–,L152X152X19,L152X152X19,42.7,5460,152,–,–,–,–,–,–,–,152,–,–,–,–,–,–,19.1,–,–,31.8,31.8,–,45,45,–,17.9,17.9,–,8,–,–,–,–,11.7,195.0,109.0,46.2,11.7,195.0,109.0,46.2,4.83,29.7,75.9,670,1.12,–,–,–,–,–,–,–,82.3,0.63,1,18.6,101,0,101,50.8,63.5,50.8,184,–,184,95.1,76,95.1,–,–,457,457,610,–,–,–,–,–,1.17
L,L6X6X5/8,L6X6X5/8,–,24.2,7.13,6,–,–,–,–,–,–,–,6,–,–,–,–,–,–,0.625,–,–,1.13,1.125,–,1.72,1.72,–,0.594,0.594,–,9.6,–,–,–,–,24.1,10.1,5.64,1.84,24.1,10.1,5.64,1.84,9.81,1.17,4.04,0.955,2.5,–,–,–,–,–,–,–,3.28,0.63,1,38.4,4.02,0,4.02,2.03,2.43,2.03,9.55,–,9.55,4.83,4.04,4.83,–,–,18,18,24,–,–,–,–,–,L152X152X15.9,L152X152X15.9,36.0,4600,152,–,–,–,–,–,–,–,152,–,–,–,–,–,–,15.9,–,–,28.7,28.6,–,43.7,43.7,–,15.1,15.1,–,9.6,–,–,–,–,10.0,166.0,92.4,46.7,10.0,166.0,92.4,46.7,4.08,29.7,66.2,398,0.671,–,–,–,–,–,–,–,83.3,0.63,1,16,102,0,102,51.6,61.7,51.6,156,–,156,79.1,66.2,79.1,–,–,457,457,610,–,–,–,–,–,1.17
L,L6X6X9/16,L6X6X9/16,–,21.9,6.45,6,–,–,–,–,–,–,–,6,–,–,–,–,–,–,0.563,–,–,1.06,1.0625,–,1.7,1.7,–,0.538,0.538,–,10.7,–,–,–,–,22.0,9.18,5.12,1.85,22.0,9.18,5.12,1.85,8.9,1.18,3.71,0.704,1.85,–,–,–,–,–,–,–,3.29,0.63,1,35.1,4.04,0,4.04,2.04,2.4,2.04,8.69,–,8.69,4.36,3.71,4.36,–,–,18,18,24,–,–,–,–,–,L152X152X14.3,L152X152X14.3,32.6,4160,152,–,–,–,–,–,–,–,152,–,–,–,–,–,–,14.3,–,–,26.9,27,–,43.2,43.2,–,13.7,13.7,–,10.7,–,–,–,–,9.16,150.0,83.9,47.0,9.16,150.0,83.9,47.0,3.7,30,61.1,293,0.497,–,–,–,–,–,–,–,83.6,0.63,1,14.6,103,0,103,51.8,61,51.8,142,–,142,71.4,60.8,71.5,–,–,457,457,610,–,–,–,–,–,1.18
L,L6X6X1/2,L6X6X1/2,–,19.6,5.77,6,–,–,–,–,–,–,–,6,–,–,–,–,–,–,0.5,–,–,1,1,–,1.67,1.67,–,0.481,0.481,–,12,–,–,–,–,19.9,8.22,4.59,1.86,19.9,8.22,4.59,1.86,8.06,1.18,3.42,0.501,1.32,–,–,–,–,–,–,–,3.31,0.63,1,31.8,4.07,0,4.07,2.06,2.36,2.06,7.81,–,7.81,3.91,3.42,3.91,–,–,18,18,24,–,–,–,–,–,L152X152X12.7,L152X152X12.7,29.2,3720,152,–,–,–,–,–,–,–,152,–,–,–,–,–,–,12.7,–,–,25.4,25.4,–,42.4,42.4,–,12.2,12.2,–,12,–,–,–,–,8.28,135.0,75.2,47.2,8.28,135.0,75.2,47.2,3.35,30,55.7,209,0.354,–,–,–,–,–,–,–,84.1,0.63,1,13.2,103,0,103,52.3,59.9,52.3,128,–,128,64.1,56.1,64.1,–,–,457,457,610,–,–,–,–,–,1.18
L,L6X6X7/16,L6X6X7/16,–,17.2,5.08,6,–,–,–,–,–,–,–,6,–,–,–,–,–,–,0.438,–,–,0.938,0.9375,–,1.65,1.65,–,0.423,0.423,–,13.7,–,–,–,–,17.6,7.25,4.06,1.86,17.6,7.25,4.06,1.86,7.05,1.18,3.03,0.34,0.899,–,–,–,–,–,–,–,3.32,0.63,1,28.1,4.09,0,4.09,2.06,2.33,2.06,6.87,–,6.87,3.42,3.03,3.42,–,–,18,18,24,–,–,–,–,–,L152X152X11.1,L152X152X11.1,25.6,3280,152,–,–,–,–,–,–,–,152,–,–,–,–,–,–,11.1,–,–,23.8,23.8,–,41.9,41.9,–,10.7,10.7,–,13.7,–,–,–,–,7.33,119.0,66.5,47.2,7.33,119.0,66.5,47.2,2.93,30,50,142,0.241,–,–,–,–,–,–,–,84.3,0.63,1,11.7,104,0,104,52.3,59.2,52.3,113,–,113,56.1,49.7,56,–,–,457,457,610,–,–,–,–,–,1.18
L,L6X6X3/8,L6X6X3/8,–,14.9,4.38,6,–,–,–,–,–,–,–,6,–,–,–,–,–,–,0.375,–,–,0.875,0.875,–,1.62,1.62,–,0.365,0.365,–,16,–,–,–,–,15.4,6.27,3.51,1.87,15.4,6.27,3.51,1.87,6.21,1.19,2.71,0.218,0.575,–,–,–,–,–,–,–,3.34,0.63,1,24.6,4.11,0,4.11,2.08,2.29,2.08,5.99,–,5.99,2.99,2.71,2.99,–,–,18,18,24,–,–,–,–,–,L152X152X9.5,L152X152X9.5,22.2,2830,152,–,–,–,–,–,–,–,152,–,–,–,–,–,–,9.53,–,–,22.2,22.2,–,41.1,41.1,–,9.27,9.27,–,16,–,–,–,–,6.41,103.0,57.5,47.5,6.41,103.0,57.5,47.5,2.58,30.2,44.1,90.7,0.154,–,–,–,–,–,–,–,84.8,0.63,1,10.2,104,0,104,52.8,58.2,52.8,98.2,–,98.2,49,44.4,49,–,–,457,457,610,–,–,–,–,–,1.19
L,L6X6X5/16,L6X6X5/16,–,12.4,3.67,6,–,–,–,–,–,–,–,6,–,–,–,–,–,–,0.313,–,–,0.813,0.8125,–,1.6,1.6,–,0.306,0.306,–,19.2,–,–,–,–,13.0,5.26,2.95,1.88,13.0,5.26,2.95,1.88,5.2,1.19,2.3,0.129,0.338,–,–,–,–,–,–,–,3.35,0.63,1,20.8,4.13,0,4.13,2.09,2.26,2.09,5.04,–,5.04,2.49,2.3,2.49,–,–,18,18,24,–,–,–,–,–,L152X152X7.9,L152X152X7.9,18.5,2370,152,–,–,–,–,–,–,–,152,–,–,–,–,–,–,7.94,–,–,20.7,20.6,–,40.6,40.6,–,7.77,7.77,–,19.2,–,–,–,–,5.41,86.2,48.3,47.8,5.41,86.2,48.3,47.8,2.16,30.2,37.7,53.7,0.0908,–,–,–,–,–,–,–,85.1,0.63,1,8.66,105,0,105,53.1,57.4,53.1,82.6,–,82.6,40.8,37.7,40.8,–,–,457,457,610,–,–,–,–,–,1.19
L,L6X4X7/8,L6X4X7/8,–,27.2,8.0,4,–,–,–,–,–,–,–,6,–,–,–,–,–,–,0.875,–,–,1.38,1.375,–,1.12,2.12,–,0.667,1.43,–,6.86,–,–,–,–,27.7,12.7,7.13,1.86,9.7,6.26,3.37,1.1,5.82,0.854,2.91,2.03,4.04,–,–,–,–,–,–,–,2.82,–,0.421,31.6,2.67,1.52,3.84,2,1.86,0.877,11.8,20.8,8.23,2.91,3.13,6.64,–,–,16,14,20,–,–,–,–,–,L152X102X22.2,L152X102X22.2,40.3,5160,102,–,–,–,–,–,–,–,152,–,–,–,–,–,–,22.2,–,–,35.1,34.9,–,28.4,53.8,–,16.9,36.3,–,6.86,–,–,–,–,11.5,208.0,117.0,47.2,4.04,103.0,55.2,27.9,2.42,21.7,47.7,845,1.08,–,–,–,–,–,–,–,71.6,–,0.421,13.2,67.8,38.6,97.5,50.8,47.2,22.3,193,341,135,47.7,51.3,109,–,–,406,356,508,–,–,–,–,–,0.854
L,L6X4X3/4,L6X4X3/4,–,23.6,6.94,4,–,–,–,–,–,–,–,6,–,–,–,–,–,–,0.75,–,–,1.25,1.25,–,1.07,2.07,–,0.578,1.37,–,8,–,–,–,–,24.5,11.1,6.23,1.88,8.63,5.42,2.95,1.12,5.08,0.856,2.5,1.31,2.64,–,–,–,–,–,–,–,2.85,–,0.428,28.1,2.71,1.48,3.89,2.03,1.8,0.906,10.4,19,7.22,2.5,2.82,5.61,–,–,16,14,20,–,–,–,–,–,L152X102X19,L152X102X19,35.0,4480,102,–,–,–,–,–,–,–,152,–,–,–,–,–,–,19.1,–,–,31.8,31.8,–,27.2,52.6,–,14.7,34.8,–,8,–,–,–,–,10.2,182.0,102.0,47.8,3.59,88.8,48.3,28.4,2.11,21.7,41.1,545,0.709,–,–,–,–,–,–,–,72.4,–,0.428,11.7,68.8,37.6,98.8,51.6,45.7,23,170,311,118,41,46.2,91.9,–,–,406,356,508,–,–,–,–,–,0.856
L,L6X4X5/8,L6X4X5/8,–,20.0,5.86,4,–,–,–,–,–,–,–,6,–,–,–,–,–,–,0.625,–,–,1.13,1.125,–,1.03,2.03,–,0.488,1.31,–,9.6,–,–,–,–,21.0,9.44,5.29,1.89,7.48,4.56,2.52,1.13,4.32,0.859,2.12,0.775,1.59,–,–,–,–,–,–,–,2.88,–,0.435,24.2,2.76,1.45,3.93,2.04,1.75,0.926,8.77,16.7,6.16,2.12,2.47,4.67,–,–,16,14,20,–,–,–,–,–,L152X102X15.9,L152X102X15.9,29.6,3780,102,–,–,–,–,–,–,–,152,–,–,–,–,–,–,15.9,–,–,28.7,28.6,–,26.2,51.6,–,12.4,33.3,–,9.6,–,–,–,–,8.74,155.0,86.7,48.0,3.11,74.7,41.3,28.7,1.8,21.8,34.7,323,0.427,–,–,–,–,–,–,–,73.2,–,0.435,10.1,70.1,36.8,99.8,51.8,44.4,23.5,144,274,101,34.7,40.5,76.5,–,–,406,356,508,–,–,–,–,–,0.859
L,L6X4X9/16,L6X4X9/16,–,18.1,5.31,4,–,–,–,–,–,–,–,6,–,–,–,–,–,–,0.563,–,–,1.06,1.0625,–,1,2,–,0.443,1.28,–,10.7,–,–,–,–,19.2,8.59,4.81,1.9,6.86,4.13,2.29,1.14,3.93,0.861,1.91,0.572,1.18,–,–,–,–,–,–,–,2.9,–,0.438,22.1,2.78,1.43,3.95,2.06,1.72,0.947,7.95,15.5,5.59,1.91,2.28,4.15,–,–,16,14,20,–,–,–,–,–,L152X102X14.3,L152X102X14.3,26.9,3430,102,–,–,–,–,–,–,–,152,–,–,–,–,–,–,14.3,–,–,26.9,27,–,25.4,50.8,–,11.3,32.5,–,10.7,–,–,–,–,7.99,141.0,78.8,48.3,2.86,67.7,37.5,29.0,1.64,21.9,31.5,238,0.317,–,–,–,–,–,–,–,73.7,–,0.438,9.2,70.6,36.3,100,52.3,43.7,24.1,130,254,91.6,31.3,37.4,68,–,–,406,356,508,–,–,–,–,–,0.861
L,L6X4X1/2,L6X4X1/2,–,16.2,4.75,4,–,–,–,–,–,–,–,6,–,–,–,–,–,–,0.5,–,–,1,1,–,0.981,1.98,–,0.396,1.25,–,12,–,–,–,–,17.3,7.71,4.31,1.91,6.22,3.69,2.06,1.14,3.54,0.864,1.72,0.407,0.843,–,–,–,–,–,–,–,2.91,–,0.44,20,2.8,1.41,3.97,2.06,1.7,0.955,7.14,14.2,5.04,1.72,2.08,3.71,–,–,16,14,20,–,–,–,–,–,L152X102X12.7,L152X102X12.7,24.0,3060,102,–,–,–,–,–,–,–,152,–,–,–,–,–,–,12.7,–,–,25.4,25.4,–,24.9,50.3,–,10.1,31.8,–,12,–,–,–,–,7.2,126.0,70.6,48.5,2.59,60.5,33.8,29.0,1.47,21.9,28.2,169,0.226,–,–,–,–,–,–,–,73.9,–,0.44,8.32,71.1,35.8,101,52.3,43.2,24.3,117,233,82.6,28.2,34.1,60.8,–,–,406,356,508,–,–,–,–,–,0.864
L,L6X4X7/16,L6X4X7/16,–,14.3,4.18,4,–,–,–,–,–,–,–,6,–,–,–,–,–,–,0.438,–,–,0.938,0.9375,–,0.957,1.95,–,0.348,1.22,–,13.7,–,–,–,–,15.4,6.81,3.81,1.92,5.56,3.24,1.83,1.15,3.14,0.867,1.51,0.276,0.575,–,–,–,–,–,–,–,2.93,–,0.443,17.8,2.82,1.39,4,2.08,1.67,0.97,6.31,12.8,4.45,1.51,1.88,3.24,–,–,16,14,20,–,–,–,–,–,L152X102X11.1,L152X102X11.1,21.2,2700,102,–,–,–,–,–,–,–,152,–,–,–,–,–,–,11.1,–,–,23.8,23.8,–,24.3,49.5,–,8.84,31,–,13.7,–,–,–,–,6.41,112.0,62.4,48.8,2.31,53.1,30.0,29.2,1.31,22,24.7,115,0.154,–,–,–,–,–,–,–,74.4,–,0.443,7.41,71.6,35.3,102,52.8,42.4,24.6,103,210,72.9,24.7,30.8,53.1,–,–,406,356,508,–,–,–,–,–,0.867
L,L6X4X3/8,L6X4X3/8,–,12.3,3.61,4,–,–,–,–,–,–,–,6,–,–,–,–,–,–,0.375,–,–,0.875,0.875,–,0.933,1.93,–,0.301,1.19,–,16,–,–,–,–,13.4,5.89,3.3,1.93,4.86,2.79,1.58,1.16,2.73,0.87,1.31,0.177,0.369,–,–,–,–,–,–,–,2.94,–,0.446,15.5,2.84,1.38,4.02,2.09,1.64,0.979,5.46,11.2,3.86,1.31,1.66,2.79,–,–,16,14,20,–,–,–,–,–,L152X102X9.5,L152X102X9.5,18.2,2330,102,–,–,–,–,–,–,–,152,–,–,–,–,–,–,9.53,–,–,22.2,22.2,–,23.7,49,–,7.65,30.2,–,16,–,–,–,–,5.58,96.5,54.1,49.0,2.02,45.7,25.9,29.5,1.14,22.1,21.5,73.7,0.0991,–,–,–,–,–,–,–,74.7,–,0.446,6.45,72.1,35.1,102,53.1,41.7,24.9,89.5,184,63.3,21.5,27.2,45.7,–,–,406,356,508,–,–,–,–,–,0.87
L,L6X4X5/16,L6X4X5/16,–,10.3,3.03,4,–,–,–,–,–,–,–,6,–,–,–,–,–,–,0.313,–,–,0.813,0.8125,–,0.908,1.9,–,0.253,1.15,–,19.2,–,–,–,–,11.4,4.96,2.77,1.94,4.13,2.33,1.34,1.17,2.31,0.874,1.09,0.104,0.217,–,–,–,–,–,–,–,2.96,–,0.449,13.2,2.85,1.36,4.05,2.11,1.6,0.988,4.63,9.71,3.26,1.09,1.44,2.34,–,–,16,14,20,–,–,–,–,–,L152X102X7.9,L152X102X7.9,15.3,1950,102,–,–,–,–,–,–,–,152,–,–,–,–,–,–,7.94,–,–,20.7,20.6,–,23.1,48.3,–,6.43,29.2,–,19.2,–,–,–,–,4.75,81.3,45.4,49.3,1.72,38.2,22.0,29.7,0.961,22.2,18,43.3,0.0583,–,–,–,–,–,–,–,75.2,–,0.449,5.49,72.4,34.5,103,53.6,40.6,25.1,75.9,159,53.4,17.9,23.6,38.4,–,–,406,356,508,–,–,–,–,–,0.874
L,L6X3-1/2X1/2,L6X3-1/2X1/2,–,15.3,4.5,3.5,–,–,–,–,–,–,–,6,–,–,–,–,–,–,0.5,–,–,1,1,–,0.829,2.07,–,0.375,1.5,–,12,–,–,–,–,16.6,7.49,4.23,1.92,4.24,2.88,1.59,0.968,2.59,0.756,1.34,0.386,0.779,–,–,–,–,–,–,–,2.88,–,0.343,18.3,2.59,1.69,3.9,1.94,1.46,0.729,7.07,10.8,4.69,1.34,1.77,3.55,–,–,15.5,13,19,–,–,–,–,–,L152X89X12.7,L152X89X12.7,22.7,2900,88.9,–,–,–,–,–,–,–,152,–,–,–,–,–,–,12.7,–,–,25.4,25.4,–,21.1,52.6,–,9.53,38.1,–,12,–,–,–,–,6.91,123.0,69.3,48.8,1.76,47.2,26.1,24.6,1.08,19.2,22,161,0.209,–,–,–,–,–,–,–,73.2,–,0.343,7.62,65.8,42.9,99.1,49.3,37.1,18.5,116,177,76.9,22,29,58.2,–,–,394,330,483,–,–,–,–,–,0.756
L,L6X3-1/2X3/8,L6X3-1/2X3/8,–,11.7,3.44,3.5,–,–,–,–,–,–,–,6,–,–,–,–,–,–,0.375,–,–,0.875,0.875,–,0.781,2.02,–,0.287,1.41,–,16,–,–,–,–,12.9,5.74,3.23,1.93,3.33,2.18,1.22,0.984,2.01,0.763,1.02,0.168,0.341,–,–,–,–,–,–,–,2.9,–,0.349,14.2,2.62,1.65,3.95,1.97,1.4,0.748,5.42,8.61,3.59,1.02,1.44,2.69,–,–,15.5,13,19,–,–,–,–,–,L152X89X9.5,L152X89X9.5,17.3,2220,88.9,–,–,–,–,–,–,–,152,–,–,–,–,–,–,9.53,–,–,22.2,22.2,–,19.8,51.3,–,7.29,35.8,–,16,–,–,–,–,5.37,94.1,52.9,49.0,1.39,35.7,20.0,25.0,0.837,19.4,16.7,69.9,0.0916,–,–,–,–,–,–,–,73.7,–,0.349,5.91,66.5,41.9,100,50,35.6,19,88.8,141,58.8,16.7,23.6,44.1,–,–,394,330,483,–,–,–,–,–,0.763
L,L6X3-1/2X5/16,L6X3-1/2X5/16,–,9.8,2.89,3.5,–,–,–,–,–,–,–,6,–,–,–,–,–,–,0.313,–,–,0.813,0.8125,–,0.756,2,–,0.241,1.38,–,19.2,–,–,–,–,10.9,4.84,2.72,1.94,2.84,1.82,1.03,0.991,1.7,0.767,0.859,0.099,0.201,–,–,–,–,–,–,–,2.92,–,0.352,12,2.65,1.64,3.97,1.98,1.38,0.764,4.53,7.32,3.02,0.859,1.23,2.23,–,–,15.5,13,19,–,–,–,–,–,L152X89X7.9,L152X89X7.9,14.5,1860,88.9,–,–,–,–,–,–,–,152,–,–,–,–,–,–,7.94,–,–,20.7,20.6,–,19.2,50.8,–,6.12,35.1,–,19.2,–,–,–,–,4.54,79.3,44.6,49.3,1.18,29.8,16.9,25.2,0.708,19.5,14.1,41.2,0.054,–,–,–,–,–,–,–,74.2,–,0.352,4.99,67.3,41.7,101,50.3,35.1,19.4,74.2,120,49.5,14.1,20.2,36.5,–,–,394,330,483,–,–,–,–,–,0.767
L,L5X5X7/8,L5X5X7/8,–,27.2,8.0,5,–,–,–,–,–,–,–,5,–,–,–,–,–,–,0.875,–,–,1.38,1.375,–,1.56,1.56,–,0.8,0.8,–,5.71,–,–,–,–,17.8,9.31,5.16,1.49,17.8,9.31,5.16,1.49,7.6,0.971,3.44,2.07,3.53,–,–,–,–,–,–,–,2.64,0.64,1,28,3.23,0,3.23,1.64,2.21,1.64,8.67,–,8.67,4.63,3.44,4.63,–,–,15,15,20,–,–,–,–,–,L127X127X22.2,L127X127X22.2,40.5,5160,127,–,–,–,–,–,–,–,127,–,–,–,–,–,–,22.2,–,–,35.1,34.9,–,39.6,39.6,–,20.3,20.3,–,5.71,–,–,–,–,7.41,153.0,84.6,37.8,7.41,153.0,84.6,37.8,3.16,24.7,56.2,862,0.948,–,–,–,–,–,–,–,67.1,0.64,1,11.7,82,0,82,41.7,56.1,41.7,142,–,142,75.9,56.4,75.9,–,–,381,381,508,–,–,–,–,–,0.971
L,L5X5X3/4,L5X5X3/4,–,23.6,6.98,5,–,–,–,–,–,–,–,5,–,–,–,–,–,–,0.75,–,–,1.25,1.25,–,1.52,1.52,–,0.698,0.698,–,6.67,–,–,–,–,15.7,8.14,4.52,1.5,15.7,8.14,4.52,1.5,6.55,0.972,3.05,1.33,2.32,–,–,–,–,–,–,–,2.67,0.63,1,24.8,3.27,0,3.27,1.65,2.15,1.65,7.58,–,7.58,3.97,3.05,3.97,–,–,15,15,20,–,–,–,–,–,L127X127X19,L127X127X19,35.1,4500,127,–,–,–,–,–,–,–,127,–,–,–,–,–,–,19.1,–,–,31.8,31.8,–,38.6,38.6,–,17.7,17.7,–,6.67,–,–,–,–,6.53,133.0,74.1,38.1,6.53,133.0,74.1,38.1,2.73,24.7,50.5,554,0.623,–,–,–,–,–,–,–,67.8,0.63,1,10.3,83.1,0,83.1,41.9,54.6,41.9,124,–,124,65.1,50,65.1,–,–,381,381,508,–,–,–,–,–,0.972
L,L5X5X5/8,L5X5X5/8,–,20.0,5.9,5,–,–,–,–,–,–,–,5,–,–,–,–,–,–,0.625,–,–,1.13,1.125,–,1.47,1.47,–,0.59,0.59,–,8,–,–,–,–,13.6,6.93,3.85,1.52,13.6,6.93,3.85,1.52,5.62,0.975,2.7,0.792,1.4,–,–,–,–,–,–,–,2.7,0.63,1,21.6,3.31,0,3.31,1.68,2.08,1.68,6.53,–,6.53,3.35,2.7,3.35,–,–,15,15,20,–,–,–,–,–,L127X127X15.9,L127X127X15.9,29.8,3810,127,–,–,–,–,–,–,–,127,–,–,–,–,–,–,15.9,–,–,28.7,28.6,–,37.3,37.3,–,15,15,–,8,–,–,–,–,5.66,114.0,63.1,38.6,5.66,114.0,63.1,38.6,2.34,24.8,44.2,330,0.376,–,–,–,–,–,–,–,68.6,0.63,1,8.99,84.1,0,84.1,42.7,52.8,42.7,107,–,107,54.9,44.2,54.9,–,–,381,381,508,–,–,–,–,–,0.975
L,L5X5X1/2,L5X5X1/2,–,16.2,4.79,5,–,–,–,–,–,–,–,5,–,–,–,–,–,–,0.5,–,–,1,1,–,1.42,1.42,–,0.479,0.479,–,10,–,–,–,–,11.3,5.66,3.15,1.53,11.3,5.66,3.15,1.53,4.64,0.98,2.31,0.417,0.744,–,–,–,–,–,–,–,2.73,0.63,1,18,3.36,0,3.36,1.7,2.01,1.7,5.36,–,5.36,2.73,2.31,2.73,–,–,15,15,20,–,–,–,–,–,L127X127X12.7,L127X127X12.7,24.1,3090,127,–,–,–,–,–,–,–,127,–,–,–,–,–,–,12.7,–,–,25.4,25.4,–,36.1,36.1,–,12.2,12.2,–,10,–,–,–,–,4.7,92.8,51.6,38.9,4.7,92.8,51.6,38.9,1.93,24.9,37.5,174,0.2,–,–,–,–,–,–,–,69.3,0.63,1,7.49,85.3,0,85.3,43.2,51.1,43.2,87.8,–,87.8,44.7,37.9,44.7,–,–,381,381,508,–,–,–,–,–,0.98
L,L5X5X7/16,L5X5X7/16,–,14.3,4.22,5,–,–,–,–,–,–,–,5,–,–,–,–,–,–,0.438,–,–,0.938,0.9375,–,1.4,1.4,–,0.422,0.422,–,11.4,–,–,–,–,10.0,5.0,2.78,1.54,10.0,5.0,2.78,1.54,4.04,0.983,2.04,0.284,0.508,–,–,–,–,–,–,–,2.74,0.63,1,15.9,3.38,0,3.38,1.71,1.98,1.71,4.7,–,4.7,2.36,2.04,2.36,–,–,15,15,20,–,–,–,–,–,L127X127X11.1,L127X127X11.1,21.3,2720,127,–,–,–,–,–,–,–,127,–,–,–,–,–,–,11.1,–,–,23.8,23.8,–,35.6,35.6,–,10.7,10.7,–,11.4,–,–,–,–,4.16,81.9,45.6,39.1,4.16,81.9,45.6,39.1,1.68,25,33.8,118,0.136,–,–,–,–,–,–,–,69.6,0.63,1,6.62,85.9,0,85.9,43.4,50.3,43.4,77,–,77,38.7,33.4,38.7,–,–,381,381,508,–,–,–,–,–,0.983
L,L5X5X3/8,L5X5X3/8,–,12.3,3.65,5,–,–,–,–,–,–,–,5,–,–,–,–,–,–,0.375,–,–,0.875,0.875,–,1.37,1.37,–,0.365,0.365,–,13.3,–,–,–,–,8.76,4.33,2.41,1.55,8.76,4.33,2.41,1.55,3.55,0.986,1.83,0.183,0.327,–,–,–,–,–,–,–,2.76,0.63,1,14,3.4,0,3.4,1.73,1.94,1.73,4.12,–,4.12,2.05,1.83,2.05,–,–,15,15,20,–,–,–,–,–,L127X127X9.5,L127X127X9.5,18.3,2350,127,–,–,–,–,–,–,–,127,–,–,–,–,–,–,9.53,–,–,22.2,22.2,–,34.8,34.8,–,9.27,9.27,–,13.3,–,–,–,–,3.65,71.0,39.5,39.4,3.65,71.0,39.5,39.4,1.48,25,30,76.2,0.0878,–,–,–,–,–,–,–,70.1,0.63,1,5.83,86.4,0,86.4,43.9,49.3,43.9,67.5,–,67.5,33.6,30,33.6,–,–,381,381,508,–,–,–,–,–,0.986
L,L5X5X5/16,L5X5X5/16,–,10.3,3.07,5,–,–,–,–,–,–,–,5,–,–,–,–,–,–,0.313,–,–,0.813,0.8125,–,1.35,1.35,–,0.307,0.307,–,16,–,–,–,–,7.44,3.65,2.04,1.56,7.44,3.65,2.04,1.56,3,0.99,1.57,0.108,0.193,–,–,–,–,–,–,–,2.77,0.63,1,11.9,3.42,0,3.42,1.74,1.91,1.74,3.48,–,3.48,1.72,1.57,1.72,–,–,15,15,20,–,–,–,–,–,L127X127X7.9,L127X127X7.9,15.3,1980,127,–,–,–,–,–,–,–,127,–,–,–,–,–,–,7.94,–,–,20.7,20.6,–,34.3,34.3,–,7.8,7.8,–,16,–,–,–,–,3.1,59.8,33.4,39.6,3.1,59.8,33.4,39.6,1.25,25.1,25.9,45,0.0518,–,–,–,–,–,–,–,70.4,0.63,1,4.95,86.9,0,86.9,44.2,48.5,44.2,57,–,57,28.2,25.7,28.2,–,–,381,381,508,–,–,–,–,–,0.99
L,L5X3-1/2X3/4,L5X3-1/2X3/4,–,19.8,5.85,3.5,–,–,–,–,–,–,–,5,–,–,–,–,–,–,0.75,–,–,1.19,1.1875,–,0.993,1.74,–,0.585,1.1,–,6.67,–,–,–,–,13.9,7.6,4.26,1.55,5.52,4.07,2.2,0.974,3.23,0.744,1.9,1.09,1.52,–,–,–,–,–,–,–,2.36,–,0.464,16.2,2.29,1.16,3.22,1.7,1.63,0.81,7.07,14,5.03,1.9,1.98,3.99,–,–,13.5,12,17,–,–,–,–,–,L127X89X19,L127X89X19,29.3,3770,88.9,–,–,–,–,–,–,–,127,–,–,–,–,–,–,19.1,–,–,30.2,30.2,–,25.2,44.2,–,14.9,27.9,–,6.67,–,–,–,–,5.79,125.0,69.8,39.4,2.3,66.7,36.1,24.7,1.34,18.9,31.1,454,0.408,–,–,–,–,–,–,–,59.9,–,0.464,6.74,58.2,29.5,81.8,43.2,41.4,20.6,116,229,82.4,31.1,32.4,65.4,–,–,343,305,432,–,–,–,–,–,0.744
L,L5X3-1/2X5/8,L5X3-1/2X5/8,–,16.8,4.93,3.5,–,–,–,–,–,–,–,5,–,–,–,–,–,–,0.625,–,–,1.06,1.0625,–,0.947,1.69,–,0.493,1.06,–,8,–,–,–,–,12.0,6.5,3.63,1.56,4.8,3.43,1.88,0.987,2.74,0.746,1.59,0.651,0.918,–,–,–,–,–,–,–,2.39,–,0.472,14.1,2.33,1.12,3.26,1.72,1.58,0.838,6.05,12.6,4.33,1.59,1.73,3.27,–,–,13.5,12,17,–,–,–,–,–,L127X89X15.9,L127X89X15.9,24.9,3180,88.9,–,–,–,–,–,–,–,127,–,–,–,–,–,–,15.9,–,–,26.9,27,–,24.1,42.9,–,12.5,26.9,–,8,–,–,–,–,4.99,107.0,59.5,39.6,2.0,56.2,30.8,25.1,1.14,18.9,26.2,271,0.247,–,–,–,–,–,–,–,60.7,–,0.472,5.87,59.2,28.4,82.8,43.7,40.1,21.3,99.2,207,71,26.1,28.4,53.6,–,–,343,305,432,–,–,–,–,–,0.746
L,L5X3-1/2X1/2,L5X3-1/2X1/2,–,13.6,4.0,3.5,–,–,–,–,–,–,–,5,–,–,–,–,–,–,0.5,–,–,0.938,0.9375,–,0.901,1.65,–,0.4,1,–,10,–,–,–,–,10.0,5.33,2.97,1.58,4.02,2.79,1.55,1.0,2.26,0.75,1.3,0.343,0.491,–,–,–,–,–,–,–,2.42,–,0.479,11.8,2.38,1.1,3.3,1.74,1.52,0.854,4.96,10.7,3.58,1.3,1.49,2.65,–,–,13.5,12,17,–,–,–,–,–,L127X89X12.7,L127X89X12.7,20.2,2580,88.9,–,–,–,–,–,–,–,127,–,–,–,–,–,–,12.7,–,–,23.8,23.8,–,22.9,41.9,–,10.2,25.4,–,10,–,–,–,–,4.16,87.3,48.7,40.1,1.67,45.7,25.4,25.4,0.941,19.1,21.1,143,0.132,–,–,–,–,–,–,–,61.5,–,0.479,4.91,60.5,27.9,83.8,44.2,38.6,21.7,81.3,175,58.7,21.3,24.4,43.4,–,–,343,305,432,–,–,–,–,–,0.75
L,L5X3-1/2X3/8,L5X3-1/2X3/8,–,10.4,3.05,3.5,–,–,–,–,–,–,–,5,–,–,–,–,–,–,0.375,–,–,0.813,0.8125,–,0.854,1.6,–,0.305,0.933,–,13.3,–,–,–,–,7.75,4.09,2.28,1.59,3.15,2.12,1.19,1.02,1.73,0.755,0.983,0.15,0.217,–,–,–,–,–,–,–,2.45,–,0.485,9.16,2.43,1.07,3.35,1.76,1.47,0.884,3.77,8.56,2.73,0.983,1.18,1.96,–,–,13.5,12,17,–,–,–,–,–,L127X89X9.5,L127X89X9.5,15.4,1970,88.9,–,–,–,–,–,–,–,127,–,–,–,–,–,–,9.53,–,–,20.7,20.6,–,21.7,40.6,–,7.75,23.7,–,13.3,–,–,–,–,3.23,67.0,37.4,40.4,1.31,34.7,19.5,25.9,0.72,19.2,16.1,62.4,0.0583,–,–,–,–,–,–,–,62.2,–,0.485,3.81,61.7,27.2,85.1,44.7,37.3,22.5,61.8,140,44.7,16.1,19.3,32.1,–,–,343,305,432,–,–,–,–,–,0.755
L,L5X3-1/2X5/16,L5X3-1/2X5/16,–,8.7,2.56,3.5,–,–,–,–,–,–,–,5,–,–,–,–,–,–,0.313,–,–,0.75,0.75,–,0.829,1.57,–,0.256,0.904,–,16,–,–,–,–,6.58,3.45,1.92,1.6,2.69,1.77,1.01,1.02,1.47,0.758,0.826,0.0883,0.128,–,–,–,–,–,–,–,2.47,–,0.489,7.8,2.44,1.05,3.38,1.78,1.43,0.902,3.2,7.43,2.31,0.826,1.03,1.63,–,–,13.5,12,17,–,–,–,–,–,L127X89X7.9,L127X89X7.9,12.9,1650,88.9,–,–,–,–,–,–,–,127,–,–,–,–,–,–,7.94,–,–,19.1,19.1,–,21.1,39.9,–,6.5,23,–,16,–,–,–,–,2.74,56.5,31.5,40.6,1.12,29.0,16.6,25.9,0.612,19.3,13.6,36.8,0.0344,–,–,–,–,–,–,–,62.7,–,0.489,3.25,62,26.7,85.9,45.2,36.3,22.9,52.4,122,37.9,13.5,16.9,26.7,–,–,343,305,432,–,–,–,–,–,0.758
L,L5X3-1/2X1/4,L5X3-1/2X1/4,–,7.0,2.07,3.5,–,–,–,–,–,–,–,5,–,–,–,–,–,–,0.25,–,–,0.688,0.6875,–,0.804,1.55,–,0.207,0.86,–,20,–,–,–,–,5.36,2.78,1.55,1.61,2.2,1.42,0.816,1.03,1.19,0.761,0.665,0.0464,0.067,–,–,–,–,–,–,–,2.48,–,0.491,6.37,2.47,1.04,3.4,1.79,1.41,0.912,2.58,6.13,1.87,0.665,0.844,1.3,–,–,13.5,12,17,–,–,–,–,–,L127X89X6.4,L127X89X6.4,10.4,1340,88.9,–,–,–,–,–,–,–,127,–,–,–,–,–,–,6.35,–,–,17.5,17.5,–,20.4,39.4,–,5.26,21.8,–,20,–,–,–,–,2.23,45.6,25.4,40.9,0.916,23.3,13.4,26.2,0.495,19.3,10.9,19.3,0.018,–,–,–,–,–,–,–,63,–,0.491,2.65,62.7,26.4,86.4,45.5,35.8,23.2,42.3,100,30.6,10.9,13.8,21.3,–,–,343,305,432,–,–,–,–,–,0.761
L,L5X3X1/2,L5X3X1/2,–,12.8,3.75,3,–,–,–,–,–,–,–,5,–,–,–,–,–,–,0.5,–,–,0.938,0.9375,–,0.746,1.74,–,0.375,1.25,–,10,–,–,–,–,9.43,5.12,2.89,1.58,2.55,2.08,1.13,0.824,1.55,0.642,0.957,0.322,0.444,–,–,–,–,–,–,–,2.38,–,0.357,10.4,2.16,1.39,3.24,1.62,1.29,0.628,4.81,7.48,3.21,0.957,1.2,2.47,–,–,13,11,16,–,–,–,–,–,L127X76X12.7,L127X76X12.7,19.0,2420,76.2,–,–,–,–,–,–,–,127,–,–,–,–,–,–,12.7,–,–,23.8,23.8,–,18.9,44.2,–,9.53,31.8,–,10,–,–,–,–,3.93,83.9,47.4,40.1,1.06,34.1,18.5,20.9,0.645,16.3,15.6,134,0.119,–,–,–,–,–,–,–,60.5,–,0.357,4.33,54.9,35.3,82.3,41.1,32.8,16,78.8,123,52.6,15.7,19.7,40.5,–,–,330,279,406,–,–,–,–,–,0.642
L,L5X3X7/16,L5X3X7/16,–,11.3,3.31,3,–,–,–,–,–,–,–,5,–,–,–,–,–,–,0.438,–,–,0.875,0.875,–,0.722,1.72,–,0.331,1.22,–,11.4,–,–,–,–,8.41,4.53,2.56,1.59,2.29,1.82,1.0,0.831,1.37,0.644,0.84,0.22,0.304,–,–,–,–,–,–,–,2.39,–,0.361,9.33,2.19,1.37,3.26,1.63,1.26,0.64,4.26,6.81,2.86,0.84,1.09,2.14,–,–,13,11,16,–,–,–,–,–,L127X76X11.1,L127X76X11.1,16.7,2140,76.2,–,–,–,–,–,–,–,127,–,–,–,–,–,–,11.1,–,–,22.2,22.2,–,18.3,43.7,–,8.41,31,–,11.4,–,–,–,–,3.5,74.2,42.0,40.4,0.953,29.8,16.4,21.1,0.57,16.4,13.8,91.6,0.0816,–,–,–,–,–,–,–,60.7,–,0.361,3.88,55.6,34.8,82.8,41.4,32,16.3,69.8,112,46.9,13.8,17.9,35.1,–,–,330,279,406,–,–,–,–,–,0.644
L,L5X3X3/8,L5X3X3/8,–,9.8,2.86,3,–,–,–,–,–,–,–,5,–,–,–,–,–,–,0.375,–,–,0.813,0.8125,–,0.698,1.69,–,0.286,1.19,–,13.3,–,–,–,–,7.35,3.93,2.22,1.6,2.01,1.57,0.874,0.838,1.2,0.646,0.727,0.141,0.196,–,–,–,–,–,–,–,2.41,–,0.364,8.16,2.2,1.35,3.29,1.65,1.23,0.652,3.71,6.04,2.48,0.727,0.976,1.84,–,–,13,11,16,–,–,–,–,–,L127X76X9.5,L127X76X9.5,14.5,1850,76.2,–,–,–,–,–,–,–,127,–,–,–,–,–,–,9.53,–,–,20.7,20.6,–,17.7,42.9,–,7.26,30.2,–,13.3,–,–,–,–,3.06,64.4,36.4,40.6,0.837,25.7,14.3,21.3,0.499,16.4,11.9,58.7,0.0526,–,–,–,–,–,–,–,61.2,–,0.364,3.4,55.9,34.3,83.6,41.9,31.2,16.6,60.8,99,40.6,11.9,16,30.2,–,–,330,279,406,–,–,–,–,–,0.646
L,L5X3X5/16,L5X3X5/16,–,8.2,2.41,3,–,–,–,–,–,–,–,5,–,–,–,–,–,–,0.313,–,–,0.75,0.75,–,0.673,1.67,–,0.241,1.14,–,16,–,–,–,–,6.24,3.32,1.87,1.61,1.72,1.31,0.739,0.846,1.01,0.649,0.608,0.0832,0.116,–,–,–,–,–,–,–,2.42,–,0.368,6.95,2.22,1.33,3.3,1.66,1.21,0.665,3.13,5.23,2.11,0.608,0.835,1.52,–,–,13,11,16,–,–,–,–,–,L127X76X7.9,L127X76X7.9,12.1,1550,76.2,–,–,–,–,–,–,–,127,–,–,–,–,–,–,7.94,–,–,19.1,19.1,–,17.1,42.4,–,6.12,29,–,16,–,–,–,–,2.6,54.4,30.6,40.9,0.716,21.5,12.1,21.5,0.42,16.5,10,34.6,0.0312,–,–,–,–,–,–,–,61.5,–,0.368,2.89,56.4,33.8,83.8,42.2,30.7,16.9,51.3,85.7,34.6,9.96,13.7,24.9,–,–,330,279,406,–,–,–,–,–,0.649
L,L5X3X1/4,L5X3X1/4,–,6.6,1.94,3,–,–,–,–,–,–,–,5,–,–,–,–,–,–,0.25,–,–,0.688,0.6875,–,0.648,1.64,–,0.194,1.12,–,20,–,–,–,–,5.09,2.68,1.51,1.62,1.41,1.05,0.6,0.853,0.825,0.652,0.491,0.0438,0.0606,–,–,–,–,–,–,–,2.43,–,0.371,5.68,2.24,1.31,3.33,1.68,1.18,0.677,2.54,4.34,1.71,0.491,0.699,1.22,–,–,13,11,16,–,–,–,–,–,L127X76X6.4,L127X76X6.4,9.8,1250,76.2,–,–,–,–,–,–,–,127,–,–,–,–,–,–,6.35,–,–,17.5,17.5,–,16.5,41.7,–,4.93,28.4,–,20,–,–,–,–,2.12,43.9,24.7,41.1,0.587,17.2,9.83,21.7,0.343,16.6,8.05,18.2,0.0163,–,–,–,–,–,–,–,61.7,–,0.371,2.36,56.9,33.3,84.6,42.7,30,17.2,41.6,71.1,28,8.05,11.5,20,–,–,330,279,406,–,–,–,–,–,0.652
L,L4X4X3/4,L4X4X3/4,–,18.5,5.44,4,–,–,–,–,–,–,–,4,–,–,–,–,–,–,0.75,–,–,1.13,1.125,–,1.27,1.27,–,0.68,0.68,–,5.33,–,–,–,–,7.62,5.02,2.79,1.18,7.62,5.02,2.79,1.18,3.25,0.774,1.81,1.02,1.12,–,–,–,–,–,–,–,2.1,0.64,1,12,2.56,0,2.56,1.3,1.8,1.3,4.69,–,4.69,2.5,1.81,2.5,–,–,12,12,16,–,–,–,–,–,L102X102X19,L102X102X19,27.5,3510,102,–,–,–,–,–,–,–,102,–,–,–,–,–,–,19.1,–,–,28.7,28.6,–,32.3,32.3,–,17.3,17.3,–,5.33,–,–,–,–,3.17,82.3,45.7,30.0,3.17,82.3,45.7,30.0,1.35,19.7,29.7,425,0.301,–,–,–,–,–,–,–,53.3,0.64,1,4.99,65,0,65,33,45.7,33,76.9,–,76.9,41,29.7,41,–,–,305,305,406,–,–,–,–,–,0.774
L,L4X4X5/8,L4X4X5/8,–,15.7,4.61,4,–,–,–,–,–,–,–,4,–,–,–,–,–,–,0.625,–,–,1,1,–,1.22,1.22,–,0.576,0.576,–,6.4,–,–,–,–,6.62,4.28,2.38,1.2,6.62,4.28,2.38,1.2,2.76,0.774,1.6,0.61,0.68,–,–,–,–,–,–,–,2.13,0.63,1,10.5,2.61,0,2.61,1.32,1.73,1.32,4.02,–,4.02,2.09,1.6,2.09,–,–,12,12,16,–,–,–,–,–,L102X102X15.9,L102X102X15.9,23.4,2970,102,–,–,–,–,–,–,–,102,–,–,–,–,–,–,15.9,–,–,25.4,25.4,–,31,31,–,14.6,14.6,–,6.4,–,–,–,–,2.76,70.1,39.0,30.5,2.76,70.1,39.0,30.5,1.15,19.7,26.1,254,0.183,–,–,–,–,–,–,–,54.1,0.63,1,4.37,66.3,0,66.3,33.5,43.9,33.5,65.9,–,65.9,34.3,26.2,34.2,–,–,305,305,406,–,–,–,–,–,0.774
L,L4X4X1/2,L4X4X1/2,–,12.8,3.75,4,–,–,–,–,–,–,–,4,–,–,–,–,–,–,0.5,–,–,0.875,0.875,–,1.18,1.18,–,0.469,0.469,–,8,–,–,–,–,5.52,3.5,1.96,1.21,5.52,3.5,1.96,1.21,2.25,0.776,1.35,0.322,0.366,–,–,–,–,–,–,–,2.16,0.63,1,8.79,2.65,0,2.65,1.34,1.67,1.34,3.32,–,3.32,1.68,1.35,1.68,–,–,12,12,16,–,–,–,–,–,L102X102X12.7,L102X102X12.7,19.0,2420,102,–,–,–,–,–,–,–,102,–,–,–,–,–,–,12.7,–,–,22.2,22.2,–,30,30,–,11.9,11.9,–,8,–,–,–,–,2.3,57.4,32.1,30.7,2.3,57.4,32.1,30.7,0.937,19.7,22.1,134,0.0983,–,–,–,–,–,–,–,54.9,0.63,1,3.66,67.3,0,67.3,34,42.4,34,54.4,–,54.4,27.5,22.1,27.5,–,–,305,305,406,–,–,–,–,–,0.776
L,L4X4X7/16,L4X4X7/16,–,11.3,3.3,4,–,–,–,–,–,–,–,4,–,–,–,–,–,–,0.438,–,–,0.813,0.8125,–,1.15,1.15,–,0.413,0.413,–,9.13,–,–,–,–,4.93,3.1,1.73,1.22,4.93,3.1,1.73,1.22,1.99,0.777,1.22,0.22,0.252,–,–,–,–,–,–,–,2.18,0.63,1,7.86,2.67,0,2.67,1.36,1.63,1.36,2.94,–,2.94,1.46,1.22,1.46,–,–,12,12,16,–,–,–,–,–,L102X102X11.1,L102X102X11.1,16.8,2130,102,–,–,–,–,–,–,–,102,–,–,–,–,–,–,11.1,–,–,20.7,20.6,–,29.2,29.2,–,10.5,10.5,–,9.13,–,–,–,–,2.05,50.8,28.3,31.0,2.05,50.8,28.3,31.0,0.828,19.7,20,91.6,0.0677,–,–,–,–,–,–,–,55.4,0.63,1,3.27,67.8,0,67.8,34.5,41.4,34.5,48.2,–,48.2,23.9,20,23.9,–,–,305,305,406,–,–,–,–,–,0.777
L,L4X4X3/8,L4X4X3/8,–,9.8,2.86,4,–,–,–,–,–,–,–,4,–,–,–,–,–,–,0.375,–,–,0.75,0.75,–,1.13,1.13,–,0.358,0.358,–,10.7,–,–,–,–,4.32,2.69,1.5,1.23,4.32,2.69,1.5,1.23,1.73,0.779,1.08,0.141,0.162,–,–,–,–,–,–,–,2.19,0.63,1,6.91,2.7,0,2.7,1.36,1.6,1.36,2.56,–,2.56,1.27,1.08,1.27,–,–,12,12,16,–,–,–,–,–,L102X102X9.5,L102X102X9.5,14.6,1850,102,–,–,–,–,–,–,–,102,–,–,–,–,–,–,9.53,–,–,19.1,19.1,–,28.7,28.7,–,9.09,9.09,–,10.7,–,–,–,–,1.8,44.1,24.6,31.2,1.8,44.1,24.6,31.2,0.72,19.8,17.7,58.7,0.0435,–,–,–,–,–,–,–,55.6,0.63,1,2.88,68.6,0,68.6,34.5,40.6,34.5,42,–,42,20.8,17.7,20.8,–,–,305,305,406,–,–,–,–,–,0.779
L,L4X4X5/16,L4X4X5/16,–,8.2,2.4,4,–,–,–,–,–,–,–,4,–,–,–,–,–,–,0.313,–,–,0.688,0.6875,–,1.11,1.11,–,0.3,0.3,–,12.8,–,–,–,–,3.67,2.26,1.27,1.24,3.67,2.26,1.27,1.24,1.46,0.781,0.93,0.0832,0.0963,–,–,–,–,–,–,–,2.21,0.63,1,5.88,2.72,0,2.72,1.37,1.57,1.37,2.16,–,2.16,1.07,0.93,1.07,–,–,12,12,16,–,–,–,–,–,L102X102X7.9,L102X102X7.9,12.2,1550,102,–,–,–,–,–,–,–,102,–,–,–,–,–,–,7.94,–,–,17.5,17.5,–,28.2,28.2,–,7.62,7.62,–,12.8,–,–,–,–,1.53,37.0,20.8,31.5,1.53,37.0,20.8,31.5,0.608,19.8,15.3,34.6,0.0259,–,–,–,–,–,–,–,56.1,0.63,1,2.45,69.1,0,69.1,34.8,39.9,34.8,35.4,–,35.4,17.5,15.2,17.5,–,–,305,305,406,–,–,–,–,–,0.781
L,L4X4X1/4,L4X4X1/4,–,6.6,1.93,4,–,–,–,–,–,–,–,4,–,–,–,–,–,–,0.25,–,–,0.625,0.625,–,1.08,1.08,–,0.241,0.241,–,16,–,–,–,–,3.0,1.82,1.03,1.25,3.0,1.82,1.03,1.25,1.19,0.783,0.778,0.0438,0.0505,–,–,–,–,–,–,–,2.22,0.63,1,4.82,2.74,0,2.74,1.39,1.53,1.39,1.76,–,1.76,0.856,0.778,0.856,–,–,12,12,16,–,–,–,–,–,L102X102X6.4,L102X102X6.4,9.8,1250,102,–,–,–,–,–,–,–,102,–,–,–,–,–,–,6.35,–,–,15.9,15.9,–,27.4,27.4,–,6.12,6.12,–,16,–,–,–,–,1.25,29.8,16.9,31.8,1.25,29.8,16.9,31.8,0.495,19.9,12.7,18.2,0.0136,–,–,–,–,–,–,–,56.4,0.63,1,2.01,69.6,0,69.6,35.3,38.9,35.3,28.8,–,28.8,14,12.8,14,–,–,305,305,406,–,–,–,–,–,0.783
L,L4X3-1/2X1/2,L4X3-1/2X1/2,–,11.9,3.5,3.5,–,–,–,–,–,–,–,4,–,–,–,–,–,–,0.5,–,–,0.875,0.875,–,0.994,1.24,–,0.438,0.5,–,8,–,–,–,–,5.3,3.46,1.92,1.23,3.76,2.69,1.5,1.04,1.79,0.716,1.16,0.301,0.302,–,–,–,–,–,–,–,2.03,–,0.75,7.26,2.29,0.397,2.66,1.41,1.54,1.06,3.17,18.3,2.73,1.27,1.16,1.69,–,–,11.5,11,15,–,–,–,–,–,L102X89X12.7,L102X89X12.7,17.6,2260,88.9,–,–,–,–,–,–,–,102,–,–,–,–,–,–,12.7,–,–,22.2,22.2,–,25.2,31.5,–,11.1,12.7,–,8,–,–,–,–,2.21,56.7,31.5,31.2,1.57,44.1,24.6,26.4,0.745,18.2,19.2,125,0.0811,–,–,–,–,–,–,–,51.6,–,0.75,3.02,58.2,10.1,67.6,35.8,39.1,26.9,52,300,44.7,20.8,19,27.7,–,–,292,279,381,–,–,–,–,–,0.716
L,L4X3-1/2X3/8,L4X3-1/2X3/8,–,9.1,2.68,3.5,–,–,–,–,–,–,–,4,–,–,–,–,–,–,0.375,–,–,0.75,0.75,–,0.947,1.2,–,0.335,0.427,–,10.7,–,–,–,–,4.15,2.66,1.48,1.25,2.96,2.06,1.16,1.05,1.39,0.719,0.939,0.132,0.134,–,–,–,–,–,–,–,2.06,–,0.755,5.73,2.35,0.387,2.69,1.43,1.48,1.08,2.44,14.8,2.13,0.972,0.939,1.29,–,–,11.5,11,15,–,–,–,–,–,L102X89X9.5,L102X89X9.5,13.5,1730,88.9,–,–,–,–,–,–,–,102,–,–,–,–,–,–,9.53,–,–,19.1,19.1,–,24.1,30.5,–,8.51,10.8,–,10.7,–,–,–,–,1.73,43.6,24.3,31.8,1.23,33.8,19.0,26.7,0.579,18.3,15.4,54.9,0.036,–,–,–,–,–,–,–,52.3,–,0.755,2.39,59.7,9.83,68.3,36.3,37.6,27.4,40,243,34.9,15.9,15.4,21.1,–,–,292,279,381,–,–,–,–,–,0.719
L,L4X3-1/2X5/16,L4X3-1/2X5/16,–,7.7,2.25,3.5,–,–,–,–,–,–,–,4,–,–,–,–,–,–,0.313,–,–,0.688,0.6875,–,0.923,1.17,–,0.281,0.4,–,12.8,–,–,–,–,3.53,2.24,1.25,1.25,2.52,1.74,0.98,1.06,1.16,0.721,0.806,0.0782,0.0798,–,–,–,–,–,–,–,2.08,–,0.757,4.88,2.36,0.376,2.72,1.44,1.44,1.1,2.07,13,1.79,0.806,0.806,1.05,–,–,11.5,11,15,–,–,–,–,–,L102X89X7.9,L102X89X7.9,11.4,1450,88.9,–,–,–,–,–,–,–,102,–,–,–,–,–,–,7.94,–,–,17.5,17.5,–,23.4,29.7,–,7.14,10.2,–,12.8,–,–,–,–,1.47,36.7,20.5,31.8,1.05,28.5,16.1,26.9,0.483,18.3,13.3,32.5,0.0214,–,–,–,–,–,–,–,52.8,–,0.757,2.03,59.9,9.55,69.1,36.6,36.6,27.9,33.9,213,29.3,13.2,13.2,17.2,–,–,292,279,381,–,–,–,–,–,0.721
L,L4X3-1/2X1/4,L4X3-1/2X1/4,–,6.2,1.82,3.5,–,–,–,–,–,–,–,4,–,–,–,–,–,–,0.25,–,–,0.625,0.625,–,0.897,1.14,–,0.228,0.36,–,16,–,–,–,–,2.89,1.81,1.01,1.26,2.07,1.4,0.794,1.07,0.953,0.723,0.653,0.0412,0.0419,–,–,–,–,–,–,–,2.09,–,0.759,4.01,2.38,0.365,2.74,1.46,1.4,1.11,1.68,11,1.46,0.653,0.681,0.859,–,–,11.5,11,15,–,–,–,–,–,L102X89X6.4,L102X89X6.4,9.2,1170,88.9,–,–,–,–,–,–,–,102,–,–,–,–,–,–,6.35,–,–,15.9,15.9,–,22.8,29,–,5.79,9.14,–,16,–,–,–,–,1.2,29.7,16.6,32.0,0.862,22.9,13.0,27.2,0.397,18.4,10.7,17.1,0.0113,–,–,–,–,–,–,–,53.1,–,0.759,1.67,60.5,9.27,69.6,37.1,35.6,28.2,27.5,180,23.9,10.7,11.2,14.1,–,–,292,279,381,–,–,–,–,–,0.723
L,L4X3X5/8,L4X3X5/8,–,13.6,3.99,3,–,–,–,–,–,–,–,4,–,–,–,–,–,–,0.625,–,–,1,1,–,0.867,1.37,–,0.499,0.808,–,6.4,–,–,–,–,6.01,4.08,2.28,1.23,2.85,2.45,1.34,0.845,1.59,0.631,1.13,0.529,0.472,–,–,–,–,–,–,–,1.91,–,0.534,7.27,1.94,0.801,2.58,1.38,1.41,0.749,3.75,9.08,2.82,1.15,1.13,2.12,–,–,11,10,14,–,–,–,–,–,L102X76X15.9,L102X76X15.9,20.2,2570,76.2,–,–,–,–,–,–,–,102,–,–,–,–,–,–,15.9,–,–,25.4,25.4,–,22,34.8,–,12.7,20.5,–,6.4,–,–,–,–,2.5,66.9,37.4,31.2,1.19,40.1,22.0,21.5,0.662,16,18.5,220,0.127,–,–,–,–,–,–,–,48.5,–,0.534,3.03,49.3,20.3,65.5,35.1,35.8,19,61.5,149,46.2,18.8,18.5,34.7,–,–,279,254,356,–,–,–,–,–,0.631
L,L4X3X1/2,L4X3X1/2,–,11.1,3.25,3,–,–,–,–,–,–,–,4,–,–,–,–,–,–,0.5,–,–,0.875,0.875,–,0.822,1.32,–,0.406,0.75,–,8,–,–,–,–,5.02,3.36,1.87,1.24,2.4,1.99,1.1,0.858,1.3,0.633,0.929,0.281,0.255,–,–,–,–,–,–,–,1.94,–,0.542,6.12,1.98,0.768,2.63,1.4,1.35,0.777,3.09,7.97,2.33,0.929,0.963,1.67,–,–,11,10,14,–,–,–,–,–,L102X76X12.7,L102X76X12.7,16.4,2100,76.2,–,–,–,–,–,–,–,102,–,–,–,–,–,–,12.7,–,–,22.2,22.2,–,20.9,33.5,–,10.3,19.1,–,8,–,–,–,–,2.09,55.1,30.6,31.5,0.999,32.6,18.0,21.8,0.541,16.1,15.2,117,0.0685,–,–,–,–,–,–,–,49.3,–,0.542,2.55,50.3,19.5,66.8,35.6,34.3,19.7,50.6,131,38.2,15.2,15.8,27.4,–,–,279,254,356,–,–,–,–,–,0.633
L,L4X3X3/8,L4X3X3/8,–,8.5,2.49,3,–,–,–,–,–,–,–,4,–,–,–,–,–,–,0.375,–,–,0.75,0.75,–,0.775,1.27,–,0.311,0.68,–,10.7,–,–,–,–,3.94,2.6,1.44,1.26,1.89,1.52,0.851,0.873,1,0.636,0.699,0.123,0.114,–,–,–,–,–,–,–,1.97,–,0.551,4.82,2.02,0.739,2.68,1.43,1.29,0.801,2.39,6.52,1.8,0.699,0.775,1.25,–,–,11,10,14,–,–,–,–,–,L102X76X9.5,L102X76X9.5,12.6,1610,76.2,–,–,–,–,–,–,–,102,–,–,–,–,–,–,9.53,–,–,19.1,19.1,–,19.7,32.3,–,7.9,17.3,–,10.7,–,–,–,–,1.64,42.6,23.6,32.0,0.787,24.9,13.9,22.2,0.416,16.2,11.6,51.2,0.0306,–,–,–,–,–,–,–,50,–,0.551,2.01,51.3,18.8,68.1,36.3,32.8,20.3,39.2,107,29.5,11.5,12.7,20.5,–,–,279,254,356,–,–,–,–,–,0.636
L,L4X3X5/16,L4X3X5/16,–,7.2,2.09,3,–,–,–,–,–,–,–,4,–,–,–,–,–,–,0.313,–,–,0.688,0.6875,–,0.75,1.25,–,0.261,0.656,–,12.8,–,–,–,–,3.36,2.19,1.22,1.27,1.62,1.28,0.721,0.88,0.849,0.638,0.59,0.0731,0.0676,–,–,–,–,–,–,–,1.98,–,0.554,4.13,2.05,0.73,2.69,1.44,1.26,0.814,2.01,5.66,1.54,0.59,0.674,1.04,–,–,11,10,14,–,–,–,–,–,L102X76X7.9,L102X76X7.9,10.7,1350,76.2,–,–,–,–,–,–,–,102,–,–,–,–,–,–,7.94,–,–,17.5,17.5,–,19.1,31.8,–,6.63,16.7,–,12.8,–,–,–,–,1.4,35.9,20.0,32.3,0.674,21.0,11.8,22.4,0.353,16.2,9.68,30.4,0.0182,–,–,–,–,–,–,–,50.3,–,0.554,1.72,52.1,18.5,68.3,36.6,32,20.7,32.9,92.8,25.2,9.67,11,17,–,–,279,254,356,–,–,–,–,–,0.638
L,L4X3X1/4,L4X3X1/4,–,5.8,1.69,3,–,–,–,–,–,–,–,4,–,–,–,–,–,–,0.25,–,–,0.625,0.625,–,0.725,1.22,–,0.211,0.62,–,16,–,–,–,–,2.75,1.77,0.988,1.27,1.33,1.03,0.585,0.887,0.692,0.639,0.474,0.0386,0.0356,–,–,–,–,–,–,–,1.99,–,0.558,3.39,2.06,0.713,2.72,1.46,1.23,0.828,1.65,4.75,1.25,0.474,0.563,0.836,–,–,11,10,14,–,–,–,–,–,L102X76X6.4,L102X76X6.4,8.6,1090,76.2,–,–,–,–,–,–,–,102,–,–,–,–,–,–,6.35,–,–,15.9,15.9,–,18.4,31,–,5.36,15.7,–,16,–,–,–,–,1.14,29.0,16.2,32.3,0.554,16.9,9.59,22.5,0.288,16.2,7.8,16.1,0.00956,–,–,–,–,–,–,–,50.5,–,0.558,1.41,52.3,18.1,69.1,37.1,31.2,21,27,77.9,20.5,7.77,9.23,13.7,–,–,279,254,356,–,–,–,–,–,0.639
L,L3-1/2X3-1/2X1/2,L3-1/2X3-1/2X1/2,–,11.1,3.25,3.5,–,–,–,–,–,–,–,3.5,–,–,–,–,–,–,0.5,–,–,0.875,0.875,–,1.05,1.05,–,0.464,0.464,–,7,–,–,–,–,3.63,2.66,1.48,1.05,3.63,2.66,1.48,1.05,1.51,0.679,1.02,0.281,0.238,–,–,–,–,–,–,–,1.87,0.63,1,5.75,2.3,0,2.3,1.17,1.48,1.17,2.5,–,2.5,1.29,1.02,1.29,–,–,10.5,10.5,14,–,–,–,–,–,L89X89X12.7,L89X89X12.7,16.5,2100,88.9,–,–,–,–,–,–,–,88.9,–,–,–,–,–,–,12.7,–,–,22.2,22.2,–,26.7,26.7,–,11.8,11.8,–,7,–,–,–,–,1.51,43.6,24.3,26.7,1.51,43.6,24.3,26.7,0.629,17.2,16.6,117,0.0639,–,–,–,–,–,–,–,47.5,0.63,1,2.39,58.4,0,58.4,29.7,37.6,29.7,41,–,41,21.1,16.7,21.1,–,–,267,267,356,–,–,–,–,–,0.679
L,L3-1/2X3-1/2X7/16,L3-1/2X3-1/2X7/16,–,9.8,2.89,3.5,–,–,–,–,–,–,–,3.5,–,–,–,–,–,–,0.438,–,–,0.813,0.8125,–,1.03,1.03,–,0.413,0.413,–,7.99,–,–,–,–,3.25,2.36,1.32,1.06,3.25,2.36,1.32,1.06,1.33,0.681,0.911,0.192,0.164,–,–,–,–,–,–,–,1.89,0.63,1,5.16,2.32,0,2.32,1.17,1.46,1.17,2.22,–,2.22,1.14,0.911,1.14,–,–,10.5,10.5,14,–,–,–,–,–,L89X89X11.1,L89X89X11.1,14.6,1860,88.9,–,–,–,–,–,–,–,88.9,–,–,–,–,–,–,11.1,–,–,20.7,20.6,–,26.2,26.2,–,10.5,10.5,–,7.99,–,–,–,–,1.35,38.7,21.6,26.9,1.35,38.7,21.6,26.9,0.554,17.3,15.1,79.9,0.044,–,–,–,–,–,–,–,48,0.63,1,2.15,58.9,0,58.9,29.7,37.1,29.7,36.4,–,36.4,18.7,14.9,18.7,–,–,267,267,356,–,–,–,–,–,0.681
L,L3-1/2X3-1/2X3/8,L3-1/2X3-1/2X3/8,–,8.5,2.5,3.5,–,–,–,–,–,–,–,3.5,–,–,–,–,–,–,0.375,–,–,0.75,0.75,–,1,1,–,0.357,0.357,–,9.33,–,–,–,–,2.86,2.06,1.15,1.07,2.86,2.06,1.15,1.07,1.17,0.683,0.83,0.123,0.106,–,–,–,–,–,–,–,1.9,0.63,1,4.55,2.34,0,2.34,1.19,1.41,1.19,1.94,–,1.94,0.983,0.83,0.983,–,–,10.5,10.5,14,–,–,–,–,–,L89X89X9.5,L89X89X9.5,12.6,1610,88.9,–,–,–,–,–,–,–,88.9,–,–,–,–,–,–,9.53,–,–,19.1,19.1,–,25.4,25.4,–,9.07,9.07,–,9.33,–,–,–,–,1.19,33.8,18.8,27.2,1.19,33.8,18.8,27.2,0.487,17.3,13.5,51.2,0.0285,–,–,–,–,–,–,–,48.3,0.63,1,1.89,59.4,0,59.4,30.2,35.8,30.2,31.8,–,31.8,16.1,13.6,16.1,–,–,267,267,356,–,–,–,–,–,0.683
L,L3-1/2X3-1/2X5/16,L3-1/2X3-1/2X5/16,–,7.2,2.1,3.5,–,–,–,–,–,–,–,3.5,–,–,–,–,–,–,0.313,–,–,0.688,0.6875,–,0.979,0.979,–,0.3,0.3,–,11.2,–,–,–,–,2.44,1.74,0.969,1.08,2.44,1.74,0.969,1.08,0.984,0.685,0.713,0.0731,0.0634,–,–,–,–,–,–,–,1.92,0.63,1,3.89,2.36,0,2.36,1.2,1.38,1.2,1.65,–,1.65,0.82,0.713,0.82,–,–,10.5,10.5,14,–,–,–,–,–,L89X89X7.9,L89X89X7.9,10.7,1350,88.9,–,–,–,–,–,–,–,88.9,–,–,–,–,–,–,7.94,–,–,17.5,17.5,–,24.9,24.9,–,7.62,7.62,–,11.2,–,–,–,–,1.02,28.5,15.9,27.4,1.02,28.5,15.9,27.4,0.41,17.4,11.7,30.4,0.017,–,–,–,–,–,–,–,48.8,0.63,1,1.62,59.9,0,59.9,30.5,35.1,30.5,27,–,27,13.4,11.7,13.4,–,–,267,267,356,–,–,–,–,–,0.685
L,L3-1/2X3-1/2X1/4,L3-1/2X3-1/2X1/4,–,5.8,1.7,3.5,–,–,–,–,–,–,–,3.5,–,–,–,–,–,–,0.25,–,–,0.625,0.625,–,0.954,0.954,–,0.243,0.243,–,14,–,–,–,–,2.0,1.41,0.787,1.09,2.0,1.41,0.787,1.09,0.802,0.688,0.594,0.0386,0.0334,–,–,–,–,–,–,–,1.93,0.63,1,3.19,2.39,0,2.39,1.21,1.35,1.21,1.33,–,1.33,0.663,0.594,0.663,–,–,10.5,10.5,14,–,–,–,–,–,L89X89X6.4,L89X89X6.4,8.6,1100,88.9,–,–,–,–,–,–,–,88.9,–,–,–,–,–,–,6.35,–,–,15.9,15.9,–,24.2,24.2,–,6.17,6.17,–,14,–,–,–,–,0.832,23.1,12.9,27.7,0.832,23.1,12.9,27.7,0.334,17.5,9.8,16.1,0.00897,–,–,–,–,–,–,–,49,0.63,1,1.33,60.7,0,60.7,30.7,34.3,30.7,21.8,–,21.8,10.8,9.73,10.9,–,–,267,267,356,–,–,–,–,–,0.688
L,L3-1/2X3X1/2,L3-1/2X3X1/2,–,10.2,3.02,3,–,–,–,–,–,–,–,3.5,–,–,–,–,–,–,0.5,–,–,0.875,0.875,–,0.869,1.12,–,0.431,0.48,–,7,–,–,–,–,3.45,2.61,1.45,1.07,2.32,1.97,1.09,0.877,1.15,0.618,0.846,0.26,0.191,–,–,–,–,–,–,–,1.75,–,0.713,4.62,1.95,0.407,2.3,1.23,1.36,0.878,2.37,11.4,2.01,0.935,0.846,1.31,–,–,10,9.5,13,–,–,–,–,–,L89X76X12.7,L89X76X12.7,15.1,1950,76.2,–,–,–,–,–,–,–,88.9,–,–,–,–,–,–,12.7,–,–,22.2,22.2,–,22.1,28.4,–,10.9,12.2,–,7,–,–,–,–,1.44,42.8,23.8,27.2,0.966,32.3,17.9,22.3,0.479,15.7,13.9,108,0.0513,–,–,–,–,–,–,–,44.5,–,0.713,1.92,49.5,10.3,58.4,31.2,34.5,22.3,38.8,187,32.9,15.3,13.9,21.5,–,–,254,241,330,–,–,–,–,–,0.618
L,L3-1/2X3X7/16,L3-1/2X3X7/16,–,9.1,2.67,3,–,–,–,–,–,–,–,3.5,–,–,–,–,–,–,0.438,–,–,0.813,0.8125,–,0.846,1.09,–,0.381,0.449,–,7.99,–,–,–,–,3.1,2.32,1.29,1.08,2.09,1.75,0.971,0.885,1.02,0.62,0.773,0.178,0.132,–,–,–,–,–,–,–,1.76,–,0.717,4.16,1.96,0.393,2.32,1.24,1.32,0.894,2.12,10.6,1.79,0.823,0.773,1.14,–,–,10,9.5,13,–,–,–,–,–,L89X76X11.1,L89X76X11.1,13.5,1720,76.2,–,–,–,–,–,–,–,88.9,–,–,–,–,–,–,11.1,–,–,20.7,20.6,–,21.5,27.7,–,9.68,11.4,–,7.99,–,–,–,–,1.29,38.0,21.1,27.4,0.87,28.7,15.9,22.5,0.425,15.7,12.7,74.1,0.0354,–,–,–,–,–,–,–,44.7,–,0.717,1.73,49.8,9.98,58.9,31.5,33.5,22.7,34.7,174,29.3,13.5,12.7,18.7,–,–,254,241,330,–,–,–,–,–,0.62
L,L3-1/2X3X3/8,L3-1/2X3X3/8,–,7.9,2.32,3,–,–,–,–,–,–,–,3.5,–,–,–,–,–,–,0.375,–,–,0.75,0.75,–,0.823,1.07,–,0.331,0.407,–,9.33,–,–,–,–,2.73,2.03,1.12,1.09,1.84,1.52,0.847,0.892,0.894,0.622,0.693,0.114,0.0858,–,–,–,–,–,–,–,1.78,–,0.72,3.68,1.99,0.389,2.34,1.25,1.29,0.901,1.85,9.46,1.57,0.715,0.693,0.992,–,–,10,9.5,13,–,–,–,–,–,L89X76X9.5,L89X76X9.5,11.7,1500,76.2,–,–,–,–,–,–,–,88.9,–,–,–,–,–,–,9.53,–,–,19.1,19.1,–,20.9,27.2,–,8.41,10.3,–,9.33,–,–,–,–,1.14,33.3,18.4,27.7,0.766,24.9,13.9,22.7,0.372,15.8,11.3,47.5,0.023,–,–,–,–,–,–,–,45.2,–,0.72,1.53,50.5,9.88,59.4,31.8,32.8,22.9,30.3,155,25.7,11.7,11.4,16.3,–,–,254,241,330,–,–,–,–,–,0.622
L,L3-1/2X3X5/16,L3-1/2X3X5/16,–,6.6,1.95,3,–,–,–,–,–,–,–,3.5,–,–,–,–,–,–,0.313,–,–,0.688,0.6875,–,0.798,1.05,–,0.279,0.38,–,11.2,–,–,–,–,2.33,1.72,0.951,1.09,1.58,1.28,0.718,0.9,0.758,0.624,0.602,0.068,0.0512,–,–,–,–,–,–,–,1.79,–,0.722,3.15,2.01,0.383,2.36,1.26,1.26,0.916,1.57,8.22,1.33,0.602,0.602,0.828,–,–,10,9.5,13,–,–,–,–,–,L89X76X7.9,L89X76X7.9,9.8,1260,76.2,–,–,–,–,–,–,–,88.9,–,–,–,–,–,–,7.94,–,–,17.5,17.5,–,20.3,26.7,–,7.09,9.65,–,11.2,–,–,–,–,0.97,28.2,15.6,27.7,0.658,21.0,11.8,22.9,0.316,15.8,9.87,28.3,0.0137,–,–,–,–,–,–,–,45.5,–,0.722,1.31,51.1,9.73,59.9,32,32,23.3,25.7,135,21.8,9.87,9.87,13.6,–,–,254,241,330,–,–,–,–,–,0.624
L,L3-1/2X3X1/4,L3-1/2X3X1/4,–,5.4,1.58,3,–,–,–,–,–,–,–,3.5,–,–,–,–,–,–,0.25,–,–,0.625,0.625,–,0.773,1.02,–,0.226,0.34,–,14,–,–,–,–,1.92,1.39,0.773,1.1,1.3,1.04,0.585,0.908,0.622,0.628,0.486,0.036,0.027,–,–,–,–,–,–,–,1.8,–,0.725,2.6,2.03,0.374,2.39,1.28,1.22,0.928,1.28,6.95,1.09,0.486,0.51,0.67,–,–,10,9.5,13,–,–,–,–,–,L89X76X6.4,L89X76X6.4,8.0,1020,76.2,–,–,–,–,–,–,–,88.9,–,–,–,–,–,–,6.35,–,–,15.9,15.9,–,19.6,25.9,–,5.74,8.64,–,14,–,–,–,–,0.799,22.8,12.7,27.9,0.541,17.0,9.59,23.1,0.259,16,7.98,15,0.00725,–,–,–,–,–,–,–,45.7,–,0.725,1.08,51.6,9.5,60.7,32.5,31,23.6,21,114,17.9,7.97,8.36,11,–,–,254,241,330,–,–,–,–,–,0.628
L,L3-1/2X2-1/2X1/2,L3-1/2X2-1/2X1/2,–,9.4,2.77,2.5,–,–,–,–,–,–,–,3.5,–,–,–,–,–,–,0.5,–,–,0.875,0.875,–,0.701,1.2,–,0.396,0.73,–,7,–,–,–,–,3.24,2.52,1.41,1.08,1.36,1.39,0.756,0.701,0.781,0.532,0.651,0.234,0.159,–,–,–,–,–,–,–,1.66,–,0.485,3.82,1.64,0.774,2.27,1.2,1.15,0.598,2.33,4.94,1.68,0.651,0.679,1.31,–,–,9.5,8.5,12,–,–,–,–,–,L89X64X12.7,L89X64X12.7,13.9,1790,63.5,–,–,–,–,–,–,–,88.9,–,–,–,–,–,–,12.7,–,–,22.2,22.2,–,17.8,30.5,–,10.1,18.5,–,7,–,–,–,–,1.35,41.3,23.1,27.4,0.566,22.8,12.4,17.8,0.325,13.5,10.6,97.4,0.0427,–,–,–,–,–,–,–,42.2,–,0.485,1.59,41.7,19.7,57.7,30.5,29.2,15.2,38.2,81,27.5,10.7,11.1,21.5,–,–,241,216,305,–,–,–,–,–,0.532
L,L3-1/2X2-1/2X3/8,L3-1/2X2-1/2X3/8,–,7.2,2.12,2.5,–,–,–,–,–,–,–,3.5,–,–,–,–,–,–,0.375,–,–,0.75,0.75,–,0.655,1.15,–,0.303,0.673,–,9.33,–,–,–,–,2.56,1.96,1.09,1.1,1.09,1.07,0.589,0.716,0.609,0.535,0.499,0.103,0.0714,–,–,–,–,–,–,–,1.69,–,0.495,3.04,1.68,0.739,2.31,1.22,1.1,0.626,1.81,4.11,1.32,0.499,0.554,0.973,–,–,9.5,8.5,12,–,–,–,–,–,L89X64X9.5,L89X64X9.5,10.7,1370,63.5,–,–,–,–,–,–,–,88.9,–,–,–,–,–,–,9.53,–,–,19.1,19.1,–,16.6,29.2,–,7.7,17.1,–,9.33,–,–,–,–,1.07,32.1,17.9,27.9,0.454,17.5,9.65,18.2,0.253,13.6,8.13,42.9,0.0192,–,–,–,–,–,–,–,42.9,–,0.495,1.27,42.7,18.8,58.7,31,27.9,15.9,29.7,67.4,21.6,8.18,9.08,15.9,–,–,241,216,305,–,–,–,–,–,0.535
L,L3-1/2X2-1/2X5/16,L3-1/2X2-1/2X5/16,–,6.1,1.79,2.5,–,–,–,–,–,–,–,3.5,–,–,–,–,–,–,0.313,–,–,0.688,0.6875,–,0.632,1.13,–,0.256,0.636,–,11.2,–,–,–,–,2.2,1.67,0.925,1.11,0.937,0.9,0.501,0.723,0.518,0.538,0.418,0.0611,0.0426,–,–,–,–,–,–,–,1.71,–,0.5,2.62,1.71,0.729,2.33,1.24,1.07,0.633,1.53,3.59,1.12,0.418,0.484,0.818,–,–,9.5,8.5,12,–,–,–,–,–,L89X64X7.9,L89X64X7.9,9.0,1150,63.5,–,–,–,–,–,–,–,88.9,–,–,–,–,–,–,7.94,–,–,17.5,17.5,–,16.1,28.7,–,6.5,16.2,–,11.2,–,–,–,–,0.916,27.4,15.2,28.2,0.39,14.7,8.21,18.4,0.216,13.7,6.87,25.4,0.0114,–,–,–,–,–,–,–,43.4,–,0.5,1.09,43.4,18.5,59.2,31.5,27.2,16.1,25.1,58.8,18.4,6.85,7.93,13.4,–,–,241,216,305,–,–,–,–,–,0.538
L,L3-1/2X2-1/2X1/4,L3-1/2X2-1/2X1/4,–,4.9,1.45,2.5,–,–,–,–,–,–,–,3.5,–,–,–,–,–,–,0.25,–,–,0.625,0.625,–,0.607,1.1,–,0.207,0.6,–,14,–,–,–,–,1.81,1.36,0.753,1.12,0.775,0.728,0.41,0.731,0.426,0.541,0.341,0.0322,0.0225,–,–,–,–,–,–,–,1.72,–,0.504,2.16,1.72,0.71,2.36,1.25,1.04,0.647,1.26,3.04,0.915,0.341,0.41,0.658,–,–,9.5,8.5,12,–,–,–,–,–,L89X64X6.4,L89X64X6.4,7.3,935,63.5,–,–,–,–,–,–,–,88.9,–,–,–,–,–,–,6.35,–,–,15.9,15.9,–,15.4,27.9,–,5.26,15.2,–,14,–,–,–,–,0.753,22.3,12.3,28.4,0.323,11.9,6.72,18.6,0.177,13.7,5.57,13.4,0.00604,–,–,–,–,–,–,–,43.7,–,0.504,0.899,43.7,18,59.9,31.8,26.4,16.4,20.7,49.8,15,5.59,6.72,10.8,–,–,241,216,305,–,–,–,–,–,0.541
L,L3X3X1/2,L3X3X1/2,–,9.4,2.76,3,–,–,–,–,–,–,–,3,–,–,–,–,–,–,0.5,–,–,0.875,0.875,–,0.929,0.929,–,0.46,0.46,–,6,–,–,–,–,2.2,1.91,1.06,0.895,2.2,1.91,1.06,0.895,0.922,0.58,0.704,0.23,0.144,–,–,–,–,–,–,–,1.59,0.63,1,3.48,1.94,0,1.94,0.984,1.31,0.984,1.79,–,1.79,0.937,0.704,0.937,–,–,9,9,12,–,–,–,–,–,L76X76X12.7,L76X76X12.7,14.0,1780,76.2,–,–,–,–,–,–,–,76.2,–,–,–,–,–,–,12.7,–,–,22.2,22.2,–,23.6,23.6,–,11.7,11.7,–,6,–,–,–,–,0.916,31.3,17.4,22.7,0.916,31.3,17.4,22.7,0.384,14.7,11.5,95.7,0.0387,–,–,–,–,–,–,–,40.4,0.63,1,1.45,49.3,0,49.3,25,33.3,25,29.3,–,29.3,15.4,11.5,15.4,–,–,229,229,305,–,–,–,–,–,0.58
L,L3X3X7/16,L3X3X7/16,–,8.3,2.43,3,–,–,–,–,–,–,–,3,–,–,–,–,–,–,0.438,–,–,0.813,0.8125,–,0.907,0.907,–,0.405,0.405,–,6.85,–,–,–,–,1.98,1.7,0.946,0.903,1.98,1.7,0.946,0.903,0.817,0.58,0.638,0.157,0.1,–,–,–,–,–,–,–,1.6,0.63,1,3.14,1.97,0,1.97,0.993,1.28,0.993,1.59,–,1.59,0.823,0.638,0.823,–,–,9,9,12,–,–,–,–,–,L76X76X11.1,L76X76X11.1,12.4,1570,76.2,–,–,–,–,–,–,–,76.2,–,–,–,–,–,–,11.1,–,–,20.7,20.6,–,23,23,–,10.3,10.3,–,6.85,–,–,–,–,0.824,27.9,15.5,22.9,0.824,27.9,15.5,22.9,0.34,14.7,10.5,65.3,0.0269,–,–,–,–,–,–,–,40.6,0.63,1,1.31,50,0,50,25.2,32.5,25.2,26.1,–,26.1,13.5,10.5,13.5,–,–,229,229,305,–,–,–,–,–,0.58
L,L3X3X3/8,L3X3X3/8,–,7.2,2.11,3,–,–,–,–,–,–,–,3,–,–,–,–,–,–,0.375,–,–,0.75,0.75,–,0.884,0.884,–,0.352,0.352,–,8,–,–,–,–,1.75,1.48,0.825,0.91,1.75,1.48,0.825,0.91,0.716,0.581,0.573,0.101,0.0652,–,–,–,–,–,–,–,1.62,0.63,1,2.79,1.99,0,1.99,1,1.25,1,1.4,–,1.4,0.716,0.573,0.716,–,–,9,9,12,–,–,–,–,–,L76X76X9.5,L76X76X9.5,10.7,1360,76.2,–,–,–,–,–,–,–,76.2,–,–,–,–,–,–,9.53,–,–,19.1,19.1,–,22.5,22.5,–,8.94,8.94,–,8,–,–,–,–,0.728,24.3,13.5,23.1,0.728,24.3,13.5,23.1,0.298,14.8,9.34,42,0.0175,–,–,–,–,–,–,–,41.1,0.63,1,1.16,50.5,0,50.5,25.4,31.8,25.4,22.9,–,22.9,11.7,9.39,11.7,–,–,229,229,305,–,–,–,–,–,0.581
L,L3X3X5/16,L3X3X5/16,–,6.1,1.78,3,–,–,–,–,–,–,–,3,–,–,–,–,–,–,0.313,–,–,0.688,0.6875,–,0.86,0.86,–,0.297,0.297,–,9.58,–,–,–,–,1.5,1.26,0.699,0.918,1.5,1.26,0.699,0.918,0.606,0.583,0.497,0.0597,0.039,–,–,–,–,–,–,–,1.64,0.63,1,2.4,2.01,0,2.01,1.02,1.22,1.02,1.19,–,1.19,0.594,0.497,0.594,–,–,9,9,12,–,–,–,–,–,L76X76X7.9,L76X76X7.9,9.1,1150,76.2,–,–,–,–,–,–,–,76.2,–,–,–,–,–,–,7.94,–,–,17.5,17.5,–,21.8,21.8,–,7.54,7.54,–,9.58,–,–,–,–,0.624,20.6,11.5,23.3,0.624,20.6,11.5,23.3,0.252,14.8,8.13,24.8,0.0105,–,–,–,–,–,–,–,41.7,0.63,1,0.999,51.1,0,51.1,25.9,31,25.9,19.5,–,19.5,9.74,8.15,9.74,–,–,229,229,305,–,–,–,–,–,0.583
L,L3X3X1/4,L3X3X1/4,–,4.9,1.44,3,–,–,–,–,–,–,–,3,–,–,–,–,–,–,0.25,–,–,0.625,0.625,–,0.836,0.836,–,0.24,0.24,–,12,–,–,–,–,1.23,1.02,0.569,0.926,1.23,1.02,0.569,0.926,0.49,0.585,0.415,0.0313,0.0206,–,–,–,–,–,–,–,1.65,0.63,1,1.97,2.03,0,2.03,1.03,1.18,1.03,0.97,–,0.97,0.476,0.415,0.476,–,–,9,9,12,–,–,–,–,–,L76X76X6.4,L76X76X6.4,7.3,929,76.2,–,–,–,–,–,–,–,76.2,–,–,–,–,–,–,6.35,–,–,15.9,15.9,–,21.2,21.2,–,6.1,6.1,–,12,–,–,–,–,0.512,16.7,9.32,23.5,0.512,16.7,9.32,23.5,0.204,14.9,6.8,13,0.00553,–,–,–,–,–,–,–,41.9,0.63,1,0.82,51.6,0,51.6,26.2,30,26.2,15.9,–,15.9,7.8,6.8,7.8,–,–,229,229,305,–,–,–,–,–,0.585
L,L3X3X3/16,L3X3X3/16,–,3.71,1.09,3,–,–,–,–,–,–,–,3,–,–,–,–,–,–,0.188,–,–,0.563,0.5625,–,0.812,0.812,–,0.182,0.182,–,16,–,–,–,–,0.948,0.774,0.433,0.933,0.948,0.774,0.433,0.933,0.373,0.586,0.324,0.0136,0.00899,–,–,–,–,–,–,–,1.67,0.63,1,1.52,2.05,0,2.05,1.04,1.15,1.04,0.741,–,0.741,0.359,0.324,0.359,–,–,9,9,12,–,–,–,–,–,L76X76X4.8,L76X76X4.8,5.5,703,76.2,–,–,–,–,–,–,–,76.2,–,–,–,–,–,–,4.76,–,–,14.3,14.3,–,20.6,20.6,–,4.62,4.62,–,16,–,–,–,–,0.395,12.7,7.1,23.7,0.395,12.7,7.1,23.7,0.155,14.9,5.34,5.66,0.00241,–,–,–,–,–,–,–,42.4,0.63,1,0.633,52.1,0,52.1,26.4,29.2,26.4,12.1,–,12.1,5.88,5.31,5.88,–,–,229,229,305,–,–,–,–,–,0.586
L,L3X2-1/2X1/2,L3X2-1/2X1/2,–,8.5,2.5,2.5,–,–,–,–,–,–,–,3,–,–,–,–,–,–,0.5,–,–,0.875,0.875,–,0.746,0.995,–,0.417,0.5,–,6,–,–,–,–,2.07,1.86,1.03,0.91,1.29,1.34,0.736,0.718,0.665,0.516,0.568,0.213,0.112,–,–,–,–,–,–,–,1.46,–,0.666,2.69,1.59,0.414,1.94,1.05,1.17,0.7,1.69,6.5,1.39,0.633,0.568,0.95,–,–,8.5,8,11,–,–,–,–,–,L76X64X12.7,L76X64X12.7,12.6,1610,63.5,–,–,–,–,–,–,–,76.2,–,–,–,–,–,–,12.7,–,–,22.2,22.2,–,18.9,25.3,–,10.6,12.7,–,6,–,–,–,–,0.862,30.5,16.9,23.1,0.537,22.0,12.1,18.2,0.277,13.1,9.31,88.7,0.0301,–,–,–,–,–,–,–,37.1,–,0.666,1.12,40.4,10.5,49.3,26.7,29.7,17.8,27.7,107,22.8,10.4,9.31,15.6,–,–,216,203,279,–,–,–,–,–,0.516
L,L3X2-1/2X7/16,L3X2-1/2X7/16,–,7.6,2.22,2.5,–,–,–,–,–,–,–,3,–,–,–,–,–,–,0.438,–,–,0.813,0.8125,–,0.724,0.972,–,0.37,0.463,–,6.85,–,–,–,–,1.87,1.66,0.921,0.917,1.17,1.19,0.656,0.724,0.594,0.516,0.521,0.146,0.0777,–,–,–,–,–,–,–,1.48,–,0.671,2.45,1.62,0.403,1.97,1.05,1.14,0.712,1.51,6.08,1.24,0.566,0.521,0.834,–,–,8.5,8,11,–,–,–,–,–,L76X64X11.1,L76X64X11.1,11.3,1430,63.5,–,–,–,–,–,–,–,76.2,–,–,–,–,–,–,11.1,–,–,20.7,20.6,–,18.4,24.7,–,9.4,11.8,–,6.85,–,–,–,–,0.778,27.2,15.1,23.3,0.487,19.5,10.7,18.4,0.247,13.1,8.47,60.8,0.0209,–,–,–,–,–,–,–,37.6,–,0.671,1.02,41.1,10.2,50,26.7,29,18.1,24.7,99.7,20.3,9.28,8.54,13.7,–,–,216,203,279,–,–,–,–,–,0.516
L,L3X2-1/2X3/8,L3X2-1/2X3/8,–,6.6,1.93,2.5,–,–,–,–,–,–,–,3,–,–,–,–,–,–,0.375,–,–,0.75,0.75,–,0.701,0.949,–,0.322,0.427,–,8,–,–,–,–,1.65,1.45,0.803,0.924,1.03,1.03,0.573,0.731,0.514,0.517,0.463,0.0943,0.0507,–,–,–,–,–,–,–,1.49,–,0.675,2.17,1.64,0.395,1.99,1.07,1.11,0.72,1.32,5.49,1.09,0.48,0.463,0.714,–,–,8.5,8,11,–,–,–,–,–,L76X64X9.5,L76X64X9.5,9.8,1250,63.5,–,–,–,–,–,–,–,76.2,–,–,–,–,–,–,9.53,–,–,19.1,19.1,–,17.8,24.1,–,8.18,10.8,–,8,–,–,–,–,0.687,23.8,13.2,23.5,0.429,16.9,9.39,18.6,0.214,13.1,7.59,39.3,0.0136,–,–,–,–,–,–,–,37.8,–,0.675,0.903,41.7,10,50.5,27.2,28.2,18.3,21.6,90,17.9,7.87,7.59,11.7,–,–,216,203,279,–,–,–,–,–,0.517
L,L3X2-1/2X5/16,L3X2-1/2X5/16,–,5.6,1.63,2.5,–,–,–,–,–,–,–,3,–,–,–,–,–,–,0.313,–,–,0.688,0.6875,–,0.677,0.925,–,0.272,0.392,–,9.58,–,–,–,–,1.41,1.23,0.681,0.932,0.888,0.873,0.487,0.739,0.435,0.518,0.403,0.056,0.0304,–,–,–,–,–,–,–,1.51,–,0.679,1.86,1.66,0.383,2.01,1.07,1.08,0.739,1.12,4.86,0.925,0.407,0.403,0.589,–,–,8.5,8,11,–,–,–,–,–,L76X64X7.9,L76X64X7.9,8.3,1050,63.5,–,–,–,–,–,–,–,76.2,–,–,–,–,–,–,7.94,–,–,17.5,17.5,–,17.2,23.5,–,6.91,9.96,–,9.58,–,–,–,–,0.587,20.2,11.2,23.7,0.37,14.3,7.98,18.8,0.181,13.2,6.62,23.3,0.00816,–,–,–,–,–,–,–,38.4,–,0.679,0.774,42.2,9.73,51.1,27.2,27.4,18.8,18.4,79.7,15.2,6.67,6.6,9.65,–,–,216,203,279,–,–,–,–,–,0.518
L,L3X2-1/2X1/4,L3X2-1/2X1/4,–,4.5,1.32,2.5,–,–,–,–,–,–,–,3,–,–,–,–,–,–,0.25,–,–,0.625,0.625,–,0.653,0.9,–,0.22,0.36,–,12,–,–,–,–,1.16,1.0,0.555,0.94,0.734,0.707,0.397,0.746,0.355,0.52,0.329,0.0296,0.0161,–,–,–,–,–,–,–,1.52,–,0.683,1.54,1.68,0.373,2.03,1.08,1.05,0.753,0.917,4.13,0.759,0.329,0.338,0.471,–,–,8.5,8,11,–,–,–,–,–,L76X64X6.4,L76X64X6.4,6.7,852,63.5,–,–,–,–,–,–,–,76.2,–,–,–,–,–,–,6.35,–,–,15.9,15.9,–,16.6,22.9,–,5.59,9.14,–,12,–,–,–,–,0.483,16.4,9.09,23.9,0.306,11.6,6.51,18.9,0.148,13.2,5.36,12.3,0.00432,–,–,–,–,–,–,–,38.6,–,0.683,0.641,42.7,9.47,51.6,27.4,26.7,19.1,15,67.7,12.4,5.39,5.54,7.72,–,–,216,203,279,–,–,–,–,–,0.52
L,L3X2-1/2X3/16,L3X2-1/2X3/16,–,3.39,1.0,2.5,–,–,–,–,–,–,–,3,–,–,–,–,–,–,0.188,–,–,0.563,0.5625,–,0.627,0.874,–,0.167,0.333,–,16,–,–,–,–,0.899,0.761,0.423,0.947,0.568,0.536,0.303,0.753,0.271,0.521,0.246,0.013,0.00705,–,–,–,–,–,–,–,1.54,–,0.687,1.2,1.7,0.365,2.05,1.1,1.01,0.765,0.706,3.29,0.585,0.246,0.268,0.354,–,–,8.5,8,11,–,–,–,–,–,L76X64X4.8,L76X64X4.8,5.1,645,63.5,–,–,–,–,–,–,–,76.2,–,–,–,–,–,–,4.76,–,–,14.3,14.3,–,15.9,22.2,–,4.24,8.46,–,16,–,–,–,–,0.374,12.5,6.93,24.1,0.236,8.78,4.97,19.1,0.113,13.2,4.05,5.41,0.00189,–,–,–,–,–,–,–,39.1,–,0.687,0.499,43.2,9.27,52.1,27.9,25.7,19.4,11.6,53.9,9.59,4.03,4.39,5.8,–,–,216,203,279,–,–,–,–,–,0.521
L,L3X2X1/2,L3X2X1/2,–,7.7,2.26,2,–,–,–,–,–,–,–,3,–,–,–,–,–,–,0.5,–,–,0.813,0.8125,–,0.58,1.08,–,0.377,0.74,–,6,–,–,–,–,1.92,1.78,1.0,0.922,0.667,0.887,0.47,0.543,0.409,0.425,0.411,0.192,0.0908,–,–,–,–,–,–,–,1.39,–,0.413,2.18,1.31,0.776,1.9,0.995,0.949,0.429,1.66,2.81,1.15,0.411,0.431,0.953,–,–,8,7,10,–,–,–,–,–,L76X51X12.7,L76X51X12.7,11.5,1460,50.8,–,–,–,–,–,–,–,76.2,–,–,–,–,–,–,12.7,–,–,20.7,20.6,–,14.7,27.4,–,9.58,18.8,–,6,–,–,–,–,0.799,29.2,16.4,23.4,0.278,14.5,7.7,13.8,0.17,10.8,6.74,79.9,0.0244,–,–,–,–,–,–,–,35.3,–,0.413,0.907,33.3,19.7,48.3,25.3,24.1,10.9,27.2,46,18.8,6.74,7.06,15.6,–,–,203,178,254,–,–,–,–,–,0.425
L,L3X2X3/8,L3X2X3/8,–,5.9,1.75,2,–,–,–,–,–,–,–,3,–,–,–,–,–,–,0.375,–,–,0.688,0.6875,–,0.535,1.03,–,0.292,0.667,–,8,–,–,–,–,1.54,1.39,0.779,0.937,0.539,0.679,0.368,0.555,0.319,0.426,0.313,0.0855,0.0413,–,–,–,–,–,–,–,1.42,–,0.426,1.76,1.35,0.739,1.95,1.02,0.895,0.45,1.3,2.38,0.903,0.313,0.356,0.709,–,–,8,7,10,–,–,–,–,–,L76X51X9.5,L76X51X9.5,8.8,1130,50.8,–,–,–,–,–,–,–,76.2,–,–,–,–,–,–,9.53,–,–,17.5,17.5,–,13.6,26.2,–,7.42,16.9,–,8,–,–,–,–,0.641,22.8,12.8,23.8,0.224,11.1,6.03,14.1,0.133,10.8,5.13,35.6,0.0111,–,–,–,–,–,–,–,36.1,–,0.426,0.733,34.3,18.8,49.5,25.9,22.7,11.4,21.3,39,14.8,5.13,5.83,11.6,–,–,203,178,254,–,–,–,–,–,0.426
L,L3X2X5/16,L3X2X5/16,–,5.0,1.48,2,–,–,–,–,–,–,–,3,–,–,–,–,–,–,0.313,–,–,0.625,0.625,–,0.511,1.01,–,0.247,0.632,–,9.58,–,–,–,–,1.32,1.19,0.662,0.945,0.467,0.572,0.314,0.562,0.271,0.428,0.263,0.051,0.0248,–,–,–,–,–,–,–,1.43,–,0.432,1.52,1.37,0.724,1.97,1.03,0.87,0.465,1.11,2.1,0.772,0.263,0.311,0.583,–,–,8,7,10,–,–,–,–,–,L76X51X7.9,L76X51X7.9,7.4,955,50.8,–,–,–,–,–,–,–,76.2,–,–,–,–,–,–,7.94,–,–,15.9,15.9,–,13,25.7,–,6.27,16.1,–,9.58,–,–,–,–,0.549,19.5,10.8,24.0,0.194,9.37,5.15,14.3,0.113,10.9,4.33,21.2,0.00666,–,–,–,–,–,–,–,36.3,–,0.432,0.633,34.8,18.4,50,26.2,22.1,11.8,18.2,34.4,12.7,4.31,5.1,9.56,–,–,203,178,254,–,–,–,–,–,0.428
L,L3X2X1/4,L3X2X1/4,–,4.1,1.2,2,–,–,–,–,–,–,–,3,–,–,–,–,–,–,0.25,–,–,0.563,0.5625,–,0.487,0.98,–,0.2,0.6,–,12,–,–,–,–,1.09,0.969,0.541,0.953,0.39,0.463,0.258,0.569,0.223,0.431,0.214,0.027,0.0132,–,–,–,–,–,–,–,1.45,–,0.437,1.26,1.39,0.702,2,1.04,0.84,0.48,0.906,1.79,0.63,0.214,0.265,0.465,–,–,8,7,10,–,–,–,–,–,L76X51X6.4,L76X51X6.4,6.1,774,50.8,–,–,–,–,–,–,–,76.2,–,–,–,–,–,–,6.35,–,–,14.3,14.3,–,12.4,24.9,–,5.08,15.2,–,12,–,–,–,–,0.454,15.9,8.87,24.2,0.162,7.59,4.23,14.5,0.0928,10.9,3.51,11.2,0.00354,–,–,–,–,–,–,–,36.8,–,0.437,0.524,35.3,17.8,50.8,26.4,21.3,12.2,14.8,29.3,10.3,3.51,4.34,7.62,–,–,203,178,254,–,–,–,–,–,0.431
L,L3X2X3/16,L3X2X3/16,–,3.07,0.917,2,–,–,–,–,–,–,–,3,–,–,–,–,–,–,0.188,–,–,0.5,0.5,–,0.462,0.952,–,0.153,0.555,–,16,–,–,–,–,0.847,0.743,0.414,0.961,0.305,0.351,0.198,0.577,0.173,0.435,0.163,0.0119,0.00576,–,–,–,–,–,–,–,1.46,–,0.442,0.979,1.41,0.683,2.02,1.06,0.808,0.493,0.694,1.43,0.485,0.163,0.214,0.351,–,–,8,7,10,–,–,–,–,–,L76X51X4.8,L76X51X4.8,4.6,592,50.8,–,–,–,–,–,–,–,76.2,–,–,–,–,–,–,4.76,–,–,12.7,12.7,–,11.7,24.2,–,3.89,14.1,–,16,–,–,–,–,0.353,12.2,6.78,24.4,0.127,5.75,3.24,14.7,0.072,11,2.67,4.95,0.00155,–,–,–,–,–,–,–,37.1,–,0.442,0.407,35.8,17.3,51.3,26.9,20.5,12.5,11.4,23.4,7.95,2.67,3.51,5.75,–,–,203,178,254,–,–,–,–,–,0.435
L,L2-1/2X2-1/2X1/2,L2-1/2X2-1/2X1/2,–,7.7,2.26,2.5,–,–,–,–,–,–,–,2.5,–,–,–,–,–,–,0.5,–,–,0.75,0.75,–,0.803,0.803,–,0.452,0.452,–,5,–,–,–,–,1.22,1.29,0.716,0.735,1.22,1.29,0.716,0.735,0.526,0.481,0.461,0.188,0.0791,–,–,–,–,–,–,–,1.3,0.64,1,1.92,1.59,0,1.59,0.809,1.14,0.809,1.21,–,1.21,0.65,0.461,0.65,–,–,7.5,7.5,10,–,–,–,–,–,L64X64X12.7,L64X64X12.7,11.4,1460,63.5,–,–,–,–,–,–,–,63.5,–,–,–,–,–,–,12.7,–,–,19.1,19.1,–,20.4,20.4,–,11.5,11.5,–,5,–,–,–,–,0.508,21.1,11.7,18.7,0.508,21.1,11.7,18.7,0.219,12.2,7.52,78.3,0.0212,–,–,–,–,–,–,–,33,0.64,1,0.799,40.4,0,40.4,20.5,29,20.5,19.8,–,19.8,10.7,7.56,10.7,–,–,191,191,254,–,–,–,–,–,0.481
L,L2-1/2X2-1/2X3/8,L2-1/2X2-1/2X3/8,–,5.9,1.73,2.5,–,–,–,–,–,–,–,2.5,–,–,–,–,–,–,0.375,–,–,0.625,0.625,–,0.758,0.758,–,0.346,0.346,–,6.67,–,–,–,–,0.972,1.01,0.558,0.749,0.972,1.01,0.558,0.749,0.4,0.481,0.374,0.0833,0.0362,–,–,–,–,–,–,–,1.33,0.63,1,1.54,1.64,0,1.64,0.828,1.07,0.828,0.939,–,0.939,0.483,0.374,0.483,–,–,7.5,7.5,10,–,–,–,–,–,L64X64X9.5,L64X64X9.5,8.7,1120,63.5,–,–,–,–,–,–,–,63.5,–,–,–,–,–,–,9.53,–,–,15.9,15.9,–,19.3,19.3,–,8.79,8.79,–,6.67,–,–,–,–,0.405,16.6,9.14,19.0,0.405,16.6,9.14,19.0,0.166,12.2,6.11,34.7,0.00972,–,–,–,–,–,–,–,33.8,0.63,1,0.641,41.7,0,41.7,21,27.2,21,15.4,–,15.4,7.92,6.13,7.91,–,–,191,191,254,–,–,–,–,–,0.481
L,L2-1/2X2-1/2X5/16,L2-1/2X2-1/2X5/16,–,5.0,1.46,2.5,–,–,–,–,–,–,–,2.5,–,–,–,–,–,–,0.313,–,–,0.563,0.5625,–,0.735,0.735,–,0.292,0.292,–,7.99,–,–,–,–,0.837,0.853,0.474,0.756,0.837,0.853,0.474,0.756,0.338,0.481,0.325,0.0495,0.0218,–,–,–,–,–,–,–,1.35,0.63,1,1.34,1.66,0,1.66,0.839,1.04,0.839,0.807,–,0.807,0.403,0.325,0.403,–,–,7.5,7.5,10,–,–,–,–,–,L64X64X7.9,L64X64X7.9,7.4,942,63.5,–,–,–,–,–,–,–,63.5,–,–,–,–,–,–,7.94,–,–,14.3,14.3,–,18.7,18.7,–,7.42,7.42,–,7.99,–,–,–,–,0.348,14.0,7.77,19.2,0.348,14.0,7.77,19.2,0.141,12.2,5.34,20.6,0.00585,–,–,–,–,–,–,–,34.3,0.63,1,0.558,42.2,0,42.2,21.3,26.4,21.3,13.2,–,13.2,6.6,5.33,6.6,–,–,191,191,254,–,–,–,–,–,0.481
L,L2-1/2X2-1/2X1/4,L2-1/2X2-1/2X1/4,–,4.1,1.19,2.5,–,–,–,–,–,–,–,2.5,–,–,–,–,–,–,0.25,–,–,0.5,0.5,–,0.711,0.711,–,0.238,0.238,–,10,–,–,–,–,0.692,0.695,0.387,0.764,0.692,0.695,0.387,0.764,0.276,0.482,0.273,0.0261,0.0116,–,–,–,–,–,–,–,1.36,0.63,1,1.11,1.68,0,1.68,0.851,1.01,0.851,0.661,–,0.661,0.324,0.273,0.324,–,–,7.5,7.5,10,–,–,–,–,–,L64X64X6.4,L64X64X6.4,6.1,768,63.5,–,–,–,–,–,–,–,63.5,–,–,–,–,–,–,6.35,–,–,12.7,12.7,–,18.1,18.1,–,6.05,6.05,–,10,–,–,–,–,0.288,11.4,6.34,19.4,0.288,11.4,6.34,19.4,0.115,12.2,4.49,10.9,0.00312,–,–,–,–,–,–,–,34.5,0.63,1,0.462,42.7,0,42.7,21.6,25.7,21.6,10.8,–,10.8,5.31,4.47,5.31,–,–,191,191,254,–,–,–,–,–,0.482
L,L2-1/2X2-1/2X3/16,L2-1/2X2-1/2X3/16,–,3.07,0.901,2.5,–,–,–,–,–,–,–,2.5,–,–,–,–,–,–,0.188,–,–,0.438,0.4375,–,0.687,0.687,–,0.18,0.18,–,13.3,–,–,–,–,0.535,0.529,0.295,0.771,0.535,0.529,0.295,0.771,0.209,0.482,0.215,0.0114,0.0051,–,–,–,–,–,–,–,1.38,0.63,1,0.86,1.7,0,1.7,0.863,0.972,0.863,0.506,–,0.506,0.242,0.215,0.242,–,–,7.5,7.5,10,–,–,–,–,–,L64X64X4.8,L64X64X4.8,4.6,581,63.5,–,–,–,–,–,–,–,63.5,–,–,–,–,–,–,4.76,–,–,11.1,11.1,–,17.4,17.4,–,4.57,4.57,–,13.3,–,–,–,–,0.223,8.67,4.83,19.6,0.223,8.67,4.83,19.6,0.087,12.2,3.54,4.75,0.00137,–,–,–,–,–,–,–,35.1,0.63,1,0.358,43.2,0,43.2,21.9,24.7,21.9,8.29,–,8.29,3.97,3.52,3.97,–,–,191,191,254,–,–,–,–,–,0.482
L,L2-1/2X2X3/8,L2-1/2X2X3/8,–,5.3,1.55,2,–,–,–,–,–,–,–,2.5,–,–,–,–,–,–,0.375,–,–,0.625,0.625,–,0.578,0.826,–,0.31,0.433,–,6.67,–,–,–,–,0.914,0.982,0.546,0.766,0.513,0.657,0.361,0.574,0.273,0.419,0.295,0.0746,0.0268,–,–,–,–,–,–,–,1.22,–,0.612,1.15,1.29,0.403,1.63,0.88,0.924,0.541,0.891,2.85,0.706,0.31,0.295,0.505,–,–,7,6.5,9,–,–,–,–,–,L64X51X9.5,L64X51X9.5,7.9,1000,50.8,–,–,–,–,–,–,–,63.5,–,–,–,–,–,–,9.53,–,–,15.9,15.9,–,14.7,21,–,7.87,11,–,6.67,–,–,–,–,0.38,16.1,8.95,19.5,0.214,10.8,5.92,14.6,0.114,10.6,4.83,31.1,0.0072,–,–,–,–,–,–,–,31,–,0.612,0.479,32.8,10.2,41.4,22.4,23.5,13.7,14.6,46.7,11.6,5.08,4.83,8.28,–,–,178,165,229,–,–,–,–,–,0.419
L,L2-1/2X2X5/16,L2-1/2X2X5/16,–,4.5,1.32,2,–,–,–,–,–,–,–,2.5,–,–,–,–,–,–,0.313,–,–,0.563,0.5625,–,0.555,0.803,–,0.264,0.388,–,7.99,–,–,–,–,0.79,0.839,0.465,0.774,0.446,0.557,0.309,0.581,0.233,0.42,0.261,0.0444,0.0162,–,–,–,–,–,–,–,1.23,–,0.618,1,1.31,0.391,1.65,0.889,0.894,0.554,0.763,2.56,0.606,0.262,0.261,0.421,–,–,7,6.5,9,–,–,–,–,–,L64X51X7.9,L64X51X7.9,6.7,852,50.8,–,–,–,–,–,–,–,63.5,–,–,–,–,–,–,7.94,–,–,14.3,14.3,–,14.1,20.4,–,6.71,9.86,–,7.99,–,–,–,–,0.329,13.7,7.62,19.7,0.186,9.13,5.06,14.8,0.097,10.7,4.26,18.5,0.00435,–,–,–,–,–,–,–,31.2,–,0.618,0.416,33.3,9.93,41.9,22.6,22.7,14.1,12.5,42,9.93,4.29,4.28,6.9,–,–,178,165,229,–,–,–,–,–,0.42
L,L2-1/2X2X1/4,L2-1/2X2X1/4,–,3.62,1.07,2,–,–,–,–,–,–,–,2.5,–,–,–,–,–,–,0.25,–,–,0.5,0.5,–,0.532,0.779,–,0.214,0.36,–,10,–,–,–,–,0.656,0.688,0.381,0.782,0.372,0.454,0.253,0.589,0.192,0.423,0.213,0.0235,0.00868,–,–,–,–,–,–,–,1.25,–,0.624,0.837,1.33,0.38,1.68,0.9,0.864,0.565,0.629,2.2,0.498,0.213,0.222,0.34,–,–,7,6.5,9,–,–,–,–,–,L64X51X6.4,L64X51X6.4,5.4,690,50.8,–,–,–,–,–,–,–,63.5,–,–,–,–,–,–,6.35,–,–,12.7,12.7,–,13.5,19.8,–,5.44,9.14,–,10,–,–,–,–,0.273,11.3,6.24,19.9,0.155,7.44,4.15,15.0,0.0799,10.7,3.49,9.78,0.00233,–,–,–,–,–,–,–,31.8,–,0.624,0.348,33.8,9.65,42.7,22.9,21.9,14.4,10.3,36.1,8.16,3.49,3.64,5.57,–,–,178,165,229,–,–,–,–,–,0.423
L,L2-1/2X2X3/16,L2-1/2X2X3/16,–,2.75,0.818,2,–,–,–,–,–,–,–,2.5,–,–,–,–,–,–,0.188,–,–,0.438,0.4375,–,0.508,0.754,–,0.164,0.319,–,13.3,–,–,–,–,0.511,0.529,0.293,0.79,0.292,0.347,0.195,0.597,0.148,0.426,0.162,0.0103,0.00382,–,–,–,–,–,–,–,1.26,–,0.628,0.654,1.35,0.367,1.7,0.911,0.832,0.58,0.484,1.78,0.385,0.162,0.178,0.255,–,–,7,6.5,9,–,–,–,–,–,L64X51X4.8,L64X51X4.8,4.2,528,50.8,–,–,–,–,–,–,–,63.5,–,–,–,–,–,–,4.76,–,–,11.1,11.1,–,12.9,19.2,–,4.17,8.1,–,13.3,–,–,–,–,0.213,8.67,4.8,20.1,0.122,5.69,3.2,15.2,0.0616,10.8,2.67,4.29,0.00103,–,–,–,–,–,–,–,32,–,0.628,0.272,34.3,9.32,43.2,23.1,21.1,14.7,7.93,29.2,6.31,2.65,2.92,4.18,–,–,178,165,229,–,–,–,–,–,0.426
L,L2-1/2X1-1/2X1/4,L2-1/2X1-1/2X1/4,–,3.19,0.947,1.5,–,–,–,–,–,–,–,2.5,–,–,–,–,–,–,0.25,–,–,0.5,0.5,–,0.372,0.866,–,0.189,0.606,–,10,–,–,–,–,0.594,0.644,0.364,0.792,0.16,0.261,0.142,0.411,0.0977,0.321,0.12,0.0209,0.00694,–,–,–,–,–,–,–,1.19,–,0.354,0.656,1.08,0.692,1.62,0.816,0.64,0.313,0.607,0.948,0.405,0.12,0.153,0.312,–,–,6.5,5.5,8,–,–,–,–,–,L64X38X6.4,L64X38X6.4,4.8,611,38.1,–,–,–,–,–,–,–,63.5,–,–,–,–,–,–,6.35,–,–,12.7,12.7,–,9.45,22,–,4.8,15.4,–,10,–,–,–,–,0.247,10.6,5.96,20.1,0.0666,4.28,2.33,10.4,0.0407,8.15,1.95,8.7,0.00186,–,–,–,–,–,–,–,30.2,–,0.354,0.273,27.4,17.6,41.1,20.7,16.3,7.95,9.95,15.5,6.64,1.97,2.51,5.11,–,–,165,140,203,–,–,–,–,–,0.321
L,L2-1/2X1-1/2X3/16,L2-1/2X1-1/2X3/16,–,2.44,0.724,1.5,–,–,–,–,–,–,–,2.5,–,–,–,–,–,–,0.188,–,–,0.438,0.4375,–,0.347,0.839,–,0.145,0.569,–,13.3,–,–,–,–,0.464,0.497,0.28,0.801,0.126,0.198,0.11,0.418,0.0754,0.324,0.0906,0.00921,0.00306,–,–,–,–,–,–,–,1.2,–,0.36,0.514,1.09,0.671,1.65,0.832,0.611,0.326,0.472,0.766,0.312,0.0906,0.123,0.231,–,–,6.5,5.5,8,–,–,–,–,–,L64X38X4.8,L64X38X4.8,3.6,467,38.1,–,–,–,–,–,–,–,63.5,–,–,–,–,–,–,4.76,–,–,11.1,11.1,–,8.81,21.3,–,3.68,14.5,–,13.3,–,–,–,–,0.193,8.14,4.59,20.3,0.0524,3.24,1.8,10.6,0.0314,8.23,1.5,3.83,0.000822,–,–,–,–,–,–,–,30.5,–,0.36,0.214,27.7,17,41.9,21.1,15.5,8.28,7.74,12.6,5.11,1.48,2.02,3.79,–,–,165,140,203,–,–,–,–,–,0.324
L,L2X2X3/8,L2X2X3/8,–,4.7,1.37,2,–,–,–,–,–,–,–,2,–,–,–,–,–,–,0.375,–,–,0.625,0.625,–,0.632,0.632,–,0.343,0.343,–,5.33,–,–,–,–,0.476,0.629,0.348,0.591,0.476,0.629,0.348,0.591,0.203,0.386,0.227,0.0658,0.0174,–,–,–,–,–,–,–,1.05,0.64,1,0.749,1.28,0,1.28,0.653,0.894,0.653,0.585,–,0.585,0.311,0.227,0.311,–,–,6,6,8,–,–,–,–,–,L51X51X9.5,L51X51X9.5,7.0,884,50.8,–,–,–,–,–,–,–,50.8,–,–,–,–,–,–,9.53,–,–,15.9,15.9,–,16.1,16.1,–,8.71,8.71,–,5.33,–,–,–,–,0.198,10.3,5.7,15.0,0.198,10.3,5.7,15.0,0.0845,9.8,3.72,27.4,0.00467,–,–,–,–,–,–,–,26.7,0.64,1,0.312,32.5,0,32.5,16.6,22.7,16.6,9.59,–,9.59,5.1,3.72,5.1,–,–,152,152,203,–,–,–,–,–,0.386
L,L2X2X5/16,L2X2X5/16,–,3.92,1.16,2,–,–,–,–,–,–,–,2,–,–,–,–,–,–,0.313,–,–,0.563,0.5625,–,0.609,0.609,–,0.29,0.29,–,6.39,–,–,–,–,0.414,0.537,0.298,0.598,0.414,0.537,0.298,0.598,0.172,0.386,0.2,0.0393,0.0106,–,–,–,–,–,–,–,1.06,0.64,1,0.655,1.3,0,1.3,0.664,0.861,0.664,0.504,–,0.504,0.259,0.2,0.259,–,–,6,6,8,–,–,–,–,–,L51X51X7.9,L51X51X7.9,5.8,748,50.8,–,–,–,–,–,–,–,50.8,–,–,–,–,–,–,7.94,–,–,14.3,14.3,–,15.5,15.5,–,7.37,7.37,–,6.39,–,–,–,–,0.172,8.8,4.88,15.2,0.172,8.8,4.88,15.2,0.0716,9.8,3.28,16.4,0.00285,–,–,–,–,–,–,–,26.9,0.64,1,0.273,33,0,33,16.9,21.9,16.9,8.26,–,8.26,4.24,3.28,4.24,–,–,152,152,203,–,–,–,–,–,0.386
L,L2X2X1/4,L2X2X1/4,–,3.19,0.944,2,–,–,–,–,–,–,–,2,–,–,–,–,–,–,0.25,–,–,0.5,0.5,–,0.586,0.586,–,0.236,0.236,–,8,–,–,–,–,0.346,0.44,0.244,0.605,0.346,0.44,0.244,0.605,0.142,0.387,0.171,0.0209,0.00572,–,–,–,–,–,–,–,1.08,0.63,1,0.551,1.33,0,1.33,0.674,0.829,0.674,0.414,–,0.414,0.211,0.171,0.211,–,–,6,6,8,–,–,–,–,–,L51X51X6.4,L51X51X6.4,4.7,609,50.8,–,–,–,–,–,–,–,50.8,–,–,–,–,–,–,6.35,–,–,12.7,12.7,–,14.9,14.9,–,5.99,5.99,–,8,–,–,–,–,0.144,7.21,4.0,15.4,0.144,7.21,4.0,15.4,0.0591,9.83,2.8,8.7,0.00154,–,–,–,–,–,–,–,27.4,0.63,1,0.229,33.8,0,33.8,17.1,21.1,17.1,6.79,–,6.79,3.46,2.8,3.46,–,–,152,152,203,–,–,–,–,–,0.387
L,L2X2X3/16,L2X2X3/16,–,2.44,0.722,2,–,–,–,–,–,–,–,2,–,–,–,–,–,–,0.188,–,–,0.438,0.4375,–,0.561,0.561,–,0.181,0.181,–,10.6,–,–,–,–,0.271,0.338,0.188,0.612,0.271,0.338,0.188,0.612,0.109,0.389,0.137,0.00921,0.00254,–,–,–,–,–,–,–,1.09,0.63,1,0.433,1.35,0,1.35,0.687,0.793,0.687,0.321,–,0.321,0.159,0.137,0.159,–,–,6,6,8,–,–,–,–,–,L51X51X4.8,L51X51X4.8,3.6,466,50.8,–,–,–,–,–,–,–,50.8,–,–,–,–,–,–,4.76,–,–,11.1,11.1,–,14.2,14.2,–,4.6,4.6,–,10.6,–,–,–,–,0.113,5.54,3.08,15.5,0.113,5.54,3.08,15.5,0.0454,9.88,2.25,3.83,0.000682,–,–,–,–,–,–,–,27.7,0.63,1,0.18,34.3,0,34.3,17.4,20.1,17.4,5.26,–,5.26,2.61,2.25,2.61,–,–,152,152,203,–,–,–,–,–,0.389
L,L2X2X1/8,L2X2X1/8,–,1.65,0.491,2,–,–,–,–,–,–,–,2,–,–,–,–,–,–,0.125,–,–,0.375,0.375,–,0.534,0.534,–,0.123,0.123,–,16,–,–,–,–,0.189,0.23,0.129,0.62,0.189,0.23,0.129,0.62,0.0756,0.391,0.1,0.00293,0.000789,–,–,–,–,–,–,–,1.1,0.63,1,0.303,1.37,0,1.37,0.703,0.755,0.703,0.221,–,0.221,0.108,0.1,0.108,–,–,6,6,8,–,–,–,–,–,L51X51X3.2,L51X51X3.2,2.4,317,50.8,–,–,–,–,–,–,–,50.8,–,–,–,–,–,–,3.18,–,–,9.53,9.53,–,13.6,13.6,–,3.12,3.12,–,16,–,–,–,–,0.0787,3.77,2.11,15.7,0.0787,3.77,2.11,15.7,0.0315,9.93,1.63,1.22,0.000212,–,–,–,–,–,–,–,27.9,0.63,1,0.126,34.8,0,34.8,17.9,19.2,17.9,3.62,–,3.62,1.77,1.64,1.77,–,–,152,152,203,–,–,–,–,–,0.391
WT,WT22X204,WT22X204,T,204.0,59.9,22.4,22.375,–,–,–,16.1,16.125,–,–,–,1.22,1.25,0.625,2.17,2.1875,–,–,–,2.96,3.375,–,–,5.71,–,–,1.86,3.71,–,–,–,–,18.4,2670.0,286.0,160.0,6.68,758.0,148.0,94.2,3.56,–,,–,66.9,785,–,–,–,–,–,–,–,8.87,0.728,–,–,–,–,–,–,–,–,–,–,–,–,–,–,–,–,60.2,–,76.3,60.9,77,–,5.5,3,WT550X303.5,WT550X303.5,304.0,38600,569,568,–,–,–,409,410,–,–,–,31,31.8,15.9,55.1,55.6,–,–,–,75.2,85.7,–,–,145,–,–,47.2,3.71,–,–,–,–,18.4,1110.0,4690.0,2620.0,170.0,316.0,2430.0,1540.0,90.4,–,–,–,27800,211,–,–,–,–,–,–,–,225,0.728,–,–,–,–,–,–,–,–,–,–,–,–,–,–,–,–,1530,–,1940,1550,1960,–,140,76.2,3.56
WT,WT22X184,WT22X184,F,184.0,54.0,22.2,22.125,–,–,–,16,16,–,–,–,1.1,1.125,0.5625,1.97,2,–,–,–,2.76,3.1875,–,–,5.57,–,–,1.69,4.06,–,–,–,–,20.2,2380.0,255.0,143.0,6.64,675.0,132.0,84.4,3.54,–,,–,49.9,570,–,–,–,–,–,–,–,8.81,0.729,–,–,–,–,–,–,–,–,–,–,–,–,–,–,–,–,59.7,–,75.7,60.4,76.4,–,5.5,3,WT550X274,WT550X274,274.0,34800,564,562,–,–,–,406,406,–,–,–,27.9,28.6,14.3,50,50.8,–,–,–,70.1,81,–,–,141,–,–,42.9,4.06,–,–,–,–,20.2,991.0,4180.0,2340.0,169.0,281.0,2160.0,1380.0,89.9,–,–,–,20800,153,–,–,–,–,–,–,–,224,0.729,–,–,–,–,–,–,–,–,–,–,–,–,–,–,–,–,1520,–,1920,1530,1940,–,140,76.2,3.54
WT,WT22X167.5,WT22X167.5,F,167.5,49.2,22,22,–,–,–,15.9,16,–,–,–,1.03,1,0.5,1.77,1.75,–,–,–,2.56,3,–,–,5.53,–,–,1.54,4.5,–,–,–,–,21.4,2170.0,234.0,131.0,6.63,600.0,118.0,75.2,3.49,–,,–,37.2,438,–,–,–,–,–,–,–,8.82,0.723,–,–,–,–,–,–,–,–,–,–,–,–,–,–,–,–,58.9,–,74.8,59.9,75.8,–,5.5,3,WT550X249.5,WT550X249.5,250.0,31700,559,559,–,–,–,404,406,–,–,–,26.2,25.4,12.7,45,44.4,–,–,–,65,76.2,–,–,140,–,–,39.1,4.5,–,–,–,–,21.4,903.0,3830.0,2150.0,168.0,250.0,1930.0,1230.0,88.6,–,–,–,15500,118,–,–,–,–,–,–,–,224,0.723,–,–,–,–,–,–,–,–,–,–,–,–,–,–,–,–,1500,–,1900,1520,1930,–,140,76.2,3.49
WT,WT22X145,WT22X145,F,145.0,42.6,21.8,21.75,–,–,–,15.8,15.875,–,–,–,0.865,0.875,0.4375,1.58,1.5625,–,–,–,2.36,2.8125,–,–,5.26,–,–,1.35,5.02,–,–,–,–,25.2,1830.0,196.0,111.0,6.54,521.0,102.0,65.9,3.49,–,,–,25.4,275,–,–,–,–,–,–,–,8.66,0.733,–,–,–,–,–,–,–,–,–,–,–,–,–,–,–,–,58.4,–,74.2,59.400000000000006,75.2,–,5.5,3,WT550X216.5,WT550X216.5,217.0,27500,554,552,–,–,–,401,403,–,–,–,22,22.2,11.1,40.1,39.7,–,–,–,59.9,71.4,–,–,134,–,–,34.3,5.02,–,–,–,–,25.2,762.0,3210.0,1820.0,166.0,217.0,1670.0,1080.0,88.6,–,–,–,10600,73.8,–,–,–,–,–,–,–,220,0.733,–,–,–,–,–,–,–,–,–,–,–,–,–,–,–,–,1480,–,1880,1510,1910,–,140,76.2,3.49
WT,WT22X131,WT22X131,F,131.0,38.5,21.7,21.625,–,–,–,15.8,15.75,–,–,–,0.785,0.8125,0.4375,1.42,1.4375,–,–,–,2.2,2.625,–,–,5.19,–,–,1.22,5.57,–,–,–,–,27.6,1640.0,176.0,99.4,6.53,462.0,90.9,58.6,3.47,–,,–,18.6,200,–,–,–,–,–,–,–,8.64,0.731,–,–,–,–,–,–,–,–,–,–,–,–,–,–,–,–,58.2,–,74,59.2,75,–,5.5,3,WT550X195,WT550X195,195.0,24800,551,549,–,–,–,401,400,–,–,–,19.9,20.6,11.1,36.1,36.5,–,–,–,55.9,66.7,–,–,132,–,–,31,5.57,–,–,–,–,27.6,683.0,2880.0,1630.0,166.0,192.0,1490.0,960.0,88.1,–,–,–,7740,53.7,–,–,–,–,–,–,–,219,0.731,–,–,–,–,–,–,–,–,–,–,–,–,–,–,–,–,1480,–,1880,1500,1910,–,140,76.2,3.47
WT,WT22X115,WT22X115,F,115.0,33.9,21.5,21.5,–,–,–,15.8,15.75,–,–,–,0.71,0.6875,0.375,1.22,1.25,–,–,–,2.01,2.4375,–,–,5.17,–,–,1.07,6.45,–,–,–,–,30.3,1440.0,157.0,88.6,6.53,398.0,78.3,50.5,3.43,–,,–,12.4,139,–,–,–,–,–,–,–,8.67,0.723,–,–,–,–,–,–,–,–,–,–,–,–,–,–,–,–,57.8,–,73.6,58.8,74.6,–,5.5,3,WT550X171.5,WT550X171.5,172.0,21900,546,546,–,–,–,401,400,–,–,–,18,17.5,9.52,31,31.8,–,–,–,51.1,61.9,–,–,131,–,–,27.2,6.45,–,–,–,–,30.3,599.0,2570.0,1450.0,166.0,166.0,1280.0,828.0,87.1,–,–,–,5160,37.3,–,–,–,–,–,–,–,220,0.723,–,–,–,–,–,–,–,–,–,–,–,–,–,–,–,–,1470,–,1870,1490,1890,–,140,76.2,3.43
WT,WT20X327.5,WT20X327.5,T,327.5,96.4,21.8,21.75,–,–,–,16.9,16.875,–,–,–,1.97,2,1,3.54,3.5625,–,–,–,4.72,4.8125,–,–,5.85,–,–,2.85,2.39,–,–,–,–,11.1,3730.0,426.0,234.0,6.22,1440.0,271.0,170.0,3.86,–,,–,293,3190,–,–,–,–,–,–,–,8.38,0.763,–,–,–,–,–,–,–,–,–,–,–,–,–,–,–,–,59.5,–,76.4,60.50000000000001,77.4,–,7.5,3,WT500X488,WT500X488,488.0,62200,554,552,–,–,–,429,429,–,–,–,50,50.8,25.4,89.9,90.5,–,–,–,120,122,–,–,149,–,–,72.4,2.39,–,–,–,–,11.1,1550.0,6980.0,3840.0,158.0,599.0,4440.0,2790.0,98.0,–,–,–,122000,857,–,–,–,–,–,–,–,213,0.763,–,–,–,–,–,–,–,–,–,–,–,–,–,–,–,–,1510,–,1940,1540,1970,–,191,76.2,3.86
WT,WT20X296.5,WT20X296.5,T,296.5,87.2,21.5,21.5,–,–,–,16.7,16.75,–,–,–,1.79,1.8125,0.9375,3.23,3.25,–,–,–,4.41,4.5,–,–,5.66,–,–,2.61,2.58,–,–,–,–,12,3310.0,379.0,209.0,6.16,1260.0,240.0,151.0,3.8,–,,–,221,2340,–,–,–,–,–,–,–,8.29,0.762,–,–,–,–,–,–,–,–,–,–,–,–,–,–,–,–,58.7,–,75.4,59.7,76.4,–,7.5,3,WT500X441.5,WT500X441.5,442.0,56300,546,546,–,–,–,424,425,–,–,–,45.5,46,23.8,82,82.6,–,–,–,112,114,–,–,144,–,–,66.3,2.58,–,–,–,–,12,1380.0,6210.0,3420.0,156.0,524.0,3930.0,2470.0,96.5,–,–,–,92000,628,–,–,–,–,–,–,–,211,0.762,–,–,–,–,–,–,–,–,–,–,–,–,–,–,–,–,1490,–,1920,1520,1940,–,191,76.2,3.8
WT,WT20X251.5,WT20X251.5,T,251.5,74.0,21,21,–,–,–,16.4,16.375,–,–,–,1.54,1.5625,0.8125,2.76,2.75,–,–,–,3.94,4,–,–,5.38,–,–,2.25,2.98,–,–,–,–,13.6,2730.0,314.0,174.0,6.07,1020.0,197.0,124.0,3.72,–,,–,138,1400,–,–,–,–,–,–,–,8.17,0.76,–,–,–,–,–,–,–,–,–,–,–,–,–,–,–,–,57.4,–,73.8,58.4,74.8,–,7.5,3,WT500X374,WT500X374,374.0,47700,533,533,–,–,–,417,416,–,–,–,39.1,39.7,20.6,70.1,69.8,–,–,–,100,102,–,–,137,–,–,57.2,2.98,–,–,–,–,13.6,1140.0,5150.0,2850.0,154.0,425.0,3230.0,2030.0,94.5,–,–,–,57400,376,–,–,–,–,–,–,–,208,0.76,–,–,–,–,–,–,–,–,–,–,–,–,–,–,–,–,1460,–,1870,1480,1900,–,191,76.2,3.72
WT,WT20X215.5,WT20X215.5,T,215.5,63.3,20.6,20.5,–,–,–,16.2,16.25,–,–,–,1.34,1.3125,0.6875,2.36,2.375,–,–,–,3.54,3.625,–,–,5.18,–,–,1.95,3.44,–,–,–,–,15.4,2290.0,266.0,148.0,6.01,843.0,164.0,104.0,3.65,–,,–,88.2,881,–,–,–,–,–,–,–,8.09,0.756,–,–,–,–,–,–,–,–,–,–,–,–,–,–,–,–,56.4,–,72.6,57.39999999999999,73.6,–,7.5,3,WT500X321,WT500X321,321.0,40800,523,521,–,–,–,411,413,–,–,–,34,33.3,17.5,59.9,60.3,–,–,–,89.9,92.1,–,–,132,–,–,49.5,3.44,–,–,–,–,15.4,953.0,4360.0,2430.0,153.0,351.0,2690.0,1700.0,92.7,–,–,–,36700,237,–,–,–,–,–,–,–,205,0.756,–,–,–,–,–,–,–,–,–,–,–,–,–,–,–,–,1430,–,1840,1460,1870,–,191,76.2,3.65
WT,WT20X198.5,WT20X198.5,T,198.5,58.3,20.5,20.5,–,–,–,16.1,16.125,–,–,–,1.22,1.25,0.625,2.2,2.1875,–,–,–,3.38,3.5,–,–,5.03,–,–,1.81,3.66,–,–,–,–,16.8,2070.0,240.0,134.0,5.96,771.0,150.0,95.7,3.63,–,,–,70.6,677,–,–,–,–,–,–,–,8.01,0.76,–,–,–,–,–,–,–,–,–,–,–,–,–,–,–,–,56.1,–,72.2,57.1,73.2,–,7.5,3,WT500X295.5,WT500X295.5,296.0,37600,521,521,–,–,–,409,410,–,–,–,31,31.8,15.9,55.9,55.6,–,–,–,85.9,88.9,–,–,128,–,–,46,3.66,–,–,–,–,16.8,862.0,3930.0,2200.0,151.0,321.0,2460.0,1570.0,92.2,–,–,–,29400,182,–,–,–,–,–,–,–,203,0.76,–,–,–,–,–,–,–,–,–,–,–,–,–,–,–,–,1420,–,1830,1450,1860,–,191,76.2,3.63
WT,WT20X186,WT20X186,T,186.0,54.7,20.3,20.25,–,–,–,16.1,16.125,–,–,–,1.16,1.1875,0.625,2.05,2.0625,–,–,–,3.23,3.3125,–,–,4.98,–,–,1.7,3.93,–,–,–,–,17.5,1930.0,225.0,126.0,5.95,709.0,138.0,88.3,3.6,–,,–,57.7,558,–,–,–,–,–,–,–,8,0.756,–,–,–,–,–,–,–,–,–,–,–,–,–,–,–,–,55.7,–,71.8,56.70000000000001,72.80000000000001,–,7.5,3,WT500X277,WT500X277,277.0,35300,516,514,–,–,–,409,410,–,–,–,29.5,30.2,15.9,52.1,52.4,–,–,–,82,84.1,–,–,126,–,–,43.2,3.93,–,–,–,–,17.5,803.0,3690.0,2060.0,151.0,295.0,2260.0,1450.0,91.4,–,–,–,24000,150,–,–,–,–,–,–,–,203,0.756,–,–,–,–,–,–,–,–,–,–,–,–,–,–,–,–,1410,–,1820,1440,1850,–,191,76.2,3.6
WT,WT20X181,WT20X181,T,181.0,53.2,20.3,20.25,–,–,–,16,16,–,–,–,1.12,1.125,0.5625,2.01,2,–,–,–,3.19,3.25,–,–,4.91,–,–,1.66,3.99,–,–,–,–,18.1,1870.0,217.0,122.0,5.92,691.0,135.0,86.3,3.6,–,,–,54.2,511,–,–,–,–,–,–,–,7.96,0.759,–,–,–,–,–,–,–,–,–,–,–,–,–,–,–,–,55.6,–,71.6,56.599999999999994,72.6,–,7.5,3,WT500X269.5,WT500X269.5,270.0,34300,516,514,–,–,–,406,406,–,–,–,28.4,28.6,14.3,51.1,50.8,–,–,–,81,82.6,–,–,125,–,–,42.2,3.99,–,–,–,–,18.1,778.0,3560.0,2000.0,150.0,288.0,2210.0,1410.0,91.4,–,–,–,22600,137,–,–,–,–,–,–,–,202,0.759,–,–,–,–,–,–,–,–,–,–,–,–,–,–,–,–,1410,–,1820,1440,1840,–,191,76.2,3.6
WT,WT20X162,WT20X162,F,162.0,47.7,20.1,20,–,–,–,15.9,15.875,–,–,–,1,1,0.5,1.81,1.8125,–,–,–,2.99,3.0625,–,–,4.77,–,–,1.5,4.4,–,–,–,–,20.1,1650.0,192.0,108.0,5.88,609.0,119.0,76.6,3.57,–,,–,39.6,362,–,–,–,–,–,–,–,7.89,0.76,–,–,–,–,–,–,–,–,–,–,–,–,–,–,–,–,55.1,–,71,56.1,72,–,7.5,3,WT500X241.5,WT500X241.5,242.0,30800,511,508,–,–,–,404,403,–,–,–,25.4,25.4,12.7,46,46,–,–,–,75.9,77.8,–,–,121,–,–,38.1,4.4,–,–,–,–,20.1,687.0,3150.0,1770.0,149.0,253.0,1950.0,1260.0,90.7,–,–,–,16500,97.2,–,–,–,–,–,–,–,200,0.76,–,–,–,–,–,–,–,–,–,–,–,–,–,–,–,–,1400,–,1800,1420,1830,–,191,76.2,3.57
WT,WT20X148.5,WT20X148.5,F,148.5,43.6,19.9,19.875,–,–,–,15.8,15.875,–,–,–,0.93,0.9375,0.5,1.65,1.625,–,–,–,2.83,2.9375,–,–,4.71,–,–,1.38,4.8,–,–,–,–,21.4,1500.0,176.0,98.9,5.87,546.0,107.0,69.0,3.54,–,,–,30.5,279,–,–,–,–,–,–,–,7.88,0.756,–,–,–,–,–,–,–,–,–,–,–,–,–,–,–,–,54.6,–,70.4,55.60000000000001,71.4,–,7.5,3,WT500X221.5,WT500X221.5,222.0,28100,505,505,–,–,–,401,403,–,–,–,23.6,23.8,12.7,41.9,41.3,–,–,–,71.9,74.6,–,–,120,–,–,35.1,4.8,–,–,–,–,21.4,624.0,2880.0,1620.0,149.0,227.0,1750.0,1130.0,89.9,–,–,–,12700,74.9,–,–,–,–,–,–,–,200,0.756,–,–,–,–,–,–,–,–,–,–,–,–,–,–,–,–,1390,–,1790,1410,1810,–,191,76.2,3.54
WT,WT20X138.5,WT20X138.5,F,138.5,40.7,19.8,19.75,–,–,–,15.8,15.875,–,–,–,0.83,0.8125,0.4375,1.58,1.5625,–,–,–,2.76,2.875,–,–,4.5,–,–,1.29,5.03,–,–,–,–,23.9,1360.0,157.0,88.6,5.78,522.0,102.0,65.9,3.58,–,,–,25.7,218,–,–,–,–,–,–,–,7.75,0.77,–,–,–,–,–,–,–,–,–,–,–,–,–,–,–,–,54.4,–,70.2,55.400000000000006,71.2,–,7.5,3,WT500X206,WT500X206,206.0,26300,503,502,–,–,–,401,403,–,–,–,21.1,20.6,11.1,40.1,39.7,–,–,–,70.1,73,–,–,114,–,–,32.8,5.03,–,–,–,–,23.9,566.0,2570.0,1450.0,147.0,217.0,1670.0,1080.0,90.9,–,–,–,10700,58.5,–,–,–,–,–,–,–,197,0.77,–,–,–,–,–,–,–,–,–,–,–,–,–,–,–,–,1380,–,1780,1410,1810,–,191,76.2,3.58
WT,WT20X124.5,WT20X124.5,F,124.5,36.7,19.7,19.625,–,–,–,15.8,15.75,–,–,–,0.75,0.75,0.375,1.42,1.4375,–,–,–,2.6,2.6875,–,–,4.41,–,–,1.16,5.55,–,–,–,–,26.3,1210.0,140.0,79.4,5.75,463.0,90.8,58.8,3.55,–,,–,19,158,–,–,–,–,–,–,–,7.7,0.77,–,–,–,–,–,–,–,–,–,–,–,–,–,–,–,–,54.2,–,70,55.2,71,–,7.5,3,WT500X185.5,WT500X185.5,186.0,23700,500,498,–,–,–,401,400,–,–,–,19.1,19,9.52,36.1,36.5,–,–,–,66,68.3,–,–,112,–,–,29.5,5.55,–,–,–,–,26.3,504.0,2290.0,1300.0,146.0,193.0,1490.0,964.0,90.2,–,–,–,7910,42.4,–,–,–,–,–,–,–,196,0.77,–,–,–,–,–,–,–,–,–,–,–,–,–,–,–,–,1380,–,1780,1400,1800,–,191,76.2,3.55
WT,WT20X107.5,WT20X107.5,F,107.5,31.8,19.5,19.5,–,–,–,15.8,15.75,–,–,–,0.65,0.625,0.3125,1.22,1.25,–,–,–,2.4,2.5,–,–,4.28,–,–,1.01,6.45,–,–,–,–,30,1030.0,120.0,68.0,5.71,398.0,77.8,50.5,3.54,–,,–,12.4,101,–,–,–,–,–,–,–,7.66,0.771,–,–,–,–,–,–,–,–,–,–,–,–,–,–,–,–,53.8,–,69.6,54.8,70.6,–,7.5,3,WT500X160.5,WT500X160.5,161.0,20500,495,495,–,–,–,401,400,–,–,–,16.5,15.9,7.94,31,31.8,–,–,–,61,63.5,–,–,109,–,–,25.7,6.45,–,–,–,–,30,429.0,1970.0,1110.0,145.0,166.0,1270.0,828.0,89.9,–,–,–,5160,27.1,–,–,–,–,–,–,–,195,0.771,–,–,–,–,–,–,–,–,–,–,–,–,–,–,–,–,1370,–,1770,1390,1790,–,191,76.2,3.54
WT,WT20X99.5,WT20X99.5,F,99.5,29.2,19.3,19.25,–,–,–,15.8,15.75,–,–,–,0.65,0.625,0.3125,1.07,1.0625,–,–,–,2.25,2.3125,–,–,4.47,–,–,0.929,7.39,–,–,–,–,29.7,988.0,117.0,66.5,5.81,347.0,68.2,44.1,3.45,–,,–,9.12,83.5,–,–,–,–,–,–,–,7.82,0.746,–,–,–,–,–,–,–,–,–,–,–,–,–,–,–,–,53.4,–,69.2,54.400000000000006,70.2,–,7.5,3,WT500X148,WT500X148,148.0,18800,490,489,–,–,–,401,400,–,–,–,16.5,15.9,7.94,27.2,27,–,–,–,57.2,58.7,–,–,114,–,–,23.6,7.39,–,–,–,–,29.7,411.0,1920.0,1090.0,148.0,144.0,1120.0,723.0,87.6,–,–,–,3800,22.4,–,–,–,–,–,–,–,199,0.746,–,–,–,–,–,–,–,–,–,–,–,–,–,–,–,–,1360,–,1760,1380,1780,–,191,76.2,3.45
WT,WT20X196,WT20X196,T,196.0,57.8,20.8,20.75,–,–,–,12.4,12.375,–,–,–,1.42,1.4375,0.75,2.52,2.5,–,–,–,3.7,3.8125,–,–,5.94,–,–,2.33,2.45,–,–,–,–,14.6,2270.0,275.0,153.0,6.27,401.0,106.0,64.9,2.64,–,,–,85.4,796,–,–,–,–,–,–,–,8.26,0.679,–,–,–,–,–,–,–,–,–,–,–,–,–,–,–,–,53,–,65.4,54.00000000000001,66.4,–,7.5,–,WT500X292,WT500X292,292.0,37300,528,527,–,–,–,315,314,–,–,–,36.1,36.5,19,64,63.5,–,–,–,94,96.8,–,–,151,–,–,59.2,2.45,–,–,–,–,14.6,945.0,4510.0,2510.0,159.0,167.0,1740.0,1060.0,67.1,–,–,–,35500,214,–,–,–,–,–,–,–,210,0.679,–,–,–,–,–,–,–,–,–,–,–,–,–,–,–,–,1350,–,1660,1370,1690,–,191,–,2.64
WT,WT20X165.5,WT20X165.5,T,165.5,48.8,20.4,20.375,–,–,–,12.2,12.125,–,–,–,1.22,1.25,0.625,2.13,2.125,–,–,–,3.31,3.375,–,–,5.74,–,–,2,2.86,–,–,–,–,16.7,1880.0,231.0,128.0,6.21,322.0,85.7,52.9,2.57,–,,–,52.5,484,–,–,–,–,–,–,–,8.19,0.674,–,–,–,–,–,–,–,–,–,–,–,–,–,–,–,–,52,–,64.2,52.999999999999986,65.19999999999999,–,7.5,–,WT500X247,WT500X247,247.0,31500,518,518,–,–,–,310,308,–,–,–,31,31.8,15.9,54.1,54,–,–,–,84.1,85.7,–,–,146,–,–,50.8,2.86,–,–,–,–,16.7,783.0,3790.0,2100.0,158.0,134.0,1400.0,867.0,65.3,–,–,–,21900,130,–,–,–,–,–,–,–,208,0.674,–,–,–,–,–,–,–,–,–,–,–,–,–,–,–,–,1320,–,1630,1350,1660,–,191,–,2.57
WT,WT20X163.5,WT20X163.5,T,163.5,47.9,20.4,20.375,–,–,–,12.1,12.125,–,–,–,1.18,1.1875,0.625,2.13,2.125,–,–,–,3.31,3.375,–,–,5.66,–,–,1.98,2.85,–,–,–,–,17.3,1840.0,224.0,125.0,6.19,320.0,85.0,52.7,2.58,–,,–,51.4,449,–,–,–,–,–,–,–,8.13,0.68,–,–,–,–,–,–,–,–,–,–,–,–,–,–,–,–,51.9,–,64,52.9,65,–,7.5,–,WT500X243,WT500X243,243.0,30900,518,518,–,–,–,307,308,–,–,–,30,30.2,15.9,54.1,54,–,–,–,84.1,85.7,–,–,144,–,–,50.3,2.85,–,–,–,–,17.3,766.0,3670.0,2050.0,157.0,133.0,1390.0,864.0,65.5,–,–,–,21400,121,–,–,–,–,–,–,–,207,0.68,–,–,–,–,–,–,–,–,–,–,–,–,–,–,–,–,1320,–,1630,1340,1650,–,191,–,2.58
WT,WT20X147,WT20X147,F,147.0,43.1,20.2,20.125,–,–,–,12,12,–,–,–,1.06,1.0625,0.5625,1.93,1.9375,–,–,–,3.11,3.1875,–,–,5.51,–,–,1.8,3.11,–,–,–,–,19.1,1630.0,199.0,111.0,6.14,281.0,75.0,46.7,2.55,–,,–,38.2,322,–,–,–,–,–,–,–,8.06,0.681,–,–,–,–,–,–,–,–,–,–,–,–,–,–,–,–,51.4,–,63.4,52.400000000000006,64.4,–,7.5,–,WT500X219,WT500X219,219.0,27800,513,511,–,–,–,305,305,–,–,–,26.9,27,14.3,49,49.2,–,–,–,79,81,–,–,140,–,–,45.7,3.11,–,–,–,–,19.1,678.0,3260.0,1820.0,156.0,117.0,1230.0,765.0,64.8,–,–,–,15900,86.5,–,–,–,–,–,–,–,205,0.681,–,–,–,–,–,–,–,–,–,–,–,–,–,–,–,–,1310,–,1610,1330,1640,–,191,–,2.55
WT,WT20X139,WT20X139,F,139.0,41.0,20.1,20,–,–,–,12,12,–,–,–,1.03,1,0.5,1.81,1.8125,–,–,–,2.99,3.0625,–,–,5.51,–,–,1.71,3.31,–,–,–,–,19.5,1550.0,191.0,106.0,6.14,261.0,69.9,43.5,2.52,–,,–,32.4,282,–,–,–,–,–,–,–,8.08,0.675,–,–,–,–,–,–,–,–,–,–,–,–,–,–,–,–,51.2,–,63.2,52.2,64.2,–,7.5,–,WT500X207.5,WT500X207.5,208.0,26500,511,508,–,–,–,305,305,–,–,–,26.2,25.4,12.7,46,46,–,–,–,75.9,77.8,–,–,140,–,–,43.4,3.31,–,–,–,–,19.5,645.0,3130.0,1740.0,156.0,109.0,1150.0,713.0,64.0,–,–,–,13500,75.7,–,–,–,–,–,–,–,205,0.675,–,–,–,–,–,–,–,–,–,–,–,–,–,–,–,–,1300,–,1610,1330,1630,–,191,–,2.52
WT,WT20X132,WT20X132,F,132.0,38.7,20,20,–,–,–,11.9,11.875,–,–,–,0.96,0.9375,0.5,1.73,1.75,–,–,–,2.91,3,–,–,5.41,–,–,1.63,3.45,–,–,–,–,20.8,1450.0,178.0,99.2,6.11,246.0,66.0,41.3,2.52,–,,–,27.9,233,–,–,–,–,–,–,–,8.02,0.679,–,–,–,–,–,–,–,–,–,–,–,–,–,–,–,–,50.9,–,62.8,51.9,63.8,–,7.5,–,WT500X196.5,WT500X196.5,197.0,25000,508,508,–,–,–,302,302,–,–,–,24.4,23.8,12.7,43.9,44.4,–,–,–,73.9,76.2,–,–,137,–,–,41.4,3.45,–,–,–,–,20.8,604.0,2920.0,1630.0,155.0,102.0,1080.0,677.0,64.0,–,–,–,11600,62.6,–,–,–,–,–,–,–,204,0.679,–,–,–,–,–,–,–,–,–,–,–,–,–,–,–,–,1290,–,1600,1320,1620,–,191,–,2.52
WT,WT20X117.5,WT20X117.5,F,117.5,34.6,19.8,19.75,–,–,–,11.9,11.875,–,–,–,0.83,0.8125,0.4375,1.58,1.5625,–,–,–,2.76,2.875,–,–,5.17,–,–,1.45,3.77,–,–,–,–,23.9,1260.0,153.0,85.7,6.04,222.0,59.0,37.3,2.54,–,,–,20.6,156,–,–,–,–,–,–,–,7.88,0.691,–,–,–,–,–,–,–,–,–,–,–,–,–,–,–,–,50.5,–,62.4,51.50000000000001,63.400000000000006,–,7.5,–,WT500X175,WT500X175,175.0,22300,503,502,–,–,–,302,302,–,–,–,21.1,20.6,11.1,40.1,39.7,–,–,–,70.1,73,–,–,131,–,–,36.8,3.77,–,–,–,–,23.9,524.0,2510.0,1400.0,153.0,92.4,967.0,611.0,64.5,–,–,–,8570,41.9,–,–,–,–,–,–,–,200,0.691,–,–,–,–,–,–,–,–,–,–,–,–,–,–,–,–,1280,–,1580,1310,1610,–,191,–,2.54
WT,WT20X105.5,WT20X105.5,F,105.5,31.1,19.7,19.625,–,–,–,11.8,11.75,–,–,–,0.75,0.75,0.375,1.42,1.4375,–,–,–,2.6,2.6875,–,–,5.08,–,–,1.31,4.17,–,–,–,–,26.3,1120.0,137.0,76.7,6.01,195.0,52.1,33.0,2.51,–,,–,15.2,113,–,–,–,–,–,–,–,7.84,0.69,–,–,–,–,–,–,–,–,–,–,–,–,–,–,–,–,50.2,–,62,51.2,63,–,7.5,–,WT500X157,WT500X157,157.0,20100,500,498,–,–,–,300,298,–,–,–,19.1,19,9.52,36.1,36.5,–,–,–,66,68.3,–,–,129,–,–,33.3,4.17,–,–,–,–,26.3,466.0,2250.0,1260.0,153.0,81.2,854.0,541.0,63.8,–,–,–,6330,30.3,–,–,–,–,–,–,–,199,0.69,–,–,–,–,–,–,–,–,–,–,–,–,–,–,–,–,1280,–,1570,1300,1600,–,191,–,2.51
WT,WT20X91.5,WT20X91.5,F,91.5,26.7,19.5,19.5,–,–,–,11.8,11.75,–,–,–,0.65,0.625,0.3125,1.2,1.1875,–,–,–,2.38,2.5,–,–,4.97,–,–,1.13,4.92,–,–,–,–,30,955.0,117.0,65.7,5.98,165.0,44.0,28.0,2.49,–,,–,9.65,71.2,–,–,–,–,–,–,–,7.81,0.688,–,–,–,–,–,–,–,–,–,–,–,–,–,–,–,–,49.8,–,61.6,50.8,62.6,–,7.5,–,WT500X136,WT500X136,136.0,17200,495,495,–,–,–,300,298,–,–,–,16.5,15.9,7.94,30.5,30.2,–,–,–,60.5,63.5,–,–,126,–,–,28.7,4.92,–,–,–,–,30,398.0,1920.0,1080.0,152.0,68.7,721.0,459.0,63.2,–,–,–,4020,19.1,–,–,–,–,–,–,–,198,0.688,–,–,–,–,–,–,–,–,–,–,–,–,–,–,–,–,1260,–,1560,1290,1590,–,191,–,2.49
WT,WT20X83.5,WT20X83.5,F,83.5,24.5,19.3,19.25,–,–,–,11.8,11.75,–,–,–,0.65,0.625,0.3125,1.03,1,–,–,–,2.21,2.3125,–,–,5.19,–,–,1.1,5.76,–,–,–,–,29.7,899.0,115.0,63.7,6.05,141.0,37.8,23.9,2.4,–,,–,6.99,62.9,–,–,–,–,–,–,–,8.01,0.659,–,–,–,–,–,–,–,–,–,–,–,–,–,–,–,–,49.4,–,61.2,50.400000000000006,62.2,–,7.5,–,WT500X124.5,WT500X124.5,125.0,15800,490,489,–,–,–,300,298,–,–,–,16.5,15.9,7.94,26.2,25.4,–,–,–,56.1,58.7,–,–,132,–,–,27.9,5.76,–,–,–,–,29.7,374.0,1880.0,1040.0,154.0,58.7,619.0,392.0,61.0,–,–,–,2910,16.9,–,–,–,–,–,–,–,203,0.659,–,–,–,–,–,–,–,–,–,–,–,–,–,–,–,–,1250,–,1550,1280,1580,–,191,–,2.4
WT,WT20X74.5,WT20X74.5,F,74.5,21.9,19.1,19,–,–,–,11.8,11.75,–,–,–,0.63,0.625,0.3125,0.83,0.8125,–,–,–,2.01,2.125,–,–,5.45,–,–,1.72,7.11,–,–,–,–,30.3,815.0,108.0,59.7,6.1,114.0,30.9,19.4,2.29,–,,–,4.66,51.9,–,–,–,–,–,–,–,8.23,0.626,–,–,–,–,–,–,–,–,–,–,–,–,–,–,–,–,49,–,60.8,50,61.800000000000004,–,7.5,–,WT500X111,WT500X111,111.0,14100,485,483,–,–,–,300,298,–,–,–,16,15.9,7.94,21.1,20.6,–,–,–,51.1,54,–,–,138,–,–,43.7,7.11,–,–,–,–,30.3,339.0,1770.0,978.0,155.0,47.5,506.0,318.0,58.2,–,–,–,1940,13.9,–,–,–,–,–,–,–,209,0.626,–,–,–,–,–,–,–,–,–,–,–,–,–,–,–,–,1240,–,1540,1270,1570,–,191,–,2.29
WT,WT18X462.5,WT18X462.5,T,462.5,136.0,21.6,21.5,–,–,–,18.6,18.625,–,–,–,3.02,3,1.5,4.53,4.5,–,–,–,5.28,5.375,–,–,6.36,–,–,3.66,2.05,–,–,–,–,7.15,5130.0,617.0,337.0,6.14,2470.0,431.0,266.0,4.26,–,,–,707,9680,–,–,–,–,–,–,–,8.52,0.769,–,–,–,–,–,–,–,–,–,–,–,–,–,–,–,–,61.2,–,79.8,61.8,80.4,–,7.5,3,WT460X688.5,WT460X688.5,689.0,87700,549,546,–,–,–,472,473,–,–,–,76.7,76.2,38.1,115,114,–,–,–,134,137,–,–,162,–,–,93,2.05,–,–,–,–,7.15,2140.0,10100.0,5520.0,156.0,1030.0,7060.0,4360.0,108.0,–,–,–,294000,2600,–,–,–,–,–,–,–,216,0.769,–,–,–,–,–,–,–,–,–,–,–,–,–,–,–,–,1550,–,2030,1570,2040,–,191,76.2,4.26
WT,WT18X426.5,WT18X426.5,T,426.5,126.0,21.6,21.5,–,–,–,18.2,18.25,–,–,–,2.52,2.5,1.25,4.53,4.5,–,–,–,5.28,5.375,–,–,5.95,–,–,3.46,2.01,–,–,–,–,8.57,4480.0,533.0,286.0,5.96,2300.0,403.0,253.0,4.27,–,,–,615,7100,–,–,–,–,–,–,–,8.21,0.799,–,–,–,–,–,–,–,–,–,–,–,–,–,–,–,–,60.8,–,79,61.4,79.6,–,7.5,3,WT460X634.5,WT460X634.5,635.0,81300,549,546,–,–,–,462,464,–,–,–,64,63.5,31.8,115,114,–,–,–,134,137,–,–,151,–,–,87.9,2.01,–,–,–,–,8.57,1860.0,8740.0,4690.0,151.0,957.0,6610.0,4150.0,108.0,–,–,–,256000,1910,–,–,–,–,–,–,–,209,0.799,–,–,–,–,–,–,–,–,–,–,–,–,–,–,–,–,1540,–,2010,1560,2020,–,191,76.2,4.27
WT,WT18X401,WT18X401,T,401.0,118.0,21.3,21.25,–,–,–,18,18,–,–,–,2.38,2.375,1.1875,4.29,4.3125,–,–,–,5.04,5.125,–,–,5.8,–,–,3.28,2.1,–,–,–,–,8.95,4110.0,491.0,265.0,5.9,2100.0,372.0,233.0,4.22,–,,–,519,5830,–,–,–,–,–,–,–,8.12,0.797,–,–,–,–,–,–,–,–,–,–,–,–,–,–,–,–,60,–,78,60.599999999999994,78.6,–,7.5,3,WT460X597,WT460X597,597.0,76100,541,540,–,–,–,457,457,–,–,–,60.5,60.3,30.2,109,110,–,–,–,128,130,–,–,147,–,–,83.3,2.1,–,–,–,–,8.95,1710.0,8050.0,4340.0,150.0,874.0,6100.0,3820.0,107.0,–,–,–,216000,1570,–,–,–,–,–,–,–,206,0.797,–,–,–,–,–,–,–,–,–,–,–,–,–,–,–,–,1520,–,1980,1540,2000,–,191,76.2,4.22
WT,WT18X361.5,WT18X361.5,T,361.5,107.0,20.9,20.875,–,–,–,17.8,17.75,–,–,–,2.17,2.1875,1.125,3.9,3.875,–,–,–,4.65,4.6875,–,–,5.55,–,–,3.01,2.28,–,–,–,–,9.63,3610.0,434.0,235.0,5.81,1850.0,329.0,208.0,4.16,–,,–,390,4250,–,–,–,–,–,–,–,8,0.798,–,–,–,–,–,–,–,–,–,–,–,–,–,–,–,–,59,–,76.8,59.60000000000001,77.4,–,7.5,3,WT460X538.5,WT460X538.5,539.0,69000,531,530,–,–,–,452,451,–,–,–,55.1,55.6,28.6,99.1,98.4,–,–,–,118,119,–,–,141,–,–,76.5,2.28,–,–,–,–,9.63,1500.0,7110.0,3850.0,148.0,770.0,5390.0,3410.0,106.0,–,–,–,162000,1140,–,–,–,–,–,–,–,203,0.798,–,–,–,–,–,–,–,–,–,–,–,–,–,–,–,–,1500,–,1950,1510,1970,–,191,76.2,4.16
WT,WT18X326,WT18X326,T,326.0,96.2,20.5,20.5,–,–,–,17.6,17.625,–,–,–,1.97,2,1,3.54,3.5625,–,–,–,4.49,4.8125,–,–,5.35,–,–,2.73,2.48,–,–,–,–,10.4,3160.0,383.0,208.0,5.74,1610.0,290.0,184.0,4.1,–,,–,295,3070,–,–,–,–,–,–,–,7.91,0.795,–,–,–,–,–,–,–,–,–,–,–,–,–,–,–,–,57.6,–,75.2,58.6,76.2,–,7.5,3,WT460X485,WT460X485,485.0,62100,521,521,–,–,–,447,448,–,–,–,50,50.8,25.4,89.9,90.5,–,–,–,114,122,–,–,136,–,–,69.3,2.48,–,–,–,–,10.4,1320.0,6280.0,3410.0,146.0,670.0,4750.0,3020.0,104.0,–,–,–,123000,824,–,–,–,–,–,–,–,201,0.795,–,–,–,–,–,–,–,–,–,–,–,–,–,–,–,–,1460,–,1910,1490,1940,–,191,76.2,4.1
WT,WT18X264.5,WT18X264.5,T,264.5,77.8,19.9,19.875,–,–,–,17.2,17.25,–,–,–,1.61,1.625,0.8125,2.91,2.9375,–,–,–,3.86,4.1875,–,–,4.96,–,–,2.26,2.96,–,–,–,–,12.4,2440.0,298.0,164.0,5.6,1240.0,227.0,145.0,4.0,–,,–,163,1600,–,–,–,–,–,–,–,7.72,0.794,–,–,–,–,–,–,–,–,–,–,–,–,–,–,–,–,56,–,73.2,56.999999999999986,74.19999999999999,–,7.5,3,WT460X393.5,WT460X393.5,394.0,50200,505,505,–,–,–,437,438,–,–,–,40.9,41.3,20.6,73.9,74.6,–,–,–,98,106,–,–,126,–,–,57.4,2.96,–,–,–,–,12.4,1020.0,4880.0,2690.0,142.0,516.0,3720.0,2380.0,102.0,–,–,–,67800,430,–,–,–,–,–,–,–,196,0.794,–,–,–,–,–,–,–,–,–,–,–,–,–,–,–,–,1420,–,1860,1450,1880,–,191,76.2,4.0
WT,WT18X243.5,WT18X243.5,T,243.5,71.7,19.7,19.625,–,–,–,17.1,17.125,–,–,–,1.5,1.5,0.75,2.68,2.6875,–,–,–,3.63,4,–,–,4.84,–,–,2.1,3.19,–,–,–,–,13.1,2220.0,272.0,150.0,5.57,1120.0,206.0,131.0,3.96,–,,–,128,1250,–,–,–,–,–,–,–,7.68,0.792,–,–,–,–,–,–,–,–,–,–,–,–,–,–,–,–,55.5,–,72.6,56.49999999999999,73.6,–,7.5,3,WT460X362.5,WT460X362.5,363.0,46300,500,498,–,–,–,434,435,–,–,–,38.1,38.1,19,68.1,68.3,–,–,–,92.2,102,–,–,123,–,–,53.3,3.19,–,–,–,–,13.1,924.0,4460.0,2460.0,141.0,466.0,3380.0,2150.0,101.0,–,–,–,53300,336,–,–,–,–,–,–,–,195,0.792,–,–,–,–,–,–,–,–,–,–,–,–,–,–,–,–,1410,–,1840,1440,1870,–,191,76.2,3.96
WT,WT18X220.5,WT18X220.5,T,220.5,64.9,19.4,19.375,–,–,–,17,17,–,–,–,1.36,1.375,0.6875,2.44,2.4375,–,–,–,3.39,3.75,–,–,4.69,–,–,1.91,3.48,–,–,–,–,14.3,1980.0,242.0,134.0,5.52,997.0,184.0,117.0,3.92,–,,–,96.6,914,–,–,–,–,–,–,–,7.6,0.792,–,–,–,–,–,–,–,–,–,–,–,–,–,–,–,–,54.8,–,71.8,55.8,72.8,–,7.5,3,WT460X328,WT460X328,328.0,41900,493,492,–,–,–,432,432,–,–,–,34.5,34.9,17.5,62,61.9,–,–,–,86.1,95.3,–,–,119,–,–,48.5,3.48,–,–,–,–,14.3,824.0,3970.0,2200.0,140.0,415.0,3020.0,1920.0,99.6,–,–,–,40200,245,–,–,–,–,–,–,–,193,0.792,–,–,–,–,–,–,–,–,–,–,–,–,–,–,–,–,1390,–,1820,1420,1850,–,191,76.2,3.92
WT,WT18X197.5,WT18X197.5,T,197.5,58.1,19.2,19.125,–,–,–,16.8,16.875,–,–,–,1.22,1.25,0.625,2.2,2.1875,–,–,–,3.15,3.4375,–,–,4.53,–,–,1.73,3.83,–,–,–,–,15.7,1740.0,213.0,119.0,5.47,877.0,162.0,104.0,3.88,–,,–,70.7,652,–,–,–,–,–,–,–,7.54,0.792,–,–,–,–,–,–,–,–,–,–,–,–,–,–,–,–,54.2,–,71,55.2,72,–,7.5,3,WT460X294,WT460X294,294.0,37500,488,486,–,–,–,427,429,–,–,–,31,31.8,15.9,55.9,55.6,–,–,–,80,87.3,–,–,115,–,–,43.9,3.83,–,–,–,–,15.7,724.0,3490.0,1950.0,139.0,365.0,2650.0,1700.0,98.6,–,–,–,29400,175,–,–,–,–,–,–,–,192,0.792,–,–,–,–,–,–,–,–,–,–,–,–,–,–,–,–,1380,–,1800,1400,1830,–,191,76.2,3.88
WT,WT18X180.5,WT18X180.5,T,180.5,53.0,19,19,–,–,–,16.7,16.75,–,–,–,1.12,1.125,0.5625,2.01,2,–,–,–,2.96,3.3125,–,–,4.42,–,–,1.59,4.16,–,–,–,–,17,1570.0,192.0,107.0,5.43,786.0,146.0,94.0,3.85,–,,–,54.1,491,–,–,–,–,–,–,–,7.49,0.792,–,–,–,–,–,–,–,–,–,–,–,–,–,–,–,–,53.7,–,70.4,54.7,71.4,–,7.5,3,WT460X268.5,WT460X268.5,269.0,34200,483,483,–,–,–,424,425,–,–,–,28.4,28.6,14.3,51.1,50.8,–,–,–,75.2,84.1,–,–,112,–,–,40.4,4.16,–,–,–,–,17,653.0,3150.0,1750.0,138.0,327.0,2390.0,1540.0,97.8,–,–,–,22500,132,–,–,–,–,–,–,–,190,0.792,–,–,–,–,–,–,–,–,–,–,–,–,–,–,–,–,1360,–,1790,1390,1810,–,191,76.2,3.85
WT,WT18X165,WT18X165,F,165.0,48.4,18.8,18.75,–,–,–,16.6,16.625,–,–,–,1.02,1,0.5,1.85,1.875,–,–,–,2.8,3.125,–,–,4.3,–,–,1.46,4.49,–,–,–,–,18.4,1410.0,173.0,97.0,5.39,711.0,132.0,85.5,3.83,–,,–,42,372,–,–,–,–,–,–,–,7.43,0.793,–,–,–,–,–,–,–,–,–,–,–,–,–,–,–,–,53.2,–,69.8,54.20000000000001,70.80000000000001,–,7.5,3,WT460X245.5,WT460X245.5,246.0,31200,478,476,–,–,–,422,422,–,–,–,25.9,25.4,12.7,47,47.6,–,–,–,71.1,79.4,–,–,109,–,–,37.1,4.49,–,–,–,–,18.4,587.0,2830.0,1590.0,137.0,296.0,2160.0,1400.0,97.3,–,–,–,17500,99.9,–,–,–,–,–,–,–,189,0.793,–,–,–,–,–,–,–,–,–,–,–,–,–,–,–,–,1350,–,1770,1380,1800,–,191,76.2,3.83
WT,WT18X151,WT18X151,F,151.0,44.5,18.7,18.625,–,–,–,16.7,16.625,–,–,–,0.945,0.9375,0.5,1.68,1.6875,–,–,–,2.63,3,–,–,4.22,–,–,1.33,4.96,–,–,–,–,19.8,1280.0,158.0,88.8,5.37,648.0,120.0,77.8,3.82,–,,–,32.1,285,–,–,–,–,–,–,–,7.41,0.792,–,–,–,–,–,–,–,–,–,–,–,–,–,–,–,–,53.1,–,69.8,54.099999999999994,70.8,–,7.5,3,WT460X224.5,WT460X224.5,225.0,28700,475,473,–,–,–,424,422,–,–,–,24,23.8,12.7,42.7,42.9,–,–,–,66.8,76.2,–,–,107,–,–,33.8,4.96,–,–,–,–,19.8,533.0,2590.0,1460.0,136.0,270.0,1970.0,1270.0,97.0,–,–,–,13400,76.5,–,–,–,–,–,–,–,188,0.792,–,–,–,–,–,–,–,–,–,–,–,–,–,–,–,–,1350,–,1770,1370,1800,–,191,76.2,3.82
WT,WT18X141,WT18X141,F,141.0,41.5,18.6,18.5,–,–,–,16.6,16.625,–,–,–,0.885,0.875,0.4375,1.57,1.5625,–,–,–,2.52,2.875,–,–,4.16,–,–,1.25,5.29,–,–,–,–,21,1190.0,146.0,82.6,5.36,599.0,112.0,72.2,3.8,–,,–,26.3,231,–,–,–,–,–,–,–,7.38,0.791,–,–,–,–,–,–,–,–,–,–,–,–,–,–,–,–,52.8,–,69.4,53.800000000000004,70.4,–,7.5,3,WT460X210,WT460X210,210.0,26800,472,470,–,–,–,422,422,–,–,–,22.5,22.2,11.1,39.9,39.7,–,–,–,64,73,–,–,106,–,–,31.8,5.29,–,–,–,–,21,495.0,2390.0,1350.0,136.0,249.0,1840.0,1180.0,96.5,–,–,–,10900,62,–,–,–,–,–,–,–,187,0.791,–,–,–,–,–,–,–,–,–,–,–,–,–,–,–,–,1340,–,1760,1370,1790,–,191,76.2,3.8
WT,WT18X131,WT18X131,F,131.0,38.5,18.4,18.375,–,–,–,16.6,16.5,–,–,–,0.84,0.8125,0.4375,1.44,1.4375,–,–,–,2.39,2.75,–,–,4.14,–,–,1.16,5.75,–,–,–,–,21.9,1110.0,137.0,77.5,5.36,545.0,102.0,65.8,3.76,–,,–,20.8,185,–,–,–,–,–,–,–,7.39,0.785,–,–,–,–,–,–,–,–,–,–,–,–,–,–,–,–,52.4,–,69,53.4,70,–,7.5,3,WT460X195,WT460X195,195.0,24800,467,467,–,–,–,422,419,–,–,–,21.3,20.6,11.1,36.6,36.5,–,–,–,60.7,69.9,–,–,105,–,–,29.5,5.75,–,–,–,–,21.9,462.0,2250.0,1270.0,136.0,227.0,1670.0,1080.0,95.5,–,–,–,8660,49.7,–,–,–,–,–,–,–,188,0.785,–,–,–,–,–,–,–,–,–,–,–,–,–,–,–,–,1330,–,1750,1360,1780,–,191,76.2,3.76
WT,WT18X123.5,WT18X123.5,F,123.5,36.3,18.3,18.25,–,–,–,16.5,16.5,–,–,–,0.8,0.8125,0.4375,1.35,1.375,–,–,–,2.3,2.625,–,–,4.12,–,–,1.1,6.11,–,–,–,–,22.9,1040.0,129.0,73.3,5.36,507.0,94.8,61.4,3.74,–,,–,17.3,155,–,–,–,–,–,–,–,7.39,0.783,–,–,–,–,–,–,–,–,–,–,–,–,–,–,–,–,52.1,–,68.6,53.099999999999994,69.6,–,7.5,3,WT460X184,WT460X184,184.0,23400,465,464,–,–,–,419,419,–,–,–,20.3,20.6,11.1,34.3,34.9,–,–,–,58.4,66.7,–,–,105,–,–,27.9,6.11,–,–,–,–,22.9,433.0,2110.0,1200.0,136.0,211.0,1550.0,1010.0,95.0,–,–,–,7200,41.6,–,–,–,–,–,–,–,188,0.783,–,–,–,–,–,–,–,–,–,–,–,–,–,–,–,–,1320,–,1740,1350,1770,–,191,76.2,3.74
WT,WT18X115.5,WT18X115.5,F,115.5,34.1,18.2,18.125,–,–,–,16.5,16.5,–,–,–,0.76,0.75,0.375,1.26,1.25,–,–,–,2.21,2.5625,–,–,4.1,–,–,1.03,6.54,–,–,–,–,23.9,978.0,122.0,69.1,5.36,470.0,88.0,57.0,3.71,–,,–,14.3,129,–,–,–,–,–,–,–,7.39,0.78,–,–,–,–,–,–,–,–,–,–,–,–,–,–,–,–,51.9,–,68.4,52.900000000000006,69.4,–,7.5,3,WT460X171.9,WT460X171.9,172.0,22000,464,460,–,–,–,419,419,–,–,–,19.3,19,9.52,32,31.8,–,–,–,56.1,65.1,–,–,104,–,–,26.2,6.54,–,–,–,–,23.9,407.0,2000.0,1130.0,136.0,196.0,1440.0,934.0,94.2,–,–,–,5950,34.6,–,–,–,–,–,–,–,188,0.78,–,–,–,–,–,–,–,–,–,–,–,–,–,–,–,–,1320,–,1740,1340,1760,–,191,76.2,3.71
WT,WT18X193.5,WT18X193.5,T,193.5,56.8,19.5,19.5,–,–,–,12.7,12.75,–,–,–,1.42,1.4375,0.75,2.56,2.5625,–,–,–,3.31,3.8125,–,–,5.42,–,–,2.24,2.48,–,–,–,–,13.7,1910.0,244.0,136.0,5.8,441.0,112.0,69.4,2.79,–,,–,85.3,720,–,–,–,–,–,–,–,7.65,0.707,–,–,–,–,–,–,–,–,–,–,–,–,–,–,–,–,51.1,–,63.8,51.7,64.4,–,5.5,–,WT460X288,WT460X288,288.0,36600,495,495,–,–,–,323,324,–,–,–,36.1,36.5,19.1,65,65.1,–,–,–,84.1,96.8,–,–,138,–,–,56.9,2.48,–,–,–,–,13.7,795.0,4000.0,2230.0,147.0,184.0,1840.0,1140.0,70.9,–,–,–,35500,193,–,–,–,–,–,–,–,194,0.707,–,–,–,–,–,–,–,–,–,–,–,–,–,–,–,–,1300,–,1620,1310,1640,–,140,–,2.79
WT,WT18X175,WT18X175,T,175.0,51.5,19.3,19.25,–,–,–,12.6,12.625,–,–,–,1.3,1.3125,0.6875,2.32,2.3125,–,–,–,3.07,3.5625,–,–,5.3,–,–,2.04,2.72,–,–,–,–,14.8,1720.0,220.0,123.0,5.78,390.0,99.4,61.9,2.75,–,,–,64.1,538,–,–,–,–,–,–,–,7.62,0.705,–,–,–,–,–,–,–,–,–,–,–,–,–,–,–,–,50.6,–,63.2,51.2,63.8,–,5.5,–,WT460X260.5,WT460X260.5,261.0,33200,490,489,–,–,–,320,321,–,–,–,33,33.3,17.5,58.9,58.7,–,–,–,78,90.5,–,–,135,–,–,51.8,2.72,–,–,–,–,14.8,716.0,3610.0,2020.0,147.0,162.0,1630.0,1010.0,69.9,–,–,–,26700,144,–,–,–,–,–,–,–,194,0.705,–,–,–,–,–,–,–,–,–,–,–,–,–,–,–,–,1290,–,1610,1300,1620,–,140,–,2.75
WT,WT18X159,WT18X159,T,159.0,46.7,19.1,19,–,–,–,12.4,12.375,–,–,–,1.18,1.1875,0.625,2.13,2.125,–,–,–,2.88,3.375,–,–,5.17,–,–,1.88,2.91,–,–,–,–,16.2,1530.0,197.0,110.0,5.72,341.0,87.9,55.0,2.7,–,,–,48.9,396,–,–,–,–,–,–,–,7.54,0.704,–,–,–,–,–,–,–,–,–,–,–,–,–,–,–,–,50,–,62.4,50.6,63,–,5.5,–,WT460X237,WT460X237,237.0,30100,485,483,–,–,–,315,314,–,–,–,30,30.2,15.9,54.1,54,–,–,–,73.2,85.7,–,–,131,–,–,47.8,2.91,–,–,–,–,16.2,637.0,3230.0,1800.0,145.0,142.0,1440.0,901.0,68.6,–,–,–,20400,106,–,–,–,–,–,–,–,192,0.704,–,–,–,–,–,–,–,–,–,–,–,–,–,–,–,–,1270,–,1580,1290,1600,–,140,–,2.7
WT,WT18X143,WT18X143,F,143.0,42.0,18.9,18.875,–,–,–,12.3,12.25,–,–,–,1.06,1.0625,0.5625,1.93,1.9375,–,–,–,2.68,3.125,–,–,5.02,–,–,1.71,3.19,–,–,–,–,17.8,1360.0,175.0,98.0,5.69,301.0,77.8,48.9,2.68,–,,–,36.2,284,–,–,–,–,–,–,–,7.48,0.706,–,–,–,–,–,–,–,–,–,–,–,–,–,–,–,–,49.5,–,61.8,50.1,62.4,–,5.5,–,WT460X212.5,WT460X212.5,213.0,27100,480,479,–,–,–,312,311,–,–,–,26.9,27,14.3,49,49.2,–,–,–,68.1,79.4,–,–,128,–,–,43.4,3.19,–,–,–,–,17.8,566.0,2870.0,1610.0,145.0,125.0,1270.0,801.0,68.1,–,–,–,15100,76.3,–,–,–,–,–,–,–,190,0.706,–,–,–,–,–,–,–,–,–,–,–,–,–,–,–,–,1260,–,1570,1270,1580,–,140,–,2.68
WT,WT18X128,WT18X128,F,128.0,37.6,18.7,18.625,–,–,–,12.2,12.25,–,–,–,0.96,0.9375,0.5,1.73,1.75,–,–,–,2.48,2.9375,–,–,4.92,–,–,1.54,3.53,–,–,–,–,19.5,1210.0,156.0,87.4,5.66,264.0,68.5,43.2,2.65,–,,–,26.4,205,–,–,–,–,–,–,–,7.45,0.703,–,–,–,–,–,–,–,–,–,–,–,–,–,–,–,–,48.6,–,60.8,49.599999999999994,61.8,–,5.5,–,WT460X190.5,WT460X190.5,191.0,24300,475,473,–,–,–,310,311,–,–,–,24.4,23.8,12.7,43.9,44.4,–,–,–,63,74.6,–,–,125,–,–,39.1,3.53,–,–,–,–,19.5,504.0,2560.0,1430.0,144.0,110.0,1120.0,708.0,67.3,–,–,–,11000,55,–,–,–,–,–,–,–,189,0.703,–,–,–,–,–,–,–,–,–,–,–,–,–,–,–,–,1230,–,1540,1260,1570,–,140,–,2.65
WT,WT18X116,WT18X116,F,116.0,34.0,18.6,18.5,–,–,–,12.1,12.125,–,–,–,0.87,0.875,0.4375,1.57,1.5625,–,–,–,2.32,2.8125,–,–,4.82,–,–,1.4,3.86,–,–,–,–,21.4,1080.0,140.0,78.5,5.63,234.0,60.9,38.6,2.62,–,,–,19.7,151,–,–,–,–,–,–,–,7.4,0.703,–,–,–,–,–,–,–,–,–,–,–,–,–,–,–,–,48.3,–,60.4,49.300000000000004,61.400000000000006,–,5.5,–,WT460X172.5,WT460X172.5,173.0,21900,472,470,–,–,–,307,308,–,–,–,22.1,22.2,11.1,39.9,39.7,–,–,–,58.9,71.4,–,–,122,–,–,35.6,3.86,–,–,–,–,21.4,450.0,2290.0,1290.0,143.0,97.4,998.0,633.0,66.5,–,–,–,8200,40.5,–,–,–,–,–,–,–,188,0.703,–,–,–,–,–,–,–,–,–,–,–,–,–,–,–,–,1230,–,1530,1250,1560,–,140,–,2.62
WT,WT18X105,WT18X105,F,105.0,30.9,18.3,18.25,–,–,–,12.2,12.125,–,–,–,0.83,0.8125,0.4375,1.36,1.375,–,–,–,2.11,2.625,–,–,4.87,–,–,1.27,4.48,–,–,–,–,22,985.0,131.0,73.1,5.65,206.0,53.4,33.8,2.58,–,,–,13.9,119,–,–,–,–,–,–,–,7.49,0.687,–,–,–,–,–,–,–,–,–,–,–,–,–,–,–,–,47.8,–,60,48.8,61,–,5.5,–,WT460X156.5,WT460X156.5,157.0,19900,465,464,–,–,–,310,308,–,–,–,21.1,20.6,11.1,34.5,34.9,–,–,–,53.6,66.7,–,–,124,–,–,32.3,4.48,–,–,–,–,22,410.0,2150.0,1200.0,144.0,85.7,875.0,554.0,65.5,–,–,–,5790,32,–,–,–,–,–,–,–,190,0.687,–,–,–,–,–,–,–,–,–,–,–,–,–,–,–,–,1210,–,1520,1240,1550,–,140,–,2.58
WT,WT18X97,WT18X97,F,97.0,28.5,18.2,18.125,–,–,–,12.1,12.125,–,–,–,0.765,0.75,0.375,1.26,1.25,–,–,–,2.01,2.5,–,–,4.8,–,–,1.18,4.81,–,–,–,–,23.8,901.0,120.0,67.0,5.62,187.0,48.8,30.9,2.56,–,,–,11.1,92.7,–,–,–,–,–,–,–,7.45,0.688,–,–,–,–,–,–,–,–,–,–,–,–,–,–,–,–,47.5,–,59.6,48.49999999999999,60.599999999999994,–,5.5,–,WT460X144.5,WT460X144.5,145.0,18400,462,460,–,–,–,307,308,–,–,–,19.4,19,9.52,32,31.8,–,–,–,51.1,63.5,–,–,122,–,–,30,4.81,–,–,–,–,23.8,375.0,1970.0,1100.0,143.0,77.8,800.0,506.0,65.0,–,–,–,4620,24.9,–,–,–,–,–,–,–,189,0.688,–,–,–,–,–,–,–,–,–,–,–,–,–,–,–,–,1210,–,1510,1230,1540,–,140,–,2.56
WT,WT18X91,WT18X91,F,91.0,26.8,18.2,18.125,–,–,–,12.1,12.125,–,–,–,0.725,0.75,0.375,1.18,1.1875,–,–,–,1.93,2.375,–,–,4.77,–,–,1.11,5.12,–,–,–,–,25.1,845.0,113.0,63.1,5.62,174.0,45.3,28.8,2.55,–,,–,9.2,77.6,–,–,–,–,–,–,–,7.45,0.685,–,–,–,–,–,–,–,–,–,–,–,–,–,–,–,–,47.5,–,59.6,48.49999999999999,60.599999999999994,–,5.5,–,WT460X135.5,WT460X135.5,136.0,17300,462,460,–,–,–,307,308,–,–,–,18.4,19,9.52,30,30.2,–,–,–,49,60.3,–,–,121,–,–,28.2,5.12,–,–,–,–,25.1,352.0,1850.0,1030.0,143.0,72.4,742.0,472.0,64.8,–,–,–,3830,20.8,–,–,–,–,–,–,–,189,0.685,–,–,–,–,–,–,–,–,–,–,–,–,–,–,–,–,1210,–,1510,1230,1540,–,140,–,2.55
WT,WT18X85,WT18X85,F,85.0,25.0,18.1,18,–,–,–,12,12,–,–,–,0.68,0.6875,0.375,1.1,1.125,–,–,–,1.85,2.375,–,–,4.73,–,–,1.04,5.47,–,–,–,–,26.6,786.0,105.0,58.9,5.61,160.0,41.8,26.6,2.53,–,,–,7.51,63.2,–,–,–,–,–,–,–,7.44,0.684,–,–,–,–,–,–,–,–,–,–,–,–,–,–,–,–,47.2,–,59.2,48.2,60.2,–,5.5,–,WT460X126.5,WT460X126.5,127.0,16100,460,457,–,–,–,305,305,–,–,–,17.3,17.5,9.52,27.9,28.6,–,–,–,47,60.3,–,–,120,–,–,26.4,5.47,–,–,–,–,26.6,327.0,1720.0,965.0,142.0,66.6,685.0,436.0,64.3,–,–,–,3130,17,–,–,–,–,–,–,–,189,0.684,–,–,–,–,–,–,–,–,–,–,–,–,–,–,–,–,1200,–,1500,1220,1530,–,140,–,2.53
WT,WT18X80,WT18X80,F,80.0,23.5,18,18,–,–,–,12,12,–,–,–,0.65,0.625,0.3125,1.02,1,–,–,–,1.77,2.25,–,–,4.74,–,–,0.98,5.88,–,–,–,–,27.7,740.0,100.0,55.8,5.61,147.0,38.6,24.6,2.5,–,,–,6.17,53.6,–,–,–,–,–,–,–,7.46,0.678,–,–,–,–,–,–,–,–,–,–,–,–,–,–,–,–,47,–,59,48,60,–,5.5,–,WT460X119,WT460X119,119.0,15200,457,457,–,–,–,305,305,–,–,–,16.5,15.9,7.94,25.9,25.4,–,–,–,45,57.2,–,–,120,–,–,24.9,5.88,–,–,–,–,27.7,308.0,1640.0,914.0,142.0,61.2,633.0,403.0,63.5,–,–,–,2570,14.4,–,–,–,–,–,–,–,189,0.678,–,–,–,–,–,–,–,–,–,–,–,–,–,–,–,–,1190,–,1500,1220,1520,–,140,–,2.5
WT,WT18X75,WT18X75,F,75.0,22.1,17.9,17.875,–,–,–,12,12,–,–,–,0.625,0.625,0.3125,0.94,0.9375,–,–,–,1.69,2.1875,–,–,4.78,–,–,0.923,6.37,–,–,–,–,28.6,698.0,95.5,53.1,5.62,135.0,35.4,22.5,2.47,–,,–,5.04,46,–,–,–,–,–,–,–,7.5,0.67,–,–,–,–,–,–,–,–,–,–,–,–,–,–,–,–,46.8,–,58.8,47.8,59.8,–,5.5,–,WT460X111.5,WT460X111.5,112.0,14300,455,454,–,–,–,305,305,–,–,–,15.9,15.9,7.94,23.9,23.8,–,–,–,42.9,55.6,–,–,121,–,–,23.4,6.37,–,–,–,–,28.6,291.0,1560.0,870.0,143.0,56.2,580.0,369.0,62.7,–,–,–,2100,12.4,–,–,–,–,–,–,–,191,0.67,–,–,–,–,–,–,–,–,–,–,–,–,–,–,–,–,1190,–,1490,1210,1520,–,140,–,2.47
WT,WT18X67.5,WT18X67.5,F,67.5,19.9,17.8,17.75,–,–,–,12,12,–,–,–,0.6,0.625,0.3125,0.79,0.8125,–,–,–,1.54,2.0625,–,–,4.96,–,–,1.23,7.56,–,–,–,–,29.7,637.0,90.1,49.7,5.66,113.0,29.8,18.9,2.38,–,,–,3.48,37.3,–,–,–,–,–,–,–,7.65,0.644,–,–,–,–,–,–,–,–,–,–,–,–,–,–,–,–,46.6,–,58.6,47.6,59.6,–,5.5,–,WT460X100.5,WT460X100.5,101.0,12800,452,451,–,–,–,305,305,–,–,–,15.2,15.9,7.94,20.1,20.6,–,–,–,39.1,52.4,–,–,126,–,–,31.2,7.56,–,–,–,–,29.7,265.0,1480.0,814.0,144.0,47.0,488.0,310.0,60.5,–,–,–,1450,10,–,–,–,–,–,–,–,194,0.644,–,–,–,–,–,–,–,–,–,–,–,–,–,–,–,–,1180,–,1490,1210,1510,–,140,–,2.38
WT,WT16.5X193.5,WT16.5X193.5,T,193.5,57.0,18,18,–,–,–,16.2,16.25,–,–,–,1.26,1.25,0.625,2.28,2.25,–,–,–,3.07,3.5625,–,–,4.27,–,–,1.76,3.55,–,–,–,–,14.3,1460.0,193.0,107.0,5.07,810.0,156.0,100.0,3.77,–,,–,73.9,615,–,–,–,–,–,–,–,7.05,0.803,–,–,–,–,–,–,–,–,–,–,–,–,–,–,–,–,51.2,–,67.4,52.2,68.4,–,5.5,3,WT420X288,WT420X288,288.0,36800,457,457,–,–,–,411,413,–,–,–,32,31.8,15.9,57.9,57.2,–,–,–,78,90.5,–,–,108,–,–,44.7,3.55,–,–,–,–,14.3,608.0,3160.0,1750.0,129.0,337.0,2560.0,1640.0,95.8,–,–,–,30800,165,–,–,–,–,–,–,–,179,0.803,–,–,–,–,–,–,–,–,–,–,–,–,–,–,–,–,1300,–,1710,1330,1740,–,140,76.2,3.77
WT,WT16.5X177,WT16.5X177,T,177.0,52.1,17.8,17.75,–,–,–,16.1,16.125,–,–,–,1.16,1.1875,0.625,2.09,2.0625,–,–,–,2.88,3.375,–,–,4.15,–,–,1.62,3.85,–,–,–,–,15.3,1320.0,174.0,96.8,5.03,729.0,141.0,90.6,3.74,–,,–,57.1,468,–,–,–,–,–,–,–,7,0.803,–,–,–,–,–,–,–,–,–,–,–,–,–,–,–,–,50.7,–,66.8,51.70000000000001,67.80000000000001,–,5.5,3,WT420X263.5,WT420X263.5,264.0,33600,452,451,–,–,–,409,410,–,–,–,29.5,30.2,15.9,53.1,52.4,–,–,–,73.2,85.7,–,–,105,–,–,41.1,3.85,–,–,–,–,15.3,549.0,2850.0,1590.0,128.0,303.0,2310.0,1480.0,95.0,–,–,–,23800,126,–,–,–,–,–,–,–,178,0.803,–,–,–,–,–,–,–,–,–,–,–,–,–,–,–,–,1290,–,1700,1310,1720,–,140,76.2,3.74
WT,WT16.5X159,WT16.5X159,F,159.0,46.8,17.6,17.5,–,–,–,16,16,–,–,–,1.04,1.0625,0.5625,1.89,1.875,–,–,–,2.68,3.1875,–,–,4.02,–,–,1.46,4.23,–,–,–,–,16.9,1160.0,154.0,85.8,4.99,645.0,125.0,80.7,3.71,–,,–,42.1,335,–,–,–,–,–,–,–,6.93,0.804,–,–,–,–,–,–,–,–,–,–,–,–,–,–,–,–,50.2,–,66.2,51.2,67.2,–,5.5,3,WT420X236.5,WT420X236.5,237.0,30200,447,445,–,–,–,406,406,–,–,–,26.4,27,14.3,48,47.6,–,–,–,68.1,81,–,–,102,–,–,37.1,4.23,–,–,–,–,16.9,483.0,2520.0,1410.0,127.0,268.0,2050.0,1320.0,94.2,–,–,–,17500,90,–,–,–,–,–,–,–,176,0.804,–,–,–,–,–,–,–,–,–,–,–,–,–,–,–,–,1280,–,1680,1300,1710,–,140,76.2,3.71
WT,WT16.5X145.5,WT16.5X145.5,F,145.5,42.8,17.4,17.375,–,–,–,15.9,15.875,–,–,–,0.96,0.9375,0.5,1.73,1.75,–,–,–,2.52,2.9375,–,–,3.93,–,–,1.35,4.6,–,–,–,–,18.1,1060.0,140.0,78.3,4.96,581.0,113.0,73.1,3.68,–,,–,32.5,256,–,–,–,–,–,–,–,6.9,0.802,–,–,–,–,–,–,–,–,–,–,–,–,–,–,–,–,49.7,–,65.6,50.699999999999996,66.6,–,5.5,3,WT420X216.5,WT420X216.5,217.0,27600,442,441,–,–,–,404,403,–,–,–,24.4,23.8,12.7,43.9,44.4,–,–,–,64,74.6,–,–,99.8,–,–,34.3,4.6,–,–,–,–,18.1,441.0,2290.0,1280.0,126.0,242.0,1850.0,1200.0,93.5,–,–,–,13500,68.7,–,–,–,–,–,–,–,175,0.802,–,–,–,–,–,–,–,–,–,–,–,–,–,–,–,–,1260,–,1670,1290,1690,–,140,76.2,3.68
WT,WT16.5X131.5,WT16.5X131.5,F,131.5,38.7,17.3,17.25,–,–,–,15.8,15.75,–,–,–,0.87,0.875,0.4375,1.57,1.5625,–,–,–,2.36,2.8125,–,–,3.83,–,–,1.23,5.03,–,–,–,–,19.9,943.0,125.0,70.2,4.93,517.0,101.0,65.5,3.65,–,,–,24.3,188,–,–,–,–,–,–,–,6.86,0.802,–,–,–,–,–,–,–,–,–,–,–,–,–,–,–,–,49.4,–,65.2,50.400000000000006,66.2,–,5.5,3,WT420X196,WT420X196,196.0,25000,439,438,–,–,–,401,400,–,–,–,22.1,22.2,11.1,39.9,39.7,–,–,–,59.9,71.4,–,–,97.3,–,–,31.2,5.03,–,–,–,–,19.9,393.0,2050.0,1150.0,125.0,215.0,1660.0,1070.0,92.7,–,–,–,10100,50.5,–,–,–,–,–,–,–,174,0.802,–,–,–,–,–,–,–,–,–,–,–,–,–,–,–,–,1250,–,1660,1280,1680,–,140,76.2,3.65
WT,WT16.5X120.5,WT16.5X120.5,F,120.5,35.6,17.1,17,–,–,–,15.9,15.875,–,–,–,0.83,0.8125,0.4375,1.4,1.375,–,–,–,2.19,2.6875,–,–,3.84,–,–,1.12,5.66,–,–,–,–,20.6,872.0,116.0,65.8,4.96,466.0,90.8,58.8,3.62,–,,–,18,146,–,–,–,–,–,–,–,6.9,0.792,–,–,–,–,–,–,–,–,–,–,–,–,–,–,–,–,49.1,–,65,50.1,66,–,5.5,3,WT420X179.5,WT420X179.5,180.0,23000,434,432,–,–,–,404,403,–,–,–,21.1,20.6,11.1,35.6,34.9,–,–,–,55.6,68.3,–,–,97.5,–,–,28.4,5.66,–,–,–,–,20.6,363.0,1900.0,1080.0,126.0,194.0,1490.0,964.0,91.9,–,–,–,7490,39.2,–,–,–,–,–,–,–,175,0.792,–,–,–,–,–,–,–,–,–,–,–,–,–,–,–,–,1250,–,1650,1270,1680,–,140,76.2,3.62
WT,WT16.5X110.5,WT16.5X110.5,F,110.5,32.6,17,17,–,–,–,15.8,15.75,–,–,–,0.775,0.75,0.375,1.28,1.25,–,–,–,2.06,2.5,–,–,3.81,–,–,1.03,6.2,–,–,–,–,21.9,799.0,107.0,60.8,4.95,420.0,82.1,53.2,3.59,–,,–,13.9,113,–,–,–,–,–,–,–,6.89,0.788,–,–,–,–,–,–,–,–,–,–,–,–,–,–,–,–,48.8,–,64.6,49.8,65.6,–,5.5,3,WT420X164.5,WT420X164.5,165.0,21000,432,432,–,–,–,401,400,–,–,–,19.7,19,9.52,32.5,31.8,–,–,–,52.3,63.5,–,–,96.8,–,–,26.2,6.2,–,–,–,–,21.9,333.0,1750.0,996.0,126.0,175.0,1350.0,872.0,91.2,–,–,–,5790,30.3,–,–,–,–,–,–,–,175,0.788,–,–,–,–,–,–,–,–,–,–,–,–,–,–,–,–,1240,–,1640,1260,1670,–,140,76.2,3.59
WT,WT16.5X100.5,WT16.5X100.5,F,100.5,29.7,16.8,16.75,–,–,–,15.7,15.75,–,–,–,0.715,0.6875,0.375,1.15,1.125,–,–,–,1.94,2.4375,–,–,3.77,–,–,0.94,6.85,–,–,–,–,23.5,725.0,97.8,55.5,4.95,375.0,73.3,47.6,3.56,–,,–,10.4,84.9,–,–,–,–,–,–,–,6.88,0.784,–,–,–,–,–,–,–,–,–,–,–,–,–,–,–,–,48.3,–,64,49.3,65,–,5.5,3,WT420X149.5,WT420X149.5,150.0,19200,427,425,–,–,–,399,400,–,–,–,18.2,17.5,9.52,29.2,28.6,–,–,–,49.3,61.9,–,–,95.8,–,–,23.9,6.85,–,–,–,–,23.5,302.0,1600.0,909.0,126.0,156.0,1200.0,780.0,90.4,–,–,–,4330,22.8,–,–,–,–,–,–,–,175,0.784,–,–,–,–,–,–,–,–,–,–,–,–,–,–,–,–,1230,–,1630,1250,1650,–,140,76.2,3.56
WT,WT16.5X84.5,WT16.5X84.5,F,84.5,24.7,16.9,16.875,–,–,–,11.5,11.5,–,–,–,0.67,0.6875,0.375,1.22,1.25,–,–,–,1.92,2.4375,–,–,4.21,–,–,1.08,4.71,–,–,–,–,25.2,649.0,90.8,51.1,5.12,155.0,42.1,27.0,2.5,–,,–,8.81,55.4,–,–,–,–,–,–,–,6.74,0.715,–,–,–,–,–,–,–,–,–,–,–,–,–,–,–,–,44.3,–,55.8,45.3,56.8,–,5.5,–,WT420X125.5,WT420X125.5,126.0,15900,429,429,–,–,–,292,292,–,–,–,17,17.5,9.52,31,31.8,–,–,–,48.8,61.9,–,–,107,–,–,27.4,4.71,–,–,–,–,25.2,270.0,1490.0,837.0,130.0,64.5,690.0,442.0,63.5,–,–,–,3670,14.9,–,–,–,–,–,–,–,171,0.715,–,–,–,–,–,–,–,–,–,–,–,–,–,–,–,–,1130,–,1420,1150,1440,–,140,–,2.5
WT,WT16.5X76,WT16.5X76,F,76.0,22.5,16.7,16.625,–,–,–,11.6,11.625,–,–,–,0.635,0.625,0.3125,1.06,1.0625,–,–,–,1.76,2.3125,–,–,4.26,–,–,0.967,5.48,–,–,–,–,26.3,592.0,84.5,47.4,5.14,136.0,36.9,23.6,2.47,–,,–,6.16,43,–,–,–,–,–,–,–,6.82,0.7,–,–,–,–,–,–,–,–,–,–,–,–,–,–,–,–,44,–,55.6,44.99999999999999,56.599999999999994,–,5.5,–,WT420X113,WT420X113,113.0,14500,424,422,–,–,–,295,295,–,–,–,16.1,15.9,7.94,26.9,27,–,–,–,44.7,58.7,–,–,108,–,–,24.6,5.48,–,–,–,–,26.3,246.0,1380.0,777.0,131.0,56.6,605.0,387.0,62.7,–,–,–,2560,11.5,–,–,–,–,–,–,–,173,0.7,–,–,–,–,–,–,–,–,–,–,–,–,–,–,–,–,1120,–,1410,1140,1440,–,140,–,2.47
WT,WT16.5X70.5,WT16.5X70.5,F,70.5,20.7,16.7,16.625,–,–,–,11.5,11.5,–,–,–,0.605,0.625,0.3125,0.96,0.9375,–,–,–,1.66,2.1875,–,–,4.29,–,–,0.901,6.01,–,–,–,–,27.6,552.0,79.8,44.7,5.15,123.0,33.4,21.3,2.43,–,,–,4.84,35.4,–,–,–,–,–,–,–,6.86,0.691,–,–,–,–,–,–,–,–,–,–,–,–,–,–,–,–,43.9,–,55.4,44.9,56.4,–,5.5,–,WT420X105,WT420X105,105.0,13400,424,422,–,–,–,292,292,–,–,–,15.4,15.9,7.94,24.4,23.8,–,–,–,42.2,55.6,–,–,109,–,–,22.9,6.01,–,–,–,–,27.6,230.0,1310.0,733.0,131.0,51.2,547.0,349.0,61.7,–,–,–,2010,9.51,–,–,–,–,–,–,–,174,0.691,–,–,–,–,–,–,–,–,–,–,–,–,–,–,–,–,1120,–,1410,1140,1430,–,140,–,2.43
WT,WT16.5X65,WT16.5X65,F,65.0,19.1,16.5,16.5,–,–,–,11.5,11.5,–,–,–,0.58,0.5625,0.3125,0.855,0.875,–,–,–,1.56,2.125,–,–,4.36,–,–,0.832,6.73,–,–,–,–,28.4,513.0,75.6,42.1,5.18,109.0,29.7,18.9,2.38,–,,–,3.67,29.3,–,–,–,–,–,–,–,6.93,0.677,–,–,–,–,–,–,–,–,–,–,–,–,–,–,–,–,43.5,–,55,44.5,56,–,5.5,–,WT420X96.5,WT420X96.5,96.5,12300,419,419,–,–,–,292,292,–,–,–,14.7,14.3,7.94,21.7,22.2,–,–,–,39.6,54,–,–,111,–,–,21.1,6.73,–,–,–,–,28.4,214.0,1240.0,690.0,132.0,45.4,487.0,310.0,60.5,–,–,–,1530,7.87,–,–,–,–,–,–,–,176,0.677,–,–,–,–,–,–,–,–,–,–,–,–,–,–,–,–,1100,–,1400,1130,1420,–,140,–,2.38
WT,WT16.5X59,WT16.5X59,F,59.0,17.4,16.4,16.375,–,–,–,11.5,11.5,–,–,–,0.55,0.5625,0.3125,0.74,0.75,–,–,–,1.44,2,–,–,4.47,–,–,0.862,7.76,–,–,–,–,29.8,469.0,70.8,39.2,5.2,93.5,25.6,16.3,2.32,–,,–,2.64,23.4,–,–,–,–,–,–,–,7.02,0.659,–,–,–,–,–,–,–,–,–,–,–,–,–,–,–,–,43.3,–,54.8,44.3,55.8,–,5.5,–,WT420X88,WT420X88,88.0,11200,417,416,–,–,–,292,292,–,–,–,14,14.3,7.94,18.8,19,–,–,–,36.6,50.8,–,–,114,–,–,21.9,7.76,–,–,–,–,29.8,195.0,1160.0,642.0,132.0,38.9,420.0,267.0,58.9,–,–,–,1100,6.28,–,–,–,–,–,–,–,178,0.659,–,–,–,–,–,–,–,–,–,–,–,–,–,–,–,–,1100,–,1390,1130,1420,–,140,–,2.32
WT,WT15X195.5,WT15X195.5,T,195.5,57.6,16.6,16.5,–,–,–,15.6,15.625,–,–,–,1.36,1.375,0.6875,2.44,2.4375,–,–,–,3.23,3.75,–,–,4,–,–,1.85,3.19,–,–,–,–,12.2,1220.0,177.0,96.9,4.61,774.0,155.0,99.2,3.67,–,,–,86.3,636,–,–,–,–,–,–,–,6.51,0.817,–,–,–,–,–,–,–,–,–,–,–,–,–,–,–,–,47.8,–,63.4,48.800000000000004,64.4,–,5.5,3,WT380X291,WT380X291,291.0,37200,422,419,–,–,–,396,397,–,–,–,34.5,34.9,17.5,62,61.9,–,–,–,82,95.3,–,–,102,–,–,47,3.19,–,–,–,–,12.2,508.0,2900.0,1590.0,117.0,322.0,2540.0,1630.0,93.2,–,–,–,35900,171,–,–,–,–,–,–,–,165,0.817,–,–,–,–,–,–,–,–,–,–,–,–,–,–,–,–,1210,–,1610,1240,1640,–,140,76.2,3.67
WT,WT15X178.5,WT15X178.5,T,178.5,52.5,16.4,16.375,–,–,–,15.5,15.5,–,–,–,1.24,1.25,0.625,2.24,2.25,–,–,–,3.03,3.5,–,–,3.87,–,–,1.7,3.45,–,–,–,–,13.2,1090.0,159.0,87.2,4.56,693.0,140.0,89.6,3.64,–,,–,66.6,478,–,–,–,–,–,–,–,6.45,0.818,–,–,–,–,–,–,–,–,–,–,–,–,–,–,–,–,47.3,–,62.8,48.3,63.8,–,5.5,3,WT380X265.5,WT380X265.5,266.0,33900,417,416,–,–,–,394,394,–,–,–,31.5,31.8,15.9,56.9,57.2,–,–,–,77,88.9,–,–,98.3,–,–,43.2,3.45,–,–,–,–,13.2,454.0,2610.0,1430.0,116.0,288.0,2290.0,1470.0,92.5,–,–,–,27700,128,–,–,–,–,–,–,–,164,0.818,–,–,–,–,–,–,–,–,–,–,–,–,–,–,–,–,1200,–,1600,1230,1620,–,140,76.2,3.64
WT,WT15X163,WT15X163,T,163.0,48.0,16.2,16.125,–,–,–,15.4,15.375,–,–,–,1.14,1.125,0.5625,2.05,2.0625,–,–,–,2.84,3.3125,–,–,3.76,–,–,1.56,3.75,–,–,–,–,14.2,981.0,143.0,78.8,4.52,622.0,126.0,81.0,3.6,–,,–,51.2,361,–,–,–,–,–,–,–,6.4,0.817,–,–,–,–,–,–,–,–,–,–,–,–,–,–,–,–,46.8,–,62.2,47.800000000000004,63.2,–,5.5,3,WT380X242,WT380X242,242.0,31000,411,410,–,–,–,391,391,–,–,–,29,28.6,14.3,52.1,52.4,–,–,–,72.1,84.1,–,–,95.5,–,–,39.6,3.75,–,–,–,–,14.2,408.0,2340.0,1290.0,115.0,259.0,2060.0,1330.0,91.4,–,–,–,21300,96.9,–,–,–,–,–,–,–,163,0.817,–,–,–,–,–,–,–,–,–,–,–,–,–,–,–,–,1190,–,1580,1210,1610,–,140,76.2,3.6
WT,WT15X146,WT15X146,F,146.0,43.0,16,16,–,–,–,15.3,15.25,–,–,–,1.02,1,0.5,1.85,1.875,–,–,–,2.64,3.125,–,–,3.62,–,–,1.41,4.12,–,–,–,–,15.7,861.0,125.0,69.6,4.48,549.0,111.0,71.9,3.58,–,,–,37.5,257,–,–,–,–,–,–,–,6.33,0.819,–,–,–,–,–,–,–,–,–,–,–,–,–,–,–,–,46.3,–,61.6,47.3,62.6,–,5.5,3,WT380X217,WT380X217,217.0,27700,406,406,–,–,–,389,387,–,–,–,25.9,25.4,12.7,47,47.6,–,–,–,67.1,79.4,–,–,91.9,–,–,35.8,4.12,–,–,–,–,15.7,358.0,2050.0,1140.0,114.0,229.0,1820.0,1180.0,90.9,–,–,–,15600,69,–,–,–,–,–,–,–,161,0.819,–,–,–,–,–,–,–,–,–,–,–,–,–,–,–,–,1180,–,1560,1200,1590,–,140,76.2,3.58
WT,WT15X130.5,WT15X130.5,F,130.5,38.5,15.8,15.75,–,–,–,15.2,15.125,–,–,–,0.93,0.9375,0.5,1.65,1.625,–,–,–,2.44,2.9375,–,–,3.54,–,–,1.27,4.59,–,–,–,–,17,765.0,112.0,62.4,4.46,480.0,97.9,63.3,3.53,–,,–,26.9,184,–,–,–,–,–,–,–,6.3,0.815,–,–,–,–,–,–,–,–,–,–,–,–,–,–,–,–,45.8,–,61,46.8,62,–,5.5,3,WT380X194.5,WT380X194.5,195.0,24800,401,400,–,–,–,386,384,–,–,–,23.6,23.8,12.7,41.9,41.3,–,–,–,62,74.6,–,–,89.9,–,–,32.3,4.59,–,–,–,–,17,318.0,1840.0,1020.0,113.0,200.0,1600.0,1040.0,89.7,–,–,–,11200,49.4,–,–,–,–,–,–,–,160,0.815,–,–,–,–,–,–,–,–,–,–,–,–,–,–,–,–,1160,–,1550,1190,1570,–,140,76.2,3.53
WT,WT15X117.5,WT15X117.5,F,117.5,34.7,15.7,15.625,–,–,–,15.1,15,–,–,–,0.83,0.8125,0.4375,1.5,1.5,–,–,–,2.29,2.75,–,–,3.41,–,–,1.15,5.02,–,–,–,–,18.9,674.0,98.2,55.1,4.41,427.0,87.5,56.8,3.51,–,,–,20.1,133,–,–,–,–,–,–,–,6.24,0.818,–,–,–,–,–,–,–,–,–,–,–,–,–,–,–,–,45.5,–,60.6,46.49999999999999,61.599999999999994,–,5.5,3,WT380X175,WT380X175,175.0,22400,399,397,–,–,–,384,381,–,–,–,21.1,20.6,11.1,38.1,38.1,–,–,–,58.2,69.9,–,–,86.6,–,–,29.2,5.02,–,–,–,–,18.9,281.0,1610.0,903.0,112.0,178.0,1430.0,931.0,89.2,–,–,–,8370,35.7,–,–,–,–,–,–,–,158,0.818,–,–,–,–,–,–,–,–,–,–,–,–,–,–,–,–,1160,–,1540,1180,1560,–,140,76.2,3.51
WT,WT15X105.5,WT15X105.5,F,105.5,31.1,15.5,15.5,–,–,–,15.1,15.125,–,–,–,0.775,0.75,0.375,1.32,1.3125,–,–,–,2.1,2.5625,–,–,3.39,–,–,1.03,5.74,–,–,–,–,20,610.0,89.5,50.5,4.43,378.0,77.2,50.1,3.49,–,,–,14.1,96.4,–,–,–,–,–,–,–,6.27,0.809,–,–,–,–,–,–,–,–,–,–,–,–,–,–,–,–,45.1,–,60.2,46.1,61.2,–,5.5,3,WT380X157,WT380X157,157.0,20100,394,394,–,–,–,384,384,–,–,–,19.7,19,9.52,33.5,33.3,–,–,–,53.3,65.1,–,–,86.1,–,–,26.2,5.74,–,–,–,–,20,254.0,1470.0,828.0,113.0,157.0,1270.0,821.0,88.6,–,–,–,5870,25.9,–,–,–,–,–,–,–,159,0.809,–,–,–,–,–,–,–,–,–,–,–,–,–,–,–,–,1150,–,1530,1170,1550,–,140,76.2,3.49
WT,WT15X95.5,WT15X95.5,F,95.5,28.0,15.3,15.25,–,–,–,15,15,–,–,–,0.71,0.6875,0.375,1.19,1.1875,–,–,–,1.97,2.5,–,–,3.34,–,–,0.935,6.35,–,–,–,–,21.5,549.0,80.8,45.7,4.42,336.0,68.9,44.7,3.46,–,,–,10.5,71.2,–,–,–,–,–,–,–,6.25,0.807,–,–,–,–,–,–,–,–,–,–,–,–,–,–,–,–,44.6,–,59.6,45.6,60.6,–,5.5,3,WT380X142,WT380X142,142.0,18100,389,387,–,–,–,381,381,–,–,–,18,17.5,9.52,30.2,30.2,–,–,–,50,63.5,–,–,84.8,–,–,23.7,6.35,–,–,–,–,21.5,229.0,1320.0,749.0,112.0,140.0,1130.0,733.0,87.9,–,–,–,4370,19.1,–,–,–,–,–,–,–,159,0.807,–,–,–,–,–,–,–,–,–,–,–,–,–,–,–,–,1130,–,1510,1160,1540,–,140,76.2,3.46
WT,WT15X86.5,WT15X86.5,F,86.5,25.4,15.2,15.125,–,–,–,15,15,–,–,–,0.655,0.625,0.3125,1.07,1.0625,–,–,–,1.85,2.3125,–,–,3.31,–,–,0.851,7.04,–,–,–,–,23.2,497.0,73.5,41.7,4.42,299.0,61.4,39.9,3.42,–,,–,7.78,53,–,–,–,–,–,–,–,6.24,0.802,–,–,–,–,–,–,–,–,–,–,–,–,–,–,–,–,44.4,–,59.4,45.4,60.4,–,5.5,3,WT380X128.5,WT380X128.5,129.0,16400,386,384,–,–,–,381,381,–,–,–,16.6,15.9,7.94,27.2,27,–,–,–,47,58.7,–,–,84.1,–,–,21.6,7.04,–,–,–,–,23.2,207.0,1200.0,683.0,112.0,124.0,1010.0,654.0,86.9,–,–,–,3240,14.2,–,–,–,–,–,–,–,158,0.802,–,–,–,–,–,–,–,–,–,–,–,–,–,–,–,–,1130,–,1510,1150,1530,–,140,76.2,3.42
WT,WT15X74,WT15X74,F,74.0,21.8,15.3,15.25,–,–,–,10.5,10.5,–,–,–,0.65,0.625,0.3125,1.18,1.1875,–,–,–,1.83,2.5,–,–,3.84,–,–,1.04,4.44,–,–,–,–,23.5,466.0,72.2,40.6,4.63,114.0,33.9,21.7,2.28,–,,–,7.24,37.6,–,–,–,–,–,–,–,6.1,0.716,–,–,–,–,–,–,–,–,–,–,–,–,–,–,–,–,40.1,–,50.6,41.1,51.6,–,5.5,–,WT380X110,WT380X110,110.0,14100,389,387,–,–,–,267,267,–,–,–,16.5,15.9,7.94,30,30.2,–,–,–,46.5,63.5,–,–,97.5,–,–,26.4,4.44,–,–,–,–,23.5,194.0,1180.0,665.0,118.0,47.5,556.0,356.0,57.9,–,–,–,3010,10.1,–,–,–,–,–,–,–,155,0.716,–,–,–,–,–,–,–,–,–,–,–,–,–,–,–,–,1020,–,1290,1040,1310,–,140,–,2.28
WT,WT15X66,WT15X66,F,66.0,19.5,15.2,15.125,–,–,–,10.5,10.5,–,–,–,0.615,0.625,0.3125,1,1,–,–,–,1.65,2.25,–,–,3.9,–,–,0.921,5.27,–,–,–,–,24.7,421.0,66.8,37.4,4.66,98.0,29.2,18.6,2.25,–,,–,4.85,28.5,–,–,–,–,–,–,–,6.19,0.698,–,–,–,–,–,–,–,–,–,–,–,–,–,–,–,–,39.9,–,50.4,40.9,51.4,–,5.5,–,WT380X98,WT380X98,98.0,12600,386,384,–,–,–,267,267,–,–,–,15.6,15.9,7.94,25.4,25.4,–,–,–,41.9,57.2,–,–,99.1,–,–,23.4,5.27,–,–,–,–,24.7,175.0,1090.0,613.0,118.0,40.8,479.0,305.0,57.2,–,–,–,2020,7.65,–,–,–,–,–,–,–,157,0.698,–,–,–,–,–,–,–,–,–,–,–,–,–,–,–,–,1010,–,1280,1040,1310,–,140,–,2.25
WT,WT15X62,WT15X62,F,62.0,18.2,15.1,15,–,–,–,10.5,10.5,–,–,–,0.585,0.5625,0.3125,0.93,0.9375,–,–,–,1.58,2.25,–,–,3.9,–,–,0.867,5.65,–,–,–,–,25.8,396.0,63.1,35.3,4.66,90.4,27.0,17.2,2.23,–,,–,3.98,23.9,–,–,–,–,–,–,–,6.2,0.694,–,–,–,–,–,–,–,–,–,–,–,–,–,–,–,–,39.7,–,50.2,40.7,51.2,–,5.5,–,WT380X92.5,WT380X92.5,92.5,11700,384,381,–,–,–,267,267,–,–,–,14.9,14.3,7.94,23.6,23.8,–,–,–,40.1,57.2,–,–,99.1,–,–,22,5.65,–,–,–,–,25.8,165.0,1030.0,578.0,118.0,37.6,442.0,282.0,56.6,–,–,–,1660,6.42,–,–,–,–,–,–,–,157,0.694,–,–,–,–,–,–,–,–,–,–,–,–,–,–,–,–,1010,–,1280,1030,1300,–,140,–,2.23
WT,WT15X58,WT15X58,F,58.0,17.1,15,15,–,–,–,10.5,10.5,–,–,–,0.565,0.5625,0.3125,0.85,0.875,–,–,–,1.5,2.125,–,–,3.94,–,–,0.815,6.17,–,–,–,–,26.5,373.0,60.4,33.7,4.67,82.1,24.6,15.6,2.19,–,,–,3.21,20.5,–,–,–,–,–,–,–,6.24,0.683,–,–,–,–,–,–,–,–,–,–,–,–,–,–,–,–,39.5,–,50,40.5,51,–,5.5,–,WT380X86.5,WT380X86.5,86.5,11000,381,381,–,–,–,267,267,–,–,–,14.4,14.3,7.94,21.6,22.2,–,–,–,38.1,54,–,–,100,–,–,20.7,6.17,–,–,–,–,26.5,155.0,990.0,552.0,119.0,34.2,403.0,256.0,55.6,–,–,–,1340,5.5,–,–,–,–,–,–,–,158,0.683,–,–,–,–,–,–,–,–,–,–,–,–,–,–,–,–,1000,–,1270,1030,1300,–,140,–,2.19
WT,WT15X54,WT15X54,F,54.0,15.9,14.9,14.875,–,–,–,10.5,10.5,–,–,–,0.545,0.5625,0.3125,0.76,0.75,–,–,–,1.41,2,–,–,4.01,–,–,0.757,6.89,–,–,–,–,27.3,349.0,57.7,32.0,4.69,73.0,21.9,13.9,2.15,–,,–,2.49,17.3,–,–,–,–,–,–,–,6.31,0.668,–,–,–,–,–,–,–,–,–,–,–,–,–,–,–,–,39.3,–,49.8,40.3,50.8,–,5.5,–,WT380X80.5,WT380X80.5,80.5,10300,378,378,–,–,–,267,267,–,–,–,13.8,14.3,7.94,19.3,19,–,–,–,35.8,50.8,–,–,102,–,–,19.2,6.89,–,–,–,–,27.3,145.0,946.0,524.0,119.0,30.4,359.0,228.0,54.6,–,–,–,1040,4.65,–,–,–,–,–,–,–,160,0.668,–,–,–,–,–,–,–,–,–,–,–,–,–,–,–,–,998,–,1260,1020,1290,–,140,–,2.15
WT,WT15X49.5,WT15X49.5,F,49.5,14.5,14.8,14.75,–,–,–,10.5,10.5,–,–,–,0.52,0.5,0.25,0.67,0.6875,–,–,–,1.32,2,–,–,4.09,–,–,0.912,7.8,–,–,–,–,28.5,322.0,54.4,30.0,4.71,63.9,19.3,12.2,2.1,–,,–,1.88,14.3,–,–,–,–,–,–,–,6.38,0.653,–,–,–,–,–,–,–,–,–,–,–,–,–,–,–,–,39.1,–,49.6,40.1,50.6,–,5.5,–,WT380X73.5,WT380X73.5,73.5,9350,376,375,–,–,–,267,267,–,–,–,13.2,12.7,6.35,17,17.5,–,–,–,33.5,50.8,–,–,104,–,–,23.2,7.8,–,–,–,–,28.5,134.0,891.0,492.0,120.0,26.6,316.0,200.0,53.3,–,–,–,783,3.84,–,–,–,–,–,–,–,162,0.653,–,–,–,–,–,–,–,–,–,–,–,–,–,–,–,–,993,–,1260,1020,1290,–,140,–,2.1
WT,WT15X45,WT15X45,F,45.0,13.2,14.8,14.75,–,–,–,10.4,10.375,–,–,–,0.47,0.5,0.25,0.61,0.625,–,–,–,1.26,1.875,–,–,4.04,–,–,0.835,8.52,–,–,–,–,31.5,290.0,49.0,27.1,4.69,57.3,17.3,11.0,2.09,–,,–,1.41,10.5,–,–,–,–,–,–,–,6.35,0.654,–,–,–,–,–,–,–,–,–,–,–,–,–,–,–,–,39,–,49.4,40.00000000000001,50.400000000000006,–,5.5,–,WT380X67,WT380X67,67.0,8520,376,375,–,–,–,264,264,–,–,–,11.9,12.7,6.35,15.5,15.9,–,–,–,32,47.6,–,–,103,–,–,21.2,8.52,–,–,–,–,31.5,121.0,803.0,444.0,119.0,23.9,283.0,180.0,53.1,–,–,–,587,2.82,–,–,–,–,–,–,–,161,0.654,–,–,–,–,–,–,–,–,–,–,–,–,–,–,–,–,991,–,1250,1020,1280,–,140,–,2.09
WT,WT13.5X269.5,WT13.5X269.5,T,269.5,79.3,16.3,16.25,–,–,–,15.3,15.25,–,–,–,1.97,2,1,3.54,3.5625,–,–,–,4.33,4.4375,–,–,4.34,–,–,2.6,2.15,–,–,–,–,8.3,1530.0,242.0,128.0,4.39,1060.0,218.0,138.0,3.65,–,,–,247,1740,–,–,–,–,–,–,–,6.26,0.831,–,–,–,–,–,–,–,–,–,–,–,–,–,–,–,–,47.2,–,62.5,47.900000000000006,63.2,–,5.5,–,WT345X401,WT345X401,401.0,51200,414,413,–,–,–,389,387,–,–,–,50,50.8,25.4,89.9,90.5,–,–,–,110,113,–,–,110,–,–,66,2.15,–,–,–,–,8.3,637.0,3970.0,2100.0,112.0,441.0,3570.0,2260.0,92.7,–,–,–,103000,467,–,–,–,–,–,–,–,159,0.831,–,–,–,–,–,–,–,–,–,–,–,–,–,–,–,–,1200,–,1590,1220,1610,–,140,–,3.65
WT,WT13.5X184,WT13.5X184,T,184.0,54.2,15.2,15.125,–,–,–,14.7,14.625,–,–,–,1.38,1.375,0.6875,2.48,2.5,–,–,–,3.27,3.6875,–,–,3.71,–,–,1.85,2.96,–,–,–,–,11,939.0,151.0,81.7,4.16,655.0,140.0,89.3,3.48,–,,–,84.5,532,–,–,–,–,–,–,–,5.96,0.828,–,–,–,–,–,–,–,–,–,–,–,–,–,–,–,–,44.1,–,58.8,45.099999999999994,59.8,–,5.5,–,WT345X274,WT345X274,274.0,35000,386,384,–,–,–,373,371,–,–,–,35.1,34.9,17.5,63,63.5,–,–,–,83.1,93.7,–,–,94.2,–,–,47,2.96,–,–,–,–,11,391.0,2470.0,1340.0,106.0,273.0,2290.0,1460.0,88.4,–,–,–,35200,143,–,–,–,–,–,–,–,151,0.828,–,–,–,–,–,–,–,–,–,–,–,–,–,–,–,–,1120,–,1490,1150,1520,–,140,–,3.48
WT,WT13.5X168,WT13.5X168,T,168.0,49.5,15,15,–,–,–,14.6,14.5,–,–,–,1.26,1.25,0.625,2.28,2.25,–,–,–,3.07,3.5,–,–,3.58,–,–,1.7,3.19,–,–,–,–,11.9,839.0,135.0,73.4,4.12,587.0,126.0,80.8,3.45,–,,–,65.4,401,–,–,–,–,–,–,–,5.9,0.829,–,–,–,–,–,–,–,–,–,–,–,–,–,–,–,–,43.6,–,58.2,44.6,59.2,–,5.5,–,WT345X250,WT345X250,250.0,31900,381,381,–,–,–,371,368,–,–,–,32,31.8,15.9,57.9,57.2,–,–,–,78,88.9,–,–,90.9,–,–,43.2,3.19,–,–,–,–,11.9,349.0,2210.0,1200.0,105.0,244.0,2060.0,1320.0,87.6,–,–,–,27200,108,–,–,–,–,–,–,–,150,0.829,–,–,–,–,–,–,–,–,–,–,–,–,–,–,–,–,1110,–,1480,1130,1500,–,140,–,3.45
WT,WT13.5X153.5,WT13.5X153.5,T,153.5,45.2,14.8,14.75,–,–,–,14.4,14.5,–,–,–,1.16,1.1875,0.625,2.09,2.0625,–,–,–,2.88,3.3125,–,–,3.47,–,–,1.56,3.46,–,–,–,–,12.8,753.0,121.0,66.4,4.08,527.0,113.0,72.9,3.41,–,,–,50.5,304,–,–,–,–,–,–,–,5.85,0.828,–,–,–,–,–,–,–,–,–,–,–,–,–,–,–,–,43,–,57.4,44.00000000000001,58.400000000000006,–,5.5,–,WT345X228.5,WT345X228.5,229.0,29200,376,375,–,–,–,366,368,–,–,–,29.5,30.2,15.9,53.1,52.4,–,–,–,73.2,84.1,–,–,88.1,–,–,39.6,3.46,–,–,–,–,12.8,313.0,1980.0,1090.0,104.0,219.0,1850.0,1190.0,86.6,–,–,–,21000,81.6,–,–,–,–,–,–,–,149,0.828,–,–,–,–,–,–,–,–,–,–,–,–,–,–,–,–,1090,–,1460,1120,1480,–,140,–,3.41
WT,WT13.5X140.5,WT13.5X140.5,F,140.5,41.5,14.6,14.5,–,–,–,14.4,14.375,–,–,–,1.06,1.0625,0.5625,1.93,1.9375,–,–,–,2.72,3.125,–,–,3.35,–,–,1.44,3.72,–,–,–,–,13.8,677.0,109.0,59.9,4.04,477.0,103.0,66.4,3.39,–,,–,39.6,232,–,–,–,–,–,–,–,5.79,0.83,–,–,–,–,–,–,–,–,–,–,–,–,–,–,–,–,42.6,–,57,43.6,58,–,5.5,–,WT345X209.5,WT345X209.5,210.0,26800,371,368,–,–,–,366,365,–,–,–,26.9,27,14.3,49,49.2,–,–,–,69.1,79.4,–,–,85.1,–,–,36.6,3.72,–,–,–,–,13.8,282.0,1790.0,982.0,103.0,199.0,1690.0,1090.0,86.1,–,–,–,16500,62.3,–,–,–,–,–,–,–,147,0.83,–,–,–,–,–,–,–,–,–,–,–,–,–,–,–,–,1080,–,1450,1110,1470,–,140,–,3.39
WT,WT13.5X129,WT13.5X129,F,129.0,38.1,14.5,14.5,–,–,–,14.3,14.25,–,–,–,0.98,1,0.5,1.77,1.75,–,–,–,2.56,3,–,–,3.27,–,–,1.33,4.03,–,–,–,–,14.8,613.0,98.9,54.7,4.02,430.0,93.3,60.2,3.36,–,,–,30.7,178,–,–,–,–,–,–,–,5.76,0.828,–,–,–,–,–,–,–,–,–,–,–,–,–,–,–,–,42.3,–,56.6,43.3,57.6,–,5.5,–,WT345X192,WT345X192,192.0,24600,368,368,–,–,–,363,362,–,–,–,24.9,25.4,12.7,45,44.4,–,–,–,65,76.2,–,–,83.1,–,–,33.8,4.03,–,–,–,–,14.8,255.0,1620.0,896.0,102.0,179.0,1530.0,987.0,85.3,–,–,–,12800,47.8,–,–,–,–,–,–,–,146,0.828,–,–,–,–,–,–,–,–,–,–,–,–,–,–,–,–,1070,–,1440,1100,1460,–,140,–,3.36
WT,WT13.5X117.5,WT13.5X117.5,F,117.5,34.7,14.3,14.25,–,–,–,14.2,14.25,–,–,–,0.91,0.9375,0.5,1.61,1.625,–,–,–,2.4,2.875,–,–,3.2,–,–,1.22,4.41,–,–,–,–,15.7,556.0,89.9,50.0,4.0,384.0,83.8,54.2,3.33,–,,–,23.4,135,–,–,–,–,–,–,–,5.73,0.825,–,–,–,–,–,–,–,–,–,–,–,–,–,–,–,–,41.8,–,56,42.8,57,–,5.5,–,WT345X175,WT345X175,175.0,22400,363,362,–,–,–,361,362,–,–,–,23.1,23.8,12.7,40.9,41.3,–,–,–,61,73,–,–,81.3,–,–,31,4.41,–,–,–,–,15.7,231.0,1470.0,819.0,102.0,160.0,1370.0,888.0,84.6,–,–,–,9740,36.3,–,–,–,–,–,–,–,146,0.825,–,–,–,–,–,–,–,–,–,–,–,–,–,–,–,–,1060,–,1420,1090,1450,–,140,–,3.33
WT,WT13.5X108.5,WT13.5X108.5,F,108.5,32.0,14.2,14.125,–,–,–,14.1,14.125,–,–,–,0.83,0.8125,0.4375,1.5,1.5,–,–,–,2.29,2.6875,–,–,3.1,–,–,1.13,4.71,–,–,–,–,17.1,502.0,81.1,45.2,3.96,352.0,77.0,49.9,3.32,–,,–,18.8,105,–,–,–,–,–,–,–,5.68,0.828,–,–,–,–,–,–,–,–,–,–,–,–,–,–,–,–,41.5,–,55.6,42.49999999999999,56.599999999999994,–,5.5,–,WT345X161.5,WT345X161.5,162.0,20600,361,359,–,–,–,358,359,–,–,–,21.1,20.6,11.1,38.1,38.1,–,–,–,58.2,68.3,–,–,78.7,–,–,28.7,4.71,–,–,–,–,17.1,209.0,1330.0,741.0,101.0,147.0,1260.0,818.0,84.3,–,–,–,7830,28.2,–,–,–,–,–,–,–,144,0.828,–,–,–,–,–,–,–,–,–,–,–,–,–,–,–,–,1050,–,1410,1080,1440,–,140,–,3.32
WT,WT13.5X97,WT13.5X97,F,97.0,28.6,14.1,14,–,–,–,14,14,–,–,–,0.75,0.75,0.375,1.34,1.3125,–,–,–,2.13,2.5625,–,–,3.02,–,–,1.02,5.24,–,–,–,–,18.8,444.0,71.8,40.3,3.94,309.0,67.8,44.1,3.29,–,,–,13.5,74.3,–,–,–,–,–,–,–,5.64,0.827,–,–,–,–,–,–,–,–,–,–,–,–,–,–,–,–,41.2,–,55.2,42.2,56.2,–,5.5,–,WT345X144.5,WT345X144.5,145.0,18500,358,356,–,–,–,356,356,–,–,–,19.1,19,9.52,34,33.3,–,–,–,54.1,65.1,–,–,76.7,–,–,25.9,5.24,–,–,–,–,18.8,185.0,1180.0,660.0,100.0,129.0,1110.0,723.0,83.6,–,–,–,5620,20,–,–,–,–,–,–,–,143,0.827,–,–,–,–,–,–,–,–,–,–,–,–,–,–,–,–,1050,–,1400,1070,1430,–,140,–,3.29
WT,WT13.5X89,WT13.5X89,F,89.0,26.3,13.9,13.875,–,–,–,14.1,14.125,–,–,–,0.725,0.75,0.375,1.19,1.1875,–,–,–,1.98,2.375,–,–,3.04,–,–,0.932,5.92,–,–,–,–,19.2,414.0,67.7,38.2,3.97,278.0,60.8,39.4,3.25,–,,–,10,57.7,–,–,–,–,–,–,–,5.69,0.815,–,–,–,–,–,–,–,–,–,–,–,–,–,–,–,–,40.9,–,55,41.9,56,–,5.5,–,WT345X132.5,WT345X132.5,133.0,17000,353,352,–,–,–,358,359,–,–,–,18.4,19,9.52,30.2,30.2,–,–,–,50.3,60.3,–,–,77.2,–,–,23.7,5.92,–,–,–,–,19.2,172.0,1110.0,626.0,101.0,116.0,996.0,646.0,82.6,–,–,–,4160,15.5,–,–,–,–,–,–,–,145,0.815,–,–,–,–,–,–,–,–,–,–,–,–,–,–,–,–,1040,–,1400,1060,1420,–,140,–,3.25
WT,WT13.5X80.5,WT13.5X80.5,F,80.5,23.8,13.8,13.75,–,–,–,14,14,–,–,–,0.66,0.6875,0.375,1.08,1.0625,–,–,–,1.87,2.3125,–,–,2.98,–,–,0.849,6.49,–,–,–,–,20.9,372.0,60.8,34.4,3.95,248.0,54.5,35.4,3.23,–,,–,7.53,42.7,–,–,–,–,–,–,–,5.66,0.814,–,–,–,–,–,–,–,–,–,–,–,–,–,–,–,–,40.6,–,54.6,41.6,55.6,–,5.5,–,WT345X120,WT345X120,120.0,15400,351,349,–,–,–,356,356,–,–,–,16.8,17.5,9.52,27.4,27,–,–,–,47.5,58.7,–,–,75.7,–,–,21.6,6.49,–,–,–,–,20.9,155.0,996.0,564.0,100.0,103.0,893.0,580.0,82.0,–,–,–,3130,11.5,–,–,–,–,–,–,–,144,0.814,–,–,–,–,–,–,–,–,–,–,–,–,–,–,–,–,1030,–,1390,1060,1410,–,140,–,3.23
WT,WT13.5X73,WT13.5X73,F,73.0,21.6,13.7,13.625,–,–,–,14,14,–,–,–,0.605,0.625,0.3125,0.975,1,–,–,–,1.76,2.1875,–,–,2.94,–,–,0.772,7.16,–,–,–,–,22.6,336.0,55.0,31.2,3.95,222.0,48.8,31.7,3.2,–,,–,5.62,31.7,–,–,–,–,–,–,–,5.64,0.812,–,–,–,–,–,–,–,–,–,–,–,–,–,–,–,–,40.4,–,54.4,41.4,55.4,–,5.5,–,WT345X108.5,WT345X108.5,109.0,13900,348,346,–,–,–,356,356,–,–,–,15.4,15.9,7.94,24.8,25.4,–,–,–,44.7,55.6,–,–,74.7,–,–,19.6,7.16,–,–,–,–,22.6,140.0,901.0,511.0,100.0,92.4,800.0,519.0,81.3,–,–,–,2340,8.51,–,–,–,–,–,–,–,143,0.812,–,–,–,–,–,–,–,–,–,–,–,–,–,–,–,–,1030,–,1380,1050,1410,–,140,–,3.2
WT,WT13.5X64.5,WT13.5X64.5,F,64.5,18.9,13.8,13.75,–,–,–,10,10,–,–,–,0.61,0.625,0.3125,1.1,1.125,–,–,–,1.7,2.3125,–,–,3.39,–,–,0.945,4.55,–,–,–,–,22.6,323.0,55.1,31.0,4.13,92.2,28.8,18.4,2.21,–,,–,5.55,24,–,–,–,–,–,–,–,5.48,0.732,–,–,–,–,–,–,–,–,–,–,–,–,–,–,–,–,36.6,–,46.6,37.6,47.6,–,5.5,–,WT345X96,WT345X96,96.0,12200,351,349,–,–,–,254,254,–,–,–,15.5,15.9,7.94,27.9,28.6,–,–,–,43.2,58.7,–,–,86.1,–,–,24,4.55,–,–,–,–,22.6,134.0,903.0,508.0,105.0,38.4,472.0,302.0,56.1,–,–,–,2310,6.44,–,–,–,–,–,–,–,139,0.732,–,–,–,–,–,–,–,–,–,–,–,–,–,–,–,–,930,–,1180,955,1210,–,140,–,2.21
WT,WT13.5X57,WT13.5X57,F,57.0,16.8,13.6,13.5,–,–,–,10.1,10.125,–,–,–,0.57,0.5625,0.3125,0.93,0.9375,–,–,–,1.53,2.125,–,–,3.42,–,–,0.832,5.41,–,–,–,–,23.9,289.0,50.4,28.3,4.15,79.3,24.6,15.8,2.18,–,,–,3.65,17.5,–,–,–,–,–,–,–,5.54,0.716,–,–,–,–,–,–,–,–,–,–,–,–,–,–,–,–,36.3,–,46.4,37.3,47.4,–,5.5,–,WT345X85,WT345X85,85.0,10800,345,343,–,–,–,257,257,–,–,–,14.5,14.3,7.94,23.6,23.8,–,–,–,38.9,54,–,–,86.9,–,–,21.1,5.41,–,–,–,–,23.9,120.0,826.0,464.0,105.0,33.0,403.0,259.0,55.4,–,–,–,1520,4.7,–,–,–,–,–,–,–,141,0.716,–,–,–,–,–,–,–,–,–,–,–,–,–,–,–,–,922,–,1180,947,1200,–,140,–,2.18
WT,WT13.5X51,WT13.5X51,F,51.0,15.0,13.5,13.5,–,–,–,10,10,–,–,–,0.515,0.5,0.25,0.83,0.8125,–,–,–,1.43,2.0625,–,–,3.37,–,–,0.75,6.03,–,–,–,–,26.2,258.0,45.0,25.3,4.14,69.6,21.7,13.9,2.15,–,,–,2.63,12.6,–,–,–,–,–,–,–,5.53,0.713,–,–,–,–,–,–,–,–,–,–,–,–,–,–,–,–,36,–,46,37,47,–,5.5,–,WT345X76,WT345X76,76.0,9680,343,343,–,–,–,254,254,–,–,–,13.1,12.7,6.35,21.1,20.6,–,–,–,36.3,52.4,–,–,85.6,–,–,19.1,6.03,–,–,–,–,26.2,107.0,737.0,415.0,105.0,29.0,356.0,228.0,54.6,–,–,–,1090,3.38,–,–,–,–,–,–,–,140,0.713,–,–,–,–,–,–,–,–,–,–,–,–,–,–,–,–,914,–,1170,940,1190,–,140,–,2.15
WT,WT13.5X47,WT13.5X47,F,47.0,13.8,13.5,13.5,–,–,–,10,10,–,–,–,0.49,0.5,0.25,0.745,0.75,–,–,–,1.34,1.9375,–,–,3.41,–,–,0.692,6.7,–,–,–,–,27.6,239.0,42.4,23.8,4.16,62.0,19.4,12.4,2.12,–,,–,2.01,10.2,–,–,–,–,–,–,–,5.57,0.702,–,–,–,–,–,–,–,–,–,–,–,–,–,–,–,–,36,–,46,37,47,–,5.5,–,WT345X70,WT345X70,70.0,8900,343,343,–,–,–,254,254,–,–,–,12.4,12.7,6.35,18.9,19,–,–,–,34,49.2,–,–,86.6,–,–,17.6,6.7,–,–,–,–,27.6,99.5,695.0,390.0,106.0,25.8,318.0,203.0,53.8,–,–,–,837,2.74,–,–,–,–,–,–,–,141,0.702,–,–,–,–,–,–,–,–,–,–,–,–,–,–,–,–,914,–,1170,940,1190,–,140,–,2.12
WT,WT13.5X42,WT13.5X42,F,42.0,12.4,13.4,13.375,–,–,–,10,10,–,–,–,0.46,0.4375,0.25,0.64,0.625,–,–,–,1.24,1.875,–,–,3.48,–,–,0.621,7.78,–,–,–,–,29.1,216.0,39.2,21.9,4.18,52.8,16.6,10.6,2.07,–,,–,1.4,7.79,–,–,–,–,–,–,–,5.63,0.685,–,–,–,–,–,–,–,–,–,–,–,–,–,–,–,–,35.8,–,45.8,36.8,46.8,–,5.5,–,WT345X62.5,WT345X62.5,62.5,8000,340,340,–,–,–,254,254,–,–,–,11.7,11.1,6.35,16.3,15.9,–,–,–,31.5,47.6,–,–,88.4,–,–,15.8,7.78,–,–,–,–,29.1,89.9,642.0,359.0,106.0,22.0,272.0,174.0,52.6,–,–,–,583,2.09,–,–,–,–,–,–,–,143,0.685,–,–,–,–,–,–,–,–,–,–,–,–,–,–,–,–,909,–,1160,935,1190,–,140,–,2.07
WT,WT12X185,WT12X185,T,185.0,54.5,14,14,–,–,–,13.7,13.625,–,–,–,1.52,1.5,0.75,2.72,2.75,–,–,–,3.22,4,–,–,3.57,–,–,1.99,2.51,–,–,–,–,9.2,779.0,140.0,74.7,3.78,581.0,133.0,85.1,3.27,–,,–,100,553,–,–,–,–,–,–,–,5.47,0.837,–,–,–,–,–,–,–,–,–,–,–,–,–,–,–,–,40.7,–,54.4,41.7,55.4,–,5.5,–,WT305X275.5,WT305X275.5,276.0,35200,356,356,–,–,–,348,346,–,–,–,38.6,38.1,19,69.1,69.8,–,–,–,81.8,102,–,–,90.7,–,–,50.5,2.51,–,–,–,–,9.2,324.0,2290.0,1220.0,96.0,242.0,2180.0,1390.0,83.1,–,–,–,41600,149,–,–,–,–,–,–,–,139,0.837,–,–,–,–,–,–,–,–,–,–,–,–,–,–,–,–,1030,–,1380,1060,1410,–,140,–,3.27
WT,WT12X167.5,WT12X167.5,T,167.5,49.1,13.8,13.75,–,–,–,13.5,13.5,–,–,–,1.38,1.375,0.6875,2.48,2.5,–,–,–,2.98,3.75,–,–,3.42,–,–,1.82,2.73,–,–,–,–,10,686.0,123.0,66.3,3.73,513.0,119.0,75.9,3.23,–,,–,75.6,405,–,–,–,–,–,–,–,5.4,0.837,–,–,–,–,–,–,–,–,–,–,–,–,–,–,–,–,40.1,–,53.6,41.1,54.6,–,5.5,–,WT305X249,WT305X249,249.0,31700,351,349,–,–,–,343,343,–,–,–,35.1,34.9,17.5,63,63.5,–,–,–,75.7,95.3,–,–,86.9,–,–,46.2,2.73,–,–,–,–,10,286.0,2020.0,1090.0,94.7,214.0,1950.0,1240.0,82.0,–,–,–,31500,109,–,–,–,–,–,–,–,137,0.837,–,–,–,–,–,–,–,–,–,–,–,–,–,–,–,–,1020,–,1360,1040,1390,–,140,–,3.23
WT,WT12X153,WT12X153,T,153.0,44.9,13.6,13.5,–,–,–,13.4,13.375,–,–,–,1.26,1.25,0.625,2.28,2.25,–,–,–,2.78,3.5625,–,–,3.29,–,–,1.67,2.94,–,–,–,–,10.8,611.0,110.0,59.4,3.69,460.0,107.0,68.6,3.2,–,,–,58.4,305,–,–,–,–,–,–,–,5.34,0.837,–,–,–,–,–,–,–,–,–,–,–,–,–,–,–,–,39.6,–,53,40.6,54,–,5.5,–,WT305X227.5,WT305X227.5,228.0,29000,345,343,–,–,–,340,340,–,–,–,32,31.8,15.9,57.9,57.2,–,–,–,70.6,90.5,–,–,83.6,–,–,42.4,2.94,–,–,–,–,10.8,254.0,1800.0,973.0,93.7,191.0,1750.0,1120.0,81.3,–,–,–,24300,81.9,–,–,–,–,–,–,–,136,0.837,–,–,–,–,–,–,–,–,–,–,–,–,–,–,–,–,1010,–,1350,1030,1370,–,140,–,3.2
WT,WT12X139.5,WT12X139.5,T,139.5,41.0,13.4,13.375,–,–,–,13.3,13.25,–,–,–,1.16,1.1875,0.625,2.09,2.0625,–,–,–,2.59,3.375,–,–,3.18,–,–,1.54,3.18,–,–,–,–,11.6,546.0,98.8,53.6,3.65,412.0,96.3,61.9,3.17,–,,–,45.1,230,–,–,–,–,–,–,–,5.28,0.837,–,–,–,–,–,–,–,–,–,–,–,–,–,–,–,–,39.1,–,52.4,40.10000000000001,53.400000000000006,–,5.5,–,WT305X207.5,WT305X207.5,208.0,26500,340,340,–,–,–,338,337,–,–,–,29.5,30.2,15.9,53.1,52.4,–,–,–,65.8,85.7,–,–,80.8,–,–,39.1,3.18,–,–,–,–,11.6,227.0,1620.0,878.0,92.7,171.0,1580.0,1010.0,80.5,–,–,–,18800,61.8,–,–,–,–,–,–,–,134,0.837,–,–,–,–,–,–,–,–,–,–,–,–,–,–,–,–,993,–,1330,1020,1360,–,140,–,3.17
WT,WT12X125,WT12X125,F,125.0,36.8,13.2,13.125,–,–,–,13.2,13.125,–,–,–,1.04,1.0625,0.5625,1.89,1.875,–,–,–,2.39,3.125,–,–,3.05,–,–,1.39,3.49,–,–,–,–,12.7,478.0,86.5,47.2,3.61,362.0,85.2,54.9,3.14,–,,–,33.2,165,–,–,–,–,–,–,–,5.22,0.838,–,–,–,–,–,–,–,–,–,–,–,–,–,–,–,–,38.6,–,51.8,39.599999999999994,52.8,–,5.5,–,WT305X186,WT305X186,186.0,23700,335,333,–,–,–,335,333,–,–,–,26.4,27,14.3,48,47.6,–,–,–,60.7,79.4,–,–,77.5,–,–,35.3,3.49,–,–,–,–,12.7,199.0,1420.0,773.0,91.7,151.0,1400.0,900.0,79.8,–,–,–,13800,44.3,–,–,–,–,–,–,–,133,0.838,–,–,–,–,–,–,–,–,–,–,–,–,–,–,–,–,980,–,1320,1010,1340,–,140,–,3.14
WT,WT12X114.5,WT12X114.5,F,114.5,33.6,13,13,–,–,–,13.1,13.125,–,–,–,0.96,0.9375,0.5,1.73,1.75,–,–,–,2.23,3,–,–,2.96,–,–,1.28,3.79,–,–,–,–,13.5,431.0,78.1,42.9,3.58,326.0,77.0,49.7,3.11,–,,–,25.5,125,–,–,–,–,–,–,–,5.19,0.836,–,–,–,–,–,–,–,–,–,–,–,–,–,–,–,–,38.1,–,51.2,39.1,52.2,–,5.5,–,WT305X170.5,WT305X170.5,171.0,21700,330,330,–,–,–,333,333,–,–,–,24.4,23.8,12.7,43.9,44.4,–,–,–,56.6,76.2,–,–,75.2,–,–,32.5,3.79,–,–,–,–,13.5,179.0,1280.0,703.0,90.9,136.0,1260.0,814.0,79.0,–,–,–,10600,33.6,–,–,–,–,–,–,–,132,0.836,–,–,–,–,–,–,–,–,–,–,–,–,–,–,–,–,968,–,1300,993,1330,–,140,–,3.11
WT,WT12X103.5,WT12X103.5,F,103.5,30.3,12.9,12.875,–,–,–,13,13,–,–,–,0.87,0.875,0.4375,1.57,1.5625,–,–,–,2.07,2.875,–,–,2.87,–,–,1.17,4.14,–,–,–,–,14.8,382.0,69.3,38.3,3.55,289.0,68.6,44.4,3.08,–,,–,19.1,91.3,–,–,–,–,–,–,–,5.14,0.836,–,–,–,–,–,–,–,–,–,–,–,–,–,–,–,–,37.8,–,50.8,38.8,51.8,–,5.5,–,WT305X153.5,WT305X153.5,154.0,19500,328,327,–,–,–,330,330,–,–,–,22.1,22.2,11.1,39.9,39.7,–,–,–,52.6,73,–,–,72.9,–,–,29.7,4.14,–,–,–,–,14.8,159.0,1140.0,628.0,90.2,120.0,1120.0,728.0,78.2,–,–,–,7950,24.5,–,–,–,–,–,–,–,131,0.836,–,–,–,–,–,–,–,–,–,–,–,–,–,–,–,–,960,–,1290,986,1320,–,140,–,3.08
WT,WT12X96,WT12X96,F,96.0,28.2,12.7,12.625,–,–,–,13,13,–,–,–,0.81,0.8125,0.4375,1.46,1.4375,–,–,–,1.96,2.75,–,–,2.8,–,–,1.09,4.43,–,–,–,–,15.7,350.0,63.5,35.2,3.53,265.0,63.1,40.9,3.07,–,,–,15.3,72.5,–,–,–,–,–,–,–,5.11,0.836,–,–,–,–,–,–,–,–,–,–,–,–,–,–,–,–,37.4,–,50.4,38.4,51.4,–,5.5,–,WT305X142.5,WT305X142.5,143.0,18200,323,321,–,–,–,330,330,–,–,–,20.6,20.6,11.1,37.1,36.5,–,–,–,49.8,69.9,–,–,71.1,–,–,27.7,4.43,–,–,–,–,15.7,146.0,1040.0,577.0,89.7,110.0,1030.0,670.0,78.0,–,–,–,6370,19.5,–,–,–,–,–,–,–,130,0.836,–,–,–,–,–,–,–,–,–,–,–,–,–,–,–,–,950,–,1280,975,1310,–,140,–,3.07
WT,WT12X88,WT12X88,F,88.0,25.8,12.6,12.5,–,–,–,12.9,12.875,–,–,–,0.75,0.75,0.375,1.34,1.3125,–,–,–,1.84,2.625,–,–,2.74,–,–,1,4.81,–,–,–,–,16.8,319.0,57.8,32.2,3.51,240.0,57.3,37.2,3.04,–,,–,11.9,55.8,–,–,–,–,–,–,–,5.09,0.835,–,–,–,–,–,–,–,–,–,–,–,–,–,–,–,–,37.1,–,50,38.1,51,–,5.5,–,WT305X131,WT305X131,131.0,16600,320,318,–,–,–,328,327,–,–,–,19.1,19,9.52,34,33.3,–,–,–,46.7,66.7,–,–,69.6,–,–,25.4,4.81,–,–,–,–,16.8,133.0,947.0,528.0,89.2,99.9,939.0,610.0,77.2,–,–,–,4950,15,–,–,–,–,–,–,–,129,0.835,–,–,–,–,–,–,–,–,–,–,–,–,–,–,–,–,942,–,1270,968,1300,–,140,–,3.04
WT,WT12X81,WT12X81,F,81.0,23.9,12.5,12.5,–,–,–,13,13,–,–,–,0.705,0.6875,0.375,1.22,1.25,–,–,–,1.72,2.5,–,–,2.7,–,–,0.921,5.31,–,–,–,–,17.7,293.0,53.3,29.9,3.5,221.0,52.6,34.2,3.05,–,,–,9.22,43.8,–,–,–,–,–,–,–,5.09,0.832,–,–,–,–,–,–,–,–,–,–,–,–,–,–,–,–,37,–,50,38,51,–,5.5,–,WT305X120.5,WT305X120.5,121.0,15400,318,318,–,–,–,330,330,–,–,–,17.9,17.5,9.52,31,31.8,–,–,–,43.7,63.5,–,–,68.6,–,–,23.4,5.31,–,–,–,–,17.7,122.0,873.0,490.0,88.9,92.0,862.0,560.0,77.5,–,–,–,3840,11.8,–,–,–,–,–,–,–,129,0.832,–,–,–,–,–,–,–,–,–,–,–,–,–,–,–,–,940,–,1270,965,1300,–,140,–,3.05
WT,WT12X73,WT12X73,F,73.0,21.5,12.4,12.375,–,–,–,12.9,12.875,–,–,–,0.65,0.625,0.3125,1.09,1.0625,–,–,–,1.59,2.375,–,–,2.66,–,–,0.833,5.92,–,–,–,–,19.1,264.0,48.2,27.2,3.5,195.0,46.6,30.3,3.01,–,,–,6.7,31.9,–,–,–,–,–,–,–,5.08,0.827,–,–,–,–,–,–,–,–,–,–,–,–,–,–,–,–,36.7,–,49.6,37.7,50.6,–,5.5,–,WT305X108.5,WT305X108.5,109.0,13900,315,314,–,–,–,328,327,–,–,–,16.5,15.9,7.94,27.7,27,–,–,–,40.4,60.3,–,–,67.6,–,–,21.2,5.92,–,–,–,–,19.1,110.0,790.0,446.0,88.9,81.2,764.0,497.0,76.5,–,–,–,2790,8.57,–,–,–,–,–,–,–,129,0.827,–,–,–,–,–,–,–,–,–,–,–,–,–,–,–,–,932,–,1260,958,1290,–,140,–,3.01
WT,WT12X65.5,WT12X65.5,F,65.5,19.3,12.2,12.125,–,–,–,12.9,12.875,–,–,–,0.605,0.625,0.3125,0.96,0.9375,–,–,–,1.46,2.25,–,–,2.65,–,–,0.75,6.7,–,–,–,–,20.2,238.0,43.9,24.8,3.52,170.0,40.7,26.5,2.97,–,,–,4.74,23.1,–,–,–,–,–,–,–,5.09,0.818,–,–,–,–,–,–,–,–,–,–,–,–,–,–,–,–,36.3,–,49.2,37.300000000000004,50.2,–,5.5,–,WT305X97.5,WT305X97.5,97.5,12500,310,308,–,–,–,328,327,–,–,–,15.4,15.9,7.94,24.4,23.8,–,–,–,37.1,57.2,–,–,67.3,–,–,19.1,6.7,–,–,–,–,20.2,99.1,719.0,406.0,89.4,70.8,667.0,434.0,75.4,–,–,–,1970,6.2,–,–,–,–,–,–,–,129,0.818,–,–,–,–,–,–,–,–,–,–,–,–,–,–,–,–,922,–,1250,947,1280,–,140,–,2.97
WT,WT12X58.5,WT12X58.5,F,58.5,17.2,12.1,12,–,–,–,12.8,12.75,–,–,–,0.55,0.5625,0.3125,0.85,0.875,–,–,–,1.35,2.125,–,–,2.62,–,–,0.672,7.53,–,–,–,–,22,212.0,39.2,22.3,3.51,149.0,35.7,23.2,2.94,–,,–,3.35,16.4,–,–,–,–,–,–,–,5.08,0.814,–,–,–,–,–,–,–,–,–,–,–,–,–,–,–,–,36,–,48.8,37,49.8,–,5.5,–,WT305X87,WT305X87,87.0,11100,307,305,–,–,–,325,324,–,–,–,14,14.3,7.94,21.6,22.2,–,–,–,34.3,54,–,–,66.5,–,–,17.1,7.53,–,–,–,–,22,88.2,642.0,365.0,89.2,62.0,585.0,380.0,74.7,–,–,–,1390,4.4,–,–,–,–,–,–,–,129,0.814,–,–,–,–,–,–,–,–,–,–,–,–,–,–,–,–,914,–,1240,940,1260,–,140,–,2.94
WT,WT12X52,WT12X52,F,52.0,15.3,12,12,–,–,–,12.8,12.75,–,–,–,0.5,0.5,0.25,0.75,0.75,–,–,–,1.25,2.0625,–,–,2.59,–,–,0.6,8.5,–,–,–,–,24,189.0,35.1,20.0,3.51,130.0,31.2,20.3,2.91,–,,–,2.35,11.6,–,–,–,–,–,–,–,5.07,0.809,–,–,–,–,–,–,–,–,–,–,–,–,–,–,–,–,35.8,–,48.6,36.8,49.6,–,5.5,–,WT305X77.5,WT305X77.5,77.5,9870,305,305,–,–,–,325,324,–,–,–,12.7,12.7,6.35,19.1,19,–,–,–,31.8,52.4,–,–,65.8,–,–,15.2,8.5,–,–,–,–,24,78.7,575.0,328.0,89.2,54.1,511.0,333.0,73.9,–,–,–,978,3.12,–,–,–,–,–,–,–,129,0.809,–,–,–,–,–,–,–,–,–,–,–,–,–,–,–,–,909,–,1230,935,1260,–,140,–,2.91
WT,WT12X51.5,WT12X51.5,F,51.5,15.1,12.3,12.25,–,–,–,9,9,–,–,–,0.55,0.5625,0.3125,0.98,1,–,–,–,1.48,2.25,–,–,3.01,–,–,0.841,4.59,–,–,–,–,22.4,204.0,39.2,22.0,3.67,59.7,20.7,13.3,1.99,–,,–,3.53,12.3,–,–,–,–,–,–,–,4.88,0.733,–,–,–,–,–,–,–,–,–,–,–,–,–,–,–,–,32.6,–,41.6,33.6,42.6,–,5.5,–,WT305X76.5,WT305X76.5,76.5,9740,312,311,–,–,–,229,229,–,–,–,14,14.3,7.94,24.9,25.4,–,–,–,37.6,57.2,–,–,76.5,–,–,21.4,4.59,–,–,–,–,22.4,84.9,642.0,361.0,93.2,24.8,339.0,218.0,50.5,–,–,–,1470,3.3,–,–,–,–,–,–,–,124,0.733,–,–,–,–,–,–,–,–,–,–,–,–,–,–,–,–,828,–,1060,853,1080,–,140,–,1.99
WT,WT12X47,WT12X47,F,47.0,13.8,12.2,12.125,–,–,–,9.07,9.125,–,–,–,0.515,0.5,0.25,0.875,0.875,–,–,–,1.38,2.125,–,–,2.99,–,–,0.764,5.18,–,–,–,–,23.7,186.0,36.1,20.3,3.67,54.5,18.7,12.0,1.98,–,,–,2.62,9.57,–,–,–,–,–,–,–,4.89,0.727,–,–,–,–,–,–,–,–,–,–,–,–,–,–,–,–,32.5,–,41.5,33.5,42.5,–,5.5,–,WT305X70,WT305X70,70.0,8900,310,308,–,–,–,230,232,–,–,–,13.1,12.7,6.35,22.2,22.2,–,–,–,35.1,54,–,–,75.9,–,–,19.4,5.18,–,–,–,–,23.7,77.4,592.0,333.0,93.2,22.7,306.0,197.0,50.3,–,–,–,1090,2.57,–,–,–,–,–,–,–,124,0.727,–,–,–,–,–,–,–,–,–,–,–,–,–,–,–,–,826,–,1050,851,1080,–,140,–,1.98
WT,WT12X42,WT12X42,F,42.0,12.4,12.1,12,–,–,–,9.02,9,–,–,–,0.47,0.5,0.25,0.77,0.75,–,–,–,1.27,2.0625,–,–,2.97,–,–,0.685,5.86,–,–,–,–,25.7,166.0,32.5,18.3,3.67,47.2,16.3,10.5,1.95,–,,–,1.84,6.9,–,–,–,–,–,–,–,4.9,0.72,–,–,–,–,–,–,–,–,–,–,–,–,–,–,–,–,32.2,–,41.2,33.2,42.2,–,5.5,–,WT305X62.5,WT305X62.5,62.5,8000,307,305,–,–,–,229,229,–,–,–,11.9,12.7,6.35,19.6,19,–,–,–,32.3,52.4,–,–,75.4,–,–,17.4,5.86,–,–,–,–,25.7,69.1,533.0,300.0,93.2,19.6,267.0,172.0,49.5,–,–,–,766,1.85,–,–,–,–,–,–,–,124,0.72,–,–,–,–,–,–,–,–,–,–,–,–,–,–,–,–,818,–,1050,843,1070,–,140,–,1.95
WT,WT12X38,WT12X38,F,38.0,11.2,12,12,–,–,–,8.99,9,–,–,–,0.44,0.4375,0.25,0.68,0.6875,–,–,–,1.18,1.9375,–,–,3,–,–,0.622,6.61,–,–,–,–,27.3,151.0,30.1,16.9,3.68,41.3,14.3,9.18,1.92,–,,–,1.34,5.3,–,–,–,–,–,–,–,4.93,0.709,–,–,–,–,–,–,–,–,–,–,–,–,–,–,–,–,32,–,41,33,42,–,5.5,–,WT305X56.5,WT305X56.5,56.5,7230,305,305,–,–,–,228,229,–,–,–,11.2,11.1,6.35,17.3,17.5,–,–,–,30,49.2,–,–,76.2,–,–,15.8,6.61,–,–,–,–,27.3,62.9,493.0,277.0,93.5,17.2,234.0,150.0,48.8,–,–,–,558,1.42,–,–,–,–,–,–,–,125,0.709,–,–,–,–,–,–,–,–,–,–,–,–,–,–,–,–,813,–,1040,838,1070,–,140,–,1.92
WT,WT12X34,WT12X34,F,34.0,10.0,11.9,11.875,–,–,–,8.97,9,–,–,–,0.415,0.4375,0.25,0.585,0.5625,–,–,–,1.09,1.875,–,–,3.06,–,–,0.56,7.66,–,–,–,–,28.7,137.0,27.9,15.6,3.7,35.2,12.3,7.85,1.87,–,,–,0.932,4.08,–,–,–,–,–,–,–,4.99,0.691,–,–,–,–,–,–,–,–,–,–,–,–,–,–,–,–,31.8,–,40.7,32.8,41.7,–,5.5,–,WT305X50.5,WT305X50.5,50.5,6450,302,302,–,–,–,228,229,–,–,–,10.5,11.1,6.35,14.9,14.3,–,–,–,27.7,47.6,–,–,77.7,–,–,14.2,7.66,–,–,–,–,28.7,57.0,457.0,256.0,94.0,14.7,202.0,129.0,47.5,–,–,–,388,1.1,–,–,–,–,–,–,–,127,0.691,–,–,–,–,–,–,–,–,–,–,–,–,–,–,–,–,808,–,1030,833,1060,–,140,–,1.87
WT,WT12X31,WT12X31,F,31.0,9.11,11.9,11.875,–,–,–,7.04,7,–,–,–,0.43,0.4375,0.25,0.59,0.5625,–,–,–,1.09,1.5,–,–,3.46,–,–,1.28,5.97,–,–,–,–,27.7,131.0,28.4,15.6,3.79,17.2,7.85,4.9,1.38,–,,–,0.85,3.92,–,–,–,–,–,–,–,5.13,0.619,–,–,–,–,–,–,–,–,–,–,–,–,–,–,–,–,30.2,–,37.2,30.8,37.9,–,3.5,–,WT305X46,WT305X46,46.0,5880,302,302,–,–,–,179,178,–,–,–,10.9,11.1,6.35,15,14.3,–,–,–,27.7,38.1,–,–,87.9,–,–,32.5,5.97,–,–,–,–,27.7,54.5,465.0,256.0,96.3,7.16,129.0,80.3,35.1,–,–,–,354,1.05,–,–,–,–,–,–,–,130,0.619,–,–,–,–,–,–,–,–,–,–,–,–,–,–,–,–,767,–,945,782,963,–,88.9,–,1.38
WT,WT12X27.5,WT12X27.5,F,27.5,8.1,11.8,11.75,–,–,–,7.01,7,–,–,–,0.395,0.375,0.1875,0.505,0.5,–,–,–,1.01,1.4375,–,–,3.5,–,–,1.53,6.94,–,–,–,–,29.9,117.0,25.6,14.1,3.8,14.5,6.65,4.15,1.34,–,,–,0.588,2.93,–,–,–,–,–,–,–,5.17,0.606,–,–,–,–,–,–,–,–,–,–,–,–,–,–,–,–,29.9,–,36.9,30.6,37.6,–,3.5,–,WT305X41,WT305X41,41.0,5230,300,298,–,–,–,178,178,–,–,–,10,9.52,4.76,12.8,12.7,–,–,–,25.7,36.5,–,–,88.9,–,–,38.9,6.94,–,–,–,–,29.9,48.7,420.0,231.0,96.5,6.04,109.0,68.0,34.0,–,–,–,245,0.787,–,–,–,–,–,–,–,131,0.606,–,–,–,–,–,–,–,–,–,–,–,–,–,–,–,–,759,–,937,777,955,–,88.9,–,1.34
WT,WT10.5X137.5,WT10.5X137.5,T,137.5,40.9,12.1,12,–,–,–,12.9,12.875,–,–,–,1.22,1.25,0.625,2.19,2.1875,–,–,–,3.37,3.4375,–,–,2.9,–,–,1.59,2.95,–,–,–,–,9.92,420.0,86.3,45.7,3.2,394.0,95.1,61.1,3.1,–,,–,53.5,224,–,–,–,–,–,–,–,4.81,0.859,–,–,–,–,–,–,–,–,–,–,–,–,–,–,–,–,36.1,–,49,37.1,50,–,5.5,–,WT265X204.5,WT265X204.5,205.0,26400,307,305,–,–,–,328,327,–,–,–,31,31.8,15.9,55.6,55.6,–,–,–,85.6,87.3,–,–,73.7,–,–,40.4,2.95,–,–,–,–,9.92,175.0,1410.0,749.0,81.3,164.0,1560.0,1000.0,78.7,–,–,–,22300,60.2,–,–,–,–,–,–,–,122,0.859,–,–,–,–,–,–,–,–,–,–,–,–,–,–,–,–,917,–,1240,942,1270,–,140,–,3.1
WT,WT10.5X124,WT10.5X124,F,124.0,37.0,11.9,11.875,–,–,–,12.8,12.75,–,–,–,1.1,1.125,0.5625,1.99,2,–,–,–,3.17,3.25,–,–,2.77,–,–,1.45,3.22,–,–,–,–,10.8,368.0,75.7,40.3,3.15,349.0,84.8,54.5,3.07,–,,–,40.2,163,–,–,–,–,–,–,–,4.75,0.86,–,–,–,–,–,–,–,–,–,–,–,–,–,–,–,–,35.6,–,48.4,36.6,49.4,–,5.5,–,WT265X184.5,WT265X184.5,185.0,23900,302,302,–,–,–,325,324,–,–,–,27.9,28.6,14.3,50.5,50.8,–,–,–,80.5,82.6,–,–,70.4,–,–,36.8,3.22,–,–,–,–,10.8,153.0,1240.0,661.0,80.0,145.0,1390.0,893.0,78.0,–,–,–,16700,43.8,–,–,–,–,–,–,–,121,0.86,–,–,–,–,–,–,–,–,–,–,–,–,–,–,–,–,904,–,1230,930,1250,–,140,–,3.07
WT,WT10.5X111.5,WT10.5X111.5,F,111.5,33.2,11.7,11.625,–,–,–,12.7,12.75,–,–,–,1,1,0.5,1.79,1.8125,–,–,–,2.9699999999999998,3.0625,–,–,2.66,–,–,1.31,3.55,–,–,–,–,11.7,324.0,66.7,35.9,3.12,307.0,74.9,48.3,3.04,–,,–,29.6,117,–,–,–,–,–,–,–,4.7,0.859,–,–,–,–,–,–,–,–,–,–,–,–,–,–,–,–,35.1,–,47.8,36.1,48.8,–,5.5,–,WT265X166,WT265X166,166.0,21400,297,295,–,–,–,323,324,–,–,–,25.4,25.4,12.7,45.5,46,–,–,–,75.4,77.8,–,–,67.6,–,–,33.3,3.55,–,–,–,–,11.7,135.0,1090.0,588.0,79.2,128.0,1230.0,792.0,77.2,–,–,–,12300,31.4,–,–,–,–,–,–,–,119,0.859,–,–,–,–,–,–,–,–,–,–,–,–,–,–,–,–,892,–,1210,917,1240,–,140,–,3.04
WT,WT10.5X100.5,WT10.5X100.5,F,100.5,29.6,11.5,11.5,–,–,–,12.6,12.625,–,–,–,0.91,0.9375,0.5,1.63,1.625,–,–,–,2.13,2.875,–,–,2.57,–,–,1.18,3.86,–,–,–,–,12.6,285.0,58.6,31.9,3.1,271.0,66.5,43.1,3.02,–,,–,20.4,85.4,–,–,–,–,–,–,–,4.67,0.859,–,–,–,–,–,–,–,–,–,–,–,–,–,–,–,–,34.6,–,47.2,35.6,48.2,–,5.5,–,WT265X150,WT265X150,150.0,19100,292,292,–,–,–,320,321,–,–,–,23.1,23.8,12.7,41.4,41.3,–,–,–,54.1,73,–,–,65.3,–,–,30,3.86,–,–,–,–,12.6,119.0,960.0,523.0,78.7,113.0,1090.0,706.0,76.7,–,–,–,8490,22.9,–,–,–,–,–,–,–,119,0.859,–,–,–,–,–,–,–,–,–,–,–,–,–,–,–,–,879,–,1200,904,1220,–,140,–,3.02
WT,WT10.5X91,WT10.5X91,F,91.0,26.8,11.4,11.375,–,–,–,12.5,12.5,–,–,–,0.83,0.8125,0.4375,1.48,1.5,–,–,–,1.98,2.75,–,–,2.48,–,–,1.07,4.22,–,–,–,–,13.7,253.0,52.1,28.5,3.07,241.0,59.5,38.6,3.0,–,,–,15.3,63,–,–,–,–,–,–,–,4.64,0.859,–,–,–,–,–,–,–,–,–,–,–,–,–,–,–,–,34.3,–,46.8,35.3,47.8,–,5.5,–,WT265X136,WT265X136,136.0,17300,290,289,–,–,–,318,318,–,–,–,21.1,20.6,11.1,37.6,38.1,–,–,–,50.3,69.9,–,–,63,–,–,27.2,4.22,–,–,–,–,13.7,105.0,854.0,467.0,78.0,100.0,975.0,633.0,76.2,–,–,–,6370,16.9,–,–,–,–,–,–,–,118,0.859,–,–,–,–,–,–,–,–,–,–,–,–,–,–,–,–,871,–,1190,897,1210,–,140,–,3.0
WT,WT10.5X83,WT10.5X83,F,83.0,24.4,11.2,11.125,–,–,–,12.4,12.375,–,–,–,0.75,0.75,0.375,1.36,1.375,–,–,–,1.86,2.625,–,–,2.39,–,–,0.983,4.57,–,–,–,–,14.9,226.0,46.3,25.5,3.04,217.0,53.9,35.0,2.99,–,,–,11.8,47.3,–,–,–,–,–,–,–,4.59,0.861,–,–,–,–,–,–,–,–,–,–,–,–,–,–,–,–,33.8,–,46.2,34.800000000000004,47.2,–,5.5,–,WT265X124,WT265X124,124.0,15700,284,283,–,–,–,315,314,–,–,–,19.1,19,9.52,34.5,34.9,–,–,–,47.2,66.7,–,–,60.7,–,–,25,4.57,–,–,–,–,14.9,94.1,759.0,418.0,77.2,90.3,883.0,574.0,75.9,–,–,–,4910,12.7,–,–,–,–,–,–,–,117,0.861,–,–,–,–,–,–,–,–,–,–,–,–,–,–,–,–,859,–,1170,884,1200,–,140,–,2.99
WT,WT10.5X73.5,WT10.5X73.5,F,73.5,21.6,11,11,–,–,–,12.5,12.5,–,–,–,0.72,0.75,0.375,1.15,1.125,–,–,–,1.65,2.4375,–,–,2.39,–,–,0.864,5.44,–,–,–,–,15.3,204.0,42.4,23.7,3.08,188.0,46.3,30.0,2.95,–,,–,7.69,32.5,–,–,–,–,–,–,–,4.63,0.846,–,–,–,–,–,–,–,–,–,–,–,–,–,–,–,–,33.5,–,46,34.5,47,–,5.5,–,WT265X109.5,WT265X109.5,110.0,13900,279,279,–,–,–,318,318,–,–,–,18.3,19,9.52,29.2,28.6,–,–,–,41.9,61.9,–,–,60.7,–,–,21.9,5.44,–,–,–,–,15.3,84.9,695.0,388.0,78.2,78.3,759.0,492.0,74.9,–,–,–,3200,8.73,–,–,–,–,–,–,–,118,0.846,–,–,–,–,–,–,–,–,–,–,–,–,–,–,–,–,851,–,1170,876,1190,–,140,–,2.95
WT,WT10.5X66,WT10.5X66,F,66.0,19.4,10.9,10.875,–,–,–,12.4,12.5,–,–,–,0.65,0.625,0.3125,1.04,1.0625,–,–,–,1.54,2.25,–,–,2.33,–,–,0.78,6.01,–,–,–,–,16.8,181.0,37.6,21.1,3.06,166.0,41.1,26.7,2.93,–,,–,5.62,23.4,–,–,–,–,–,–,–,4.6,0.845,–,–,–,–,–,–,–,–,–,–,–,–,–,–,–,–,33.2,–,45.6,34.2,46.6,–,5.5,–,WT265X98,WT265X98,98.0,12500,277,276,–,–,–,315,318,–,–,–,16.5,15.9,7.94,26.4,27,–,–,–,39.1,57.2,–,–,59.2,–,–,19.8,6.01,–,–,–,–,16.8,75.3,616.0,346.0,77.7,69.1,674.0,438.0,74.4,–,–,–,2340,6.28,–,–,–,–,–,–,–,117,0.845,–,–,–,–,–,–,–,–,–,–,–,–,–,–,–,–,843,–,1160,869,1180,–,140,–,2.93
WT,WT10.5X61,WT10.5X61,F,61.0,17.9,10.8,10.75,–,–,–,12.4,12.375,–,–,–,0.6,0.625,0.3125,0.96,0.9375,–,–,–,1.46,2.25,–,–,2.28,–,–,0.724,6.45,–,–,–,–,18,166.0,34.3,19.3,3.04,152.0,37.8,24.6,2.91,–,,–,4.47,18.4,–,–,–,–,–,–,–,4.58,0.846,–,–,–,–,–,–,–,–,–,–,–,–,–,–,–,–,33,–,45.4,34.00000000000001,46.400000000000006,–,5.5,–,WT265X91,WT265X91,91.0,11500,274,273,–,–,–,315,314,–,–,–,15.2,15.9,7.94,24.4,23.8,–,–,–,37.1,57.2,–,–,57.9,–,–,18.4,6.45,–,–,–,–,18,69.1,562.0,316.0,77.2,63.3,619.0,403.0,73.9,–,–,–,1860,4.94,–,–,–,–,–,–,–,116,0.846,–,–,–,–,–,–,–,–,–,–,–,–,–,–,–,–,838,–,1150,864,1180,–,140,–,2.91
WT,WT10.5X55.5,WT10.5X55.5,F,55.5,16.3,10.8,10.75,–,–,–,12.3,12.375,–,–,–,0.55,0.5625,0.3125,0.875,0.875,–,–,–,1.38,2.125,–,–,2.23,–,–,0.662,7.05,–,–,–,–,19.6,150.0,31.0,17.5,3.03,137.0,34.1,22.2,2.9,–,,–,3.4,13.8,–,–,–,–,–,–,–,4.56,0.845,–,–,–,–,–,–,–,–,–,–,–,–,–,–,–,–,32.9,–,45.2,33.900000000000006,46.2,–,5.5,–,WT265X82.5,WT265X82.5,82.5,10500,274,273,–,–,–,312,314,–,–,–,14,14.3,7.94,22.2,22.2,–,–,–,35.1,54,–,–,56.6,–,–,16.8,7.05,–,–,–,–,19.6,62.4,508.0,287.0,77.0,57.0,559.0,364.0,73.7,–,–,–,1420,3.71,–,–,–,–,–,–,–,116,0.845,–,–,–,–,–,–,–,–,–,–,–,–,–,–,–,–,836,–,1150,861,1170,–,140,–,2.9
WT,WT10.5X50.5,WT10.5X50.5,F,50.5,14.9,10.7,10.625,–,–,–,12.3,12.25,–,–,–,0.5,0.5,0.25,0.8,0.8125,–,–,–,1.3,2.0625,–,–,2.18,–,–,0.605,7.68,–,–,–,–,21.4,135.0,27.9,15.8,3.01,124.0,30.8,20.2,2.89,–,,–,2.6,10.4,–,–,–,–,–,–,–,4.53,0.846,–,–,–,–,–,–,–,–,–,–,–,–,–,–,–,–,32.7,–,45,33.7,46,–,5.5,–,WT265X75,WT265X75,75.0,9610,272,270,–,–,–,312,311,–,–,–,12.7,12.7,6.35,20.3,20.6,–,–,–,33,52.4,–,–,55.4,–,–,15.4,7.68,–,–,–,–,21.4,56.2,457.0,259.0,76.5,51.6,505.0,331.0,73.4,–,–,–,1080,2.79,–,–,–,–,–,–,–,115,0.846,–,–,–,–,–,–,–,–,–,–,–,–,–,–,–,–,831,–,1140,856,1170,–,140,–,2.89
WT,WT10.5X46.5,WT10.5X46.5,F,46.5,13.7,10.8,10.75,–,–,–,8.42,8.375,–,–,–,0.58,0.5625,0.3125,0.93,0.9375,–,–,–,1.43,1.625,–,–,2.74,–,–,0.812,4.53,–,–,–,–,18.6,144.0,31.8,17.9,3.25,46.4,17.3,11.0,1.84,–,,–,3.01,9.33,–,–,–,–,–,–,–,4.37,0.73,–,–,–,–,–,–,–,–,–,–,–,–,–,–,–,–,29.5,–,37.9,30,38.4,–,5.5,–,WT265X69,WT265X69,69.0,8840,274,273,–,–,–,214,213,–,–,–,14.7,14.3,7.94,23.6,23.8,–,–,–,36.3,41.3,–,–,69.6,–,–,20.6,4.53,–,–,–,–,18.6,59.9,521.0,293.0,82.6,19.3,283.0,180.0,46.7,–,–,–,1250,2.51,–,–,–,–,–,–,–,111,0.73,–,–,–,–,–,–,–,–,–,–,–,–,–,–,–,–,749,–,963,762,975,–,140,–,1.84
WT,WT10.5X41.5,WT10.5X41.5,F,41.5,12.2,10.7,10.625,–,–,–,8.36,8.375,–,–,–,0.515,0.5,0.25,0.835,0.8125,–,–,–,1.34,1.5,–,–,2.66,–,–,0.728,5,–,–,–,–,20.8,127.0,28.0,15.7,3.22,40.7,15.2,9.74,1.83,–,,–,2.16,6.5,–,–,–,–,–,–,–,4.33,0.732,–,–,–,–,–,–,–,–,–,–,–,–,–,–,–,–,29.2,–,37.6,29.8,38.1,–,5.5,–,WT265X61.5,WT265X61.5,61.5,7870,272,270,–,–,–,212,213,–,–,–,13.1,12.7,6.35,21.2,20.6,–,–,–,34,38.1,–,–,67.6,–,–,18.5,5,–,–,–,–,20.8,52.9,459.0,257.0,81.8,16.9,249.0,160.0,46.5,–,–,–,899,1.75,–,–,–,–,–,–,–,110,0.732,–,–,–,–,–,–,–,–,–,–,–,–,–,–,–,–,742,–,955,757,968,–,140,–,1.83
WT,WT10.5X36.5,WT10.5X36.5,F,36.5,10.7,10.6,10.5,–,–,–,8.3,8.25,–,–,–,0.455,0.4375,0.25,0.74,0.75,–,–,–,1.24,1.4375,–,–,2.6,–,–,0.647,5.6,–,–,–,–,23.3,110.0,24.4,13.8,3.21,35.3,13.3,8.51,1.81,–,,–,1.51,4.42,–,–,–,–,–,–,–,4.3,0.732,–,–,–,–,–,–,–,–,–,–,–,–,–,–,–,–,29,–,37.3,29.499999999999996,37.8,–,5.5,–,WT265X54.5,WT265X54.5,54.5,6900,269,267,–,–,–,211,210,–,–,–,11.6,11.1,6.35,18.8,19,–,–,–,31.5,36.5,–,–,66,–,–,16.4,5.6,–,–,–,–,23.3,45.8,400.0,226.0,81.5,14.7,218.0,139.0,46.0,–,–,–,629,1.19,–,–,–,–,–,–,–,109,0.732,–,–,–,–,–,–,–,–,–,–,–,–,–,–,–,–,737,–,947,749,960,–,140,–,1.81
WT,WT10.5X34,WT10.5X34,F,34.0,10.0,10.6,10.5,–,–,–,8.27,8.25,–,–,–,0.43,0.4375,0.25,0.685,0.6875,–,–,–,1.19,1.375,–,–,2.59,–,–,0.606,6.04,–,–,–,–,24.7,103.0,22.9,12.9,3.2,32.4,12.2,7.83,1.8,–,,–,1.22,3.62,–,–,–,–,–,–,–,4.3,0.728,–,–,–,–,–,–,–,–,–,–,–,–,–,–,–,–,29,–,37.2,29.5,37.7,–,5.5,–,WT265X50.5,WT265X50.5,50.5,6450,269,267,–,–,–,210,210,–,–,–,10.9,11.1,6.35,17.4,17.5,–,–,–,30.2,34.9,–,–,65.8,–,–,15.4,6.04,–,–,–,–,24.7,42.9,375.0,211.0,81.3,13.5,200.0,128.0,45.7,–,–,–,508,0.972,–,–,–,–,–,–,–,109,0.728,–,–,–,–,–,–,–,–,–,–,–,–,–,–,–,–,737,–,945,749,958,–,140,–,1.8
WT,WT10.5X31,WT10.5X31,F,31.0,9.13,10.5,10.5,–,–,–,8.24,8.25,–,–,–,0.4,0.375,0.1875,0.615,0.625,–,–,–,1.12,1.3125,–,–,2.58,–,–,0.554,6.7,–,–,–,–,26.3,93.8,21.1,11.9,3.21,28.7,10.9,6.97,1.77,–,,–,0.913,2.78,–,–,–,–,–,–,–,4.31,0.721,–,–,–,–,–,–,–,–,–,–,–,–,–,–,–,–,28.7,–,37,29.2,37.5,–,5.5,–,WT265X46,WT265X46,46.0,5890,267,267,–,–,–,209,210,–,–,–,10.2,9.52,4.76,15.6,15.9,–,–,–,28.4,33.3,–,–,65.5,–,–,14.1,6.7,–,–,–,–,26.3,39.0,346.0,195.0,81.5,11.9,179.0,114.0,45.0,–,–,–,380,0.747,–,–,–,–,–,–,–,109,0.721,–,–,–,–,–,–,–,–,–,–,–,–,–,–,–,–,729,–,940,742,953,–,140,–,1.77
WT,WT10.5X27.5,WT10.5X27.5,F,27.5,8.1,10.4,10.375,–,–,–,8.22,8.25,–,–,–,0.375,0.375,0.1875,0.522,0.5,–,–,–,1.02,1.1875,–,–,2.64,–,–,0.493,7.87,–,–,–,–,27.7,84.4,19.4,10.9,3.23,24.2,9.18,5.89,1.73,–,,–,0.617,2.08,–,–,–,–,–,–,–,4.37,0.703,–,–,–,–,–,–,–,–,–,–,–,–,–,–,–,–,28.5,–,36.7,29,37.2,–,5.5,–,WT265X41,WT265X41,41.0,5230,264,264,–,–,–,209,210,–,–,–,9.53,9.52,4.76,13.3,12.7,–,–,–,25.9,30.2,–,–,67.1,–,–,12.5,7.87,–,–,–,–,27.7,35.1,318.0,179.0,82.0,10.1,150.0,96.5,43.9,–,–,–,257,0.559,–,–,–,–,–,–,–,111,0.703,–,–,–,–,–,–,–,–,–,–,–,–,–,–,–,–,724,–,932,737,945,–,140,–,1.73
WT,WT10.5X24,WT10.5X24,F,24.0,7.07,10.3,10.25,–,–,–,8.14,8.125,–,–,–,0.35,0.375,0.1875,0.43,0.4375,–,–,–,0.93,1.125,–,–,2.74,–,–,0.459,9.47,–,–,–,–,29.4,74.9,17.8,9.9,3.26,19.4,7.44,4.76,1.66,–,,–,0.4,1.52,–,–,–,–,–,–,–,4.44,0.676,–,–,–,–,–,–,–,–,–,–,–,–,–,–,–,–,28.2,–,36.4,28.7,36.9,–,5.5,–,WT265X36,WT265X36,36.0,4560,262,260,–,–,–,207,206,–,–,–,8.89,9.52,4.76,10.9,11.1,–,–,–,23.6,28.6,–,–,69.6,–,–,11.7,9.47,–,–,–,–,29.4,31.2,292.0,162.0,82.8,8.07,122.0,78.0,42.2,–,–,–,166,0.408,–,–,–,–,–,–,–,113,0.676,–,–,–,–,–,–,–,–,–,–,–,–,–,–,–,–,716,–,925,729,937,–,140,–,1.66
WT,WT10.5X28.5,WT10.5X28.5,F,28.5,8.37,10.5,10.5,–,–,–,6.56,6.5,–,–,–,0.405,0.375,0.1875,0.65,0.625,–,–,–,1.15,1.3125,–,–,2.85,–,–,0.638,5.04,–,–,–,–,25.9,90.4,21.2,11.8,3.29,15.3,7.4,4.67,1.35,–,,–,0.884,2.5,–,–,–,–,–,–,–,4.36,0.665,–,–,–,–,–,–,–,–,–,–,–,–,–,–,–,–,27,–,33.6,27.6,34.1,–,3.5,–,WT265X42.5,WT265X42.5,42.5,5400,267,267,–,–,–,167,165,–,–,–,10.3,9.52,4.76,16.5,15.9,–,–,–,29.2,33.3,–,–,72.4,–,–,16.2,5.04,–,–,–,–,25.9,37.6,347.0,193.0,83.6,6.37,121.0,76.5,34.3,–,–,–,368,0.671,–,–,–,–,–,–,–,111,0.665,–,–,–,–,–,–,–,–,–,–,–,–,–,–,–,–,686,–,853,701,866,–,88.9,–,1.35
WT,WT10.5X25,WT10.5X25,F,25.0,7.36,10.4,10.375,–,–,–,6.53,6.5,–,–,–,0.38,0.375,0.1875,0.535,0.5625,–,–,–,1.04,1.25,–,–,2.93,–,–,0.771,6.1,–,–,–,–,27.4,80.3,19.4,10.7,3.3,12.5,6.08,3.82,1.3,–,,–,0.57,1.89,–,–,–,–,–,–,–,4.44,0.64,–,–,–,–,–,–,–,–,–,–,–,–,–,–,–,–,26.8,–,33.3,27.3,33.9,–,3.5,–,WT265X37,WT265X37,37.0,4750,264,264,–,–,–,166,165,–,–,–,9.65,9.52,4.76,13.6,14.3,–,–,–,26.4,31.8,–,–,74.4,–,–,19.6,6.1,–,–,–,–,27.4,33.4,318.0,175.0,83.8,5.2,99.6,62.6,33.0,–,–,–,237,0.508,–,–,–,–,–,–,–,113,0.64,–,–,–,–,–,–,–,–,–,–,–,–,–,–,–,–,681,–,846,693,861,–,88.9,–,1.3
WT,WT10.5X22,WT10.5X22,F,22.0,6.49,10.3,10.25,–,–,–,6.5,6.5,–,–,–,0.35,0.375,0.1875,0.45,0.4375,–,–,–,0.95,1.125,–,–,2.98,–,–,1.06,7.22,–,–,–,–,29.4,71.1,17.6,9.68,3.31,10.3,5.07,3.18,1.26,–,,–,0.383,1.4,–,–,–,–,–,–,–,4.49,0.623,–,–,–,–,–,–,–,–,–,–,–,–,–,–,–,–,26.6,–,33.1,27.1,33.6,–,3.5,–,WT265X33,WT265X33,33.0,4190,262,260,–,–,–,165,165,–,–,–,8.89,9.52,4.76,11.4,11.1,–,–,–,24.1,28.6,–,–,75.7,–,–,26.9,7.22,–,–,–,–,29.4,29.6,288.0,159.0,84.1,4.29,83.1,52.1,32.0,–,–,–,159,0.376,–,–,–,–,–,–,–,114,0.623,–,–,–,–,–,–,–,–,–,–,–,–,–,–,–,–,676,–,841,688,853,–,88.9,–,1.26
WT,WT9X155.5,WT9X155.5,F,155.5,45.8,11.2,11.125,–,–,–,12,12,–,–,–,1.52,1.5,0.75,2.74,2.75,–,–,–,3.24,3.5625,–,–,2.93,–,–,1.91,2.19,–,–,–,–,7.37,383.0,90.6,46.6,2.89,398.0,104.0,66.2,2.95,–,,–,87.2,339,–,–,–,–,–,–,–,4.41,0.875,–,–,–,–,–,–,–,–,–,–,–,–,–,–,–,–,33.7,–,45.7,34.4,46.4,–,5.5,–,WT230X232,WT230X232,232.0,29500,284,283,–,–,–,305,305,–,–,–,38.6,38.1,19,69.6,69.8,–,–,–,82.3,90.5,–,–,74.4,–,–,48.5,2.19,–,–,–,–,7.37,159.0,1480.0,764.0,73.4,166.0,1700.0,1080.0,74.9,–,–,–,36300,91,–,–,–,–,–,–,–,112,0.875,–,–,–,–,–,–,–,–,–,–,–,–,–,–,–,–,856,–,1160,874,1180,–,140,–,2.89
WT,WT9X141.5,WT9X141.5,F,141.5,41.7,10.9,10.875,–,–,–,11.9,11.875,–,–,–,1.4,1.375,0.6875,2.5,2.5,–,–,–,3,3.375,–,–,2.8,–,–,1.75,2.38,–,–,–,–,7.79,337.0,80.2,41.5,2.85,352.0,92.5,59.2,2.91,–,,–,66.5,251,–,–,–,–,–,–,–,4.36,0.873,–,–,–,–,–,–,–,–,–,–,–,–,–,–,–,–,33,–,44.9,33.7,45.6,–,5.5,–,WT230X210.5,WT230X210.5,211.0,26900,277,276,–,–,–,302,302,–,–,–,35.6,34.9,17.5,63.5,63.5,–,–,–,76.2,85.7,–,–,71.1,–,–,44.5,2.38,–,–,–,–,7.79,140.0,1310.0,680.0,72.4,147.0,1520.0,970.0,73.9,–,–,–,27700,67.4,–,–,–,–,–,–,–,111,0.873,–,–,–,–,–,–,–,–,–,–,–,–,–,–,–,–,838,–,1140,856,1160,–,140,–,2.85
WT,WT9X129,WT9X129,F,129.0,38.0,10.7,10.625,–,–,–,11.8,11.75,–,–,–,1.28,1.25,0.625,2.3,2.3125,–,–,–,2.7,3.1875,–,–,2.68,–,–,1.61,2.56,–,–,–,–,8.36,298.0,71.0,37.0,2.8,314.0,83.1,53.4,2.88,–,,–,51.1,189,–,–,–,–,–,–,–,4.3,0.874,–,–,–,–,–,–,–,–,–,–,–,–,–,–,–,–,32.5,–,44.3,33.2,45,–,5.5,–,WT230X192,WT230X192,192.0,24500,272,270,–,–,–,300,298,–,–,–,32.5,31.8,15.9,58.4,58.7,–,–,–,68.6,81,–,–,68.1,–,–,40.9,2.56,–,–,–,–,8.36,124.0,1160.0,606.0,71.1,131.0,1360.0,875.0,73.2,–,–,–,21300,50.8,–,–,–,–,–,–,–,109,0.874,–,–,–,–,–,–,–,–,–,–,–,–,–,–,–,–,826,–,1130,843,1140,–,140,–,2.8
WT,WT9X117,WT9X117,F,117.0,34.3,10.5,10.5,–,–,–,11.7,11.625,–,–,–,1.16,1.1875,0.625,2.11,2.125,–,–,–,2.51,3,–,–,2.55,–,–,1.48,2.76,–,–,–,–,9.05,261.0,62.4,32.7,2.75,279.0,74.4,47.9,2.85,–,,–,39.1,140,–,–,–,–,–,–,–,4.23,0.875,–,–,–,–,–,–,–,–,–,–,–,–,–,–,–,–,32,–,43.7,32.7,44.4,–,5.5,–,WT230X174.5,WT230X174.5,175.0,22100,267,267,–,–,–,297,295,–,–,–,29.5,30.2,15.9,53.6,54,–,–,–,63.8,76.2,–,–,64.8,–,–,37.6,2.76,–,–,–,–,9.05,109.0,1020.0,536.0,69.9,116.0,1220.0,785.0,72.4,–,–,–,16300,37.6,–,–,–,–,–,–,–,107,0.875,–,–,–,–,–,–,–,–,–,–,–,–,–,–,–,–,813,–,1110,831,1130,–,140,–,2.75
WT,WT9X105.5,WT9X105.5,F,105.5,31.2,10.3,10.25,–,–,–,11.6,11.5,–,–,–,1.06,1.0625,0.5625,1.91,1.9375,–,–,–,2.31,2.8125,–,–,2.44,–,–,1.34,3.02,–,–,–,–,9.72,229.0,55.0,29.1,2.72,246.0,66.1,42.7,2.82,–,,–,29.1,102,–,–,–,–,–,–,–,4.19,0.874,–,–,–,–,–,–,–,–,–,–,–,–,–,–,–,–,31.5,–,43.1,32.199999999999996,43.8,–,5.5,–,WT230X157.5,WT230X157.5,158.0,20100,262,260,–,–,–,295,292,–,–,–,26.9,27,14.3,48.5,49.2,–,–,–,58.7,71.4,–,–,62,–,–,34,3.02,–,–,–,–,9.72,95.3,901.0,477.0,69.1,102.0,1080.0,700.0,71.6,–,–,–,12100,27.4,–,–,–,–,–,–,–,106,0.874,–,–,–,–,–,–,–,–,–,–,–,–,–,–,–,–,800,–,1090,818,1110,–,140,–,2.72
WT,WT9X96,WT9X96,F,96.0,28.1,10.2,10.125,–,–,–,11.5,11.5,–,–,–,0.96,0.9375,0.5,1.75,1.75,–,–,–,2.15,2.625,–,–,2.34,–,–,1.23,3.27,–,–,–,–,10.6,202.0,48.5,25.8,2.68,220.0,59.4,38.4,2.79,–,,–,22.3,75.7,–,–,–,–,–,–,–,4.13,0.875,–,–,–,–,–,–,–,–,–,–,–,–,–,–,–,–,31.2,–,42.7,31.9,43.4,–,5.5,–,WT230X143,WT230X143,143.0,18100,259,257,–,–,–,292,292,–,–,–,24.4,23.8,12.7,44.5,44.4,–,–,–,54.6,66.7,–,–,59.4,–,–,31.2,3.27,–,–,–,–,10.6,84.1,795.0,423.0,68.1,91.6,973.0,629.0,70.9,–,–,–,9280,20.3,–,–,–,–,–,–,–,105,0.875,–,–,–,–,–,–,–,–,–,–,–,–,–,–,–,–,792,–,1080,810,1100,–,140,–,2.68
WT,WT9X87.5,WT9X87.5,F,87.5,25.7,10,10,–,–,–,11.4,11.375,–,–,–,0.89,0.875,0.4375,1.59,1.5625,–,–,–,1.99,2.4375,–,–,2.26,–,–,1.13,3.58,–,–,–,–,11.2,181.0,43.6,23.4,2.66,196.0,53.1,34.4,2.76,–,,–,16.8,56.5,–,–,–,–,–,–,–,4.1,0.872,–,–,–,–,–,–,–,–,–,–,–,–,–,–,–,–,30.7,–,42.1,31.4,42.8,–,5.5,–,WT230X130,WT230X130,130.0,16600,254,254,–,–,–,290,289,–,–,–,22.6,22.2,11.1,40.4,39.7,–,–,–,50.5,61.9,–,–,57.4,–,–,28.7,3.58,–,–,–,–,11.2,75.3,714.0,383.0,67.6,81.6,870.0,564.0,70.1,–,–,–,6990,15.2,–,–,–,–,–,–,–,104,0.872,–,–,–,–,–,–,–,–,–,–,–,–,–,–,–,–,780,–,1070,798,1090,–,140,–,2.66
WT,WT9X79,WT9X79,F,79.0,23.2,9.86,9.75,–,–,–,11.3,11.25,–,–,–,0.81,0.8125,0.4375,1.44,1.4375,–,–,–,1.84,2.375,–,–,2.17,–,–,1.02,3.92,–,–,–,–,12.2,160.0,38.5,20.8,2.63,174.0,47.4,30.7,2.74,–,,–,12.5,41.2,–,–,–,–,–,–,–,4.06,0.872,–,–,–,–,–,–,–,–,–,–,–,–,–,–,–,–,30.3,–,41.6,31,42.3,–,5.5,–,WT230X117.5,WT230X117.5,118.0,15000,250,248,–,–,–,287,286,–,–,–,20.6,20.6,11.1,36.6,36.5,–,–,–,46.7,60.3,–,–,55.1,–,–,25.9,3.92,–,–,–,–,12.2,66.6,631.0,341.0,66.8,72.4,777.0,503.0,69.6,–,–,–,5200,11.1,–,–,–,–,–,–,–,103,0.872,–,–,–,–,–,–,–,–,–,–,–,–,–,–,–,–,770,–,1060,787,1070,–,140,–,2.63
WT,WT9X71.5,WT9X71.5,F,71.5,21.0,9.75,9.75,–,–,–,11.2,11.25,–,–,–,0.73,0.75,0.375,1.32,1.3125,–,–,–,1.72,2.1875,–,–,2.09,–,–,0.937,4.25,–,–,–,–,13.4,142.0,34.0,18.5,2.6,156.0,42.7,27.7,2.72,–,,–,9.58,30.7,–,–,–,–,–,–,–,4.02,0.874,–,–,–,–,–,–,–,–,–,–,–,–,–,–,–,–,30,–,41.2,30.7,41.9,–,5.5,–,WT230X106.5,WT230X106.5,107.0,13500,248,248,–,–,–,284,286,–,–,–,18.5,19,9.52,33.5,33.3,–,–,–,43.7,55.6,–,–,53.1,–,–,23.8,4.25,–,–,–,–,13.4,59.1,557.0,303.0,66.0,64.9,700.0,454.0,69.1,–,–,–,3990,8.24,–,–,–,–,–,–,–,102,0.874,–,–,–,–,–,–,–,–,–,–,–,–,–,–,–,–,762,–,1050,780,1060,–,140,–,2.6
WT,WT9X65,WT9X65,F,65.0,19.2,9.63,9.625,–,–,–,11.2,11.125,–,–,–,0.67,0.6875,0.375,1.2,1.1875,–,–,–,1.6,2.0625,–,–,2.02,–,–,0.856,4.65,–,–,–,–,14.4,127.0,30.5,16.7,2.58,139.0,38.3,24.9,2.7,–,,–,7.23,22.8,–,–,–,–,–,–,–,4,0.873,–,–,–,–,–,–,–,–,–,–,–,–,–,–,–,–,29.8,–,41,30.5,41.7,–,5.5,–,WT230X96.5,WT230X96.5,96.5,12400,245,244,–,–,–,284,283,–,–,–,17,17.5,9.52,30.5,30.2,–,–,–,40.6,52.4,–,–,51.3,–,–,21.7,4.65,–,–,–,–,14.4,52.9,500.0,274.0,65.5,57.9,628.0,408.0,68.6,–,–,–,3010,6.12,–,–,–,–,–,–,–,102,0.873,–,–,–,–,–,–,–,–,–,–,–,–,–,–,–,–,757,–,1040,775,1060,–,140,–,2.58
WT,WT9X59.5,WT9X59.5,F,59.5,17.6,9.49,9.375,–,–,–,11.3,11.25,–,–,–,0.655,0.625,0.3125,1.06,1.0625,–,–,–,1.46,1.9375,–,–,2.03,–,–,0.778,5.31,–,–,–,–,14.5,119.0,28.7,15.9,2.6,126.0,34.5,22.5,2.69,–,,–,5.3,17.4,–,–,–,–,–,–,–,4.03,0.862,–,–,–,–,–,–,–,–,–,–,–,–,–,–,–,–,29.6,–,40.9,30.3,41.6,–,5.5,–,WT230X88.5,WT230X88.5,88.5,11400,241,238,–,–,–,287,286,–,–,–,16.6,15.9,7.94,26.9,27,–,–,–,37.1,49.2,–,–,51.6,–,–,19.8,5.31,–,–,–,–,14.5,49.5,470.0,261.0,66.0,52.4,565.0,369.0,68.3,–,–,–,2210,4.67,–,–,–,–,–,–,–,102,0.862,–,–,–,–,–,–,–,–,–,–,–,–,–,–,–,–,752,–,1040,770,1060,–,140,–,2.6
WT,WT9X53,WT9X53,F,53.0,15.6,9.37,9.25,–,–,–,11.2,11.25,–,–,–,0.59,0.5625,0.3125,0.94,0.9375,–,–,–,1.34,1.8125,–,–,1.97,–,–,0.695,5.96,–,–,–,–,15.9,104.0,25.2,14.1,2.59,110.0,30.2,19.7,2.66,–,,–,3.73,12.1,–,–,–,–,–,–,–,4,0.86,–,–,–,–,–,–,–,–,–,–,–,–,–,–,–,–,29.3,–,40.5,29.9,41.1,–,5.5,–,WT230X79,WT230X79,79.0,10100,238,235,–,–,–,284,286,–,–,–,15,14.3,7.94,23.9,23.8,–,–,–,34,46,–,–,50,–,–,17.7,5.96,–,–,–,–,15.9,43.3,413.0,231.0,65.8,45.8,495.0,323.0,67.6,–,–,–,1550,3.25,–,–,–,–,–,–,–,102,0.86,–,–,–,–,–,–,–,–,–,–,–,–,–,–,–,–,744,–,1030,759,1040,–,140,–,2.59
WT,WT9X48.5,WT9X48.5,F,48.5,14.2,9.3,9.25,–,–,–,11.1,11.125,–,–,–,0.535,0.5625,0.3125,0.87,0.875,–,–,–,1.27,1.75,–,–,1.91,–,–,0.64,6.41,–,–,–,–,17.4,93.8,22.6,12.7,2.56,100.0,27.6,18.0,2.65,–,,–,2.92,9.29,–,–,–,–,–,–,–,3.97,0.863,–,–,–,–,–,–,–,–,–,–,–,–,–,–,–,–,29,–,40.1,29.699999999999996,40.8,–,5.5,–,WT230X72,WT230X72,72.0,9160,236,235,–,–,–,282,283,–,–,–,13.6,14.3,7.94,22.1,22.2,–,–,–,32.3,44.5,–,–,48.5,–,–,16.3,6.41,–,–,–,–,17.4,39.0,370.0,208.0,65.0,41.6,452.0,295.0,67.3,–,–,–,1220,2.49,–,–,–,–,–,–,–,101,0.863,–,–,–,–,–,–,–,–,–,–,–,–,–,–,–,–,737,–,1020,754,1040,–,140,–,2.56
WT,WT9X43,WT9X43,F,43.0,12.7,9.2,9.125,–,–,–,11.1,11.125,–,–,–,0.48,0.5,0.25,0.77,0.75,–,–,–,1.17,1.625,–,–,1.86,–,–,0.57,7.2,–,–,–,–,19.2,82.4,19.9,11.2,2.55,87.6,24.2,15.8,2.63,–,,–,2.04,6.42,–,–,–,–,–,–,–,3.95,0.861,–,–,–,–,–,–,–,–,–,–,–,–,–,–,–,–,28.8,–,39.9,29.499999999999993,40.599999999999994,–,5.5,–,WT230X64,WT230X64,64.0,8190,234,232,–,–,–,282,283,–,–,–,12.2,12.7,6.35,19.6,19,–,–,–,29.7,41.3,–,–,47.2,–,–,14.5,7.2,–,–,–,–,19.2,34.3,326.0,184.0,64.8,36.5,397.0,259.0,66.8,–,–,–,849,1.72,–,–,–,–,–,–,–,100,0.861,–,–,–,–,–,–,–,–,–,–,–,–,–,–,–,–,732,–,1010,749,1030,–,140,–,2.55
WT,WT9X38,WT9X38,F,38.0,11.1,9.11,9,–,–,–,11,11,–,–,–,0.425,0.4375,0.25,0.68,0.6875,–,–,–,1.08,1.5625,–,–,1.8,–,–,0.505,8.11,–,–,–,–,21.4,71.8,17.3,9.83,2.54,76.2,21.1,13.8,2.61,–,,–,1.41,4.37,–,–,–,–,–,–,–,3.93,0.861,–,–,–,–,–,–,–,–,–,–,–,–,–,–,–,–,28.5,–,39.5,29.2,40.2,–,5.5,–,WT230X56.5,WT230X56.5,56.5,7160,231,229,–,–,–,279,279,–,–,–,10.8,11.1,6.35,17.3,17.5,–,–,–,27.4,39.7,–,–,45.7,–,–,12.8,8.11,–,–,–,–,21.4,29.9,283.0,161.0,64.5,31.7,346.0,226.0,66.3,–,–,–,587,1.17,–,–,–,–,–,–,–,99.8,0.861,–,–,–,–,–,–,–,–,–,–,–,–,–,–,–,–,724,–,1000,742,1020,–,140,–,2.54
WT,WT9X35.5,WT9X35.5,F,35.5,10.4,9.24,9.125,–,–,–,7.64,7.625,–,–,–,0.495,0.5,0.25,0.81,0.8125,–,–,–,1.21,1.5,–,–,2.26,–,–,0.683,4.71,–,–,–,–,18.7,78.2,20.0,11.2,2.74,30.1,12.3,7.89,1.7,–,,–,1.74,3.96,–,–,–,–,–,–,–,3.72,0.752,–,–,–,–,–,–,–,–,–,–,–,–,–,–,–,–,25.6,–,33.2,26.1,33.8,–,3.5,–,WT230X53,WT230X53,53.0,6710,235,232,–,–,–,194,194,–,–,–,12.6,12.7,6.35,20.6,20.6,–,–,–,30.7,38.1,–,–,57.4,–,–,17.3,4.71,–,–,–,–,18.7,32.5,328.0,184.0,69.6,12.5,202.0,129.0,43.2,–,–,–,724,1.06,–,–,–,–,–,–,–,94.5,0.752,–,–,–,–,–,–,–,–,–,–,–,–,–,–,–,–,650,–,843,663,859,–,88.9,–,1.7
WT,WT9X32.5,WT9X32.5,F,32.5,9.55,9.18,9.125,–,–,–,7.59,7.625,–,–,–,0.45,0.4375,0.25,0.75,0.75,–,–,–,1.15,1.4375,–,–,2.2,–,–,0.629,5.06,–,–,–,–,20.4,70.7,18.0,10.1,2.72,27.4,11.2,7.22,1.69,–,,–,1.36,3.01,–,–,–,–,–,–,–,3.69,0.755,–,–,–,–,–,–,–,–,–,–,–,–,–,–,–,–,25.4,–,33,26,33.5,–,3.5,–,WT230X48.5,WT230X48.5,48.5,6160,233,232,–,–,–,193,194,–,–,–,11.4,11.1,6.35,19.1,19,–,–,–,29.2,36.5,–,–,55.9,–,–,16,5.06,–,–,–,–,20.4,29.4,295.0,166.0,69.1,11.4,184.0,118.0,42.9,–,–,–,566,0.808,–,–,–,–,–,–,–,93.7,0.755,–,–,–,–,–,–,–,–,–,–,–,–,–,–,–,–,645,–,838,660,851,–,88.9,–,1.69
WT,WT9X30,WT9X30,F,30.0,8.82,9.12,9,–,–,–,7.56,7.5,–,–,–,0.415,0.4375,0.25,0.695,0.6875,–,–,–,1.1,1.375,–,–,2.16,–,–,0.583,5.44,–,–,–,–,22,64.7,16.5,9.29,2.71,25.0,10.3,6.63,1.68,–,,–,1.08,2.35,–,–,–,–,–,–,–,3.67,0.756,–,–,–,–,–,–,–,–,–,–,–,–,–,–,–,–,25.3,–,32.8,25.8,33.4,–,3.5,–,WT230X44.5,WT230X44.5,44.5,5690,232,229,–,–,–,192,190,–,–,–,10.5,11.1,6.35,17.7,17.5,–,–,–,27.9,34.9,–,–,54.9,–,–,14.8,5.44,–,–,–,–,22,26.9,270.0,152.0,68.8,10.4,169.0,109.0,42.7,–,–,–,450,0.631,–,–,–,–,–,–,–,93.2,0.756,–,–,–,–,–,–,–,–,–,–,–,–,–,–,–,–,643,–,833,655,848,–,88.9,–,1.68
WT,WT9X27.5,WT9X27.5,F,27.5,8.1,9.06,9,–,–,–,7.53,7.5,–,–,–,0.39,0.375,0.1875,0.63,0.625,–,–,–,1.03,1.3125,–,–,2.16,–,–,0.538,5.98,–,–,–,–,23.2,59.5,15.3,8.63,2.71,22.5,9.26,5.97,1.67,–,,–,0.83,1.84,–,–,–,–,–,–,–,3.68,0.749,–,–,–,–,–,–,–,–,–,–,–,–,–,–,–,–,25.1,–,32.7,25.7,33.2,–,3.5,–,WT230X41,WT230X41,41.0,5230,230,229,–,–,–,191,190,–,–,–,9.91,9.52,4.76,16,15.9,–,–,–,26.2,33.3,–,–,54.9,–,–,13.7,5.98,–,–,–,–,23.2,24.8,251.0,141.0,68.8,9.37,152.0,97.8,42.4,–,–,–,345,0.494,–,–,–,–,–,–,–,93.5,0.749,–,–,–,–,–,–,–,–,–,–,–,–,–,–,–,–,638,–,831,653,843,–,88.9,–,1.67
WT,WT9X25,WT9X25,F,25.0,7.34,9,9,–,–,–,7.5,7.5,–,–,–,0.355,0.375,0.1875,0.57,0.5625,–,–,–,0.972,1.25,–,–,2.12,–,–,0.489,6.57,–,–,–,–,25.4,53.5,13.8,7.79,2.7,20.0,8.28,5.35,1.65,–,,–,0.619,1.36,–,–,–,–,–,–,–,3.66,0.748,–,–,–,–,–,–,–,–,–,–,–,–,–,–,–,–,25,–,32.5,25.5,33,–,3.5,–,WT230X37,WT230X37,37.0,4740,229,229,–,–,–,191,190,–,–,–,9.02,9.52,4.76,14.5,14.3,–,–,–,24.7,31.8,–,–,53.8,–,–,12.4,6.57,–,–,–,–,25.4,22.3,226.0,128.0,68.6,8.32,136.0,87.7,41.9,–,–,–,258,0.365,–,–,–,–,–,–,–,93,0.748,–,–,–,–,–,–,–,–,–,–,–,–,–,–,–,–,635,–,826,648,838,–,88.9,–,1.65
WT,WT9X23,WT9X23,F,23.0,6.77,9.03,9,–,–,–,6.06,6,–,–,–,0.36,0.375,0.1875,0.605,0.625,–,–,–,1.01,1.25,–,–,2.33,–,–,0.558,5.01,–,–,–,–,25.1,52.1,13.9,7.77,2.77,11.3,5.84,3.71,1.29,–,,–,0.609,1.2,–,–,–,–,–,–,–,3.67,0.695,–,–,–,–,–,–,–,–,–,–,–,–,–,–,–,–,23.6,–,29.7,24.1,30.2,–,3.5,–,WT230X34,WT230X34,34.0,4370,229,229,–,–,–,154,152,–,–,–,9.14,9.52,4.76,15.4,15.9,–,–,–,25.7,31.8,–,–,59.2,–,–,14.2,5.01,–,–,–,–,25.1,21.7,228.0,127.0,70.4,4.7,95.7,60.8,32.8,–,–,–,253,0.322,–,–,–,–,–,–,–,93.2,0.695,–,–,–,–,–,–,–,–,–,–,–,–,–,–,–,–,599,–,754,612,767,–,88.9,–,1.29
WT,WT9X20,WT9X20,F,20.0,5.88,8.95,8.875,–,–,–,6.02,6,–,–,–,0.315,0.3125,0.1875,0.525,0.5,–,–,–,0.927,1.1875,–,–,2.29,–,–,0.489,5.73,–,–,–,–,28.4,44.8,12.0,6.73,2.76,9.55,4.97,3.17,1.27,–,,–,0.404,0.788,–,–,–,–,–,–,–,3.65,0.693,–,–,–,–,–,–,–,–,–,–,–,–,–,–,–,–,23.4,–,29.4,23.9,29.9,–,3.5,–,WT230X30,WT230X30,30.0,3790,227,225,–,–,–,153,152,–,–,–,8,7.94,4.76,13.3,12.7,–,–,–,23.5,30.2,–,–,58.2,–,–,12.4,5.73,–,–,–,–,28.4,18.6,197.0,110.0,70.1,3.98,81.4,51.9,32.3,–,–,–,168,0.212,–,–,–,–,–,–,–,92.7,0.693,–,–,–,–,–,–,–,–,–,–,–,–,–,–,–,–,594,–,747,607,759,–,88.9,–,1.27
WT,WT9X17.5,WT9X17.5,F,17.5,5.15,8.85,8.75,–,–,–,6,6,–,–,–,0.3,0.3125,0.1875,0.425,0.4375,–,–,–,0.827,1.125,–,–,2.39,–,–,0.45,7.06,–,–,–,–,29.5,40.1,11.2,6.21,2.79,7.67,4.02,2.56,1.22,–,,–,0.252,0.598,–,–,–,–,–,–,–,3.74,0.662,–,–,–,–,–,–,–,–,–,–,–,–,–,–,–,–,23.2,–,29.2,23.7,29.7,–,3.5,–,WT230X26,WT230X26,26.0,3320,225,222,–,–,–,152,152,–,–,–,7.62,7.94,4.76,10.8,11.1,–,–,–,21,28.6,–,–,60.7,–,–,11.4,7.06,–,–,–,–,29.5,16.7,184.0,102.0,70.9,3.19,65.9,42.0,31.0,–,–,–,105,0.161,–,–,–,–,–,–,–,95,0.662,–,–,–,–,–,–,–,–,–,–,–,–,–,–,–,–,589,–,742,602,754,–,88.9,–,1.22
WT,WT8X50,WT8X50,F,50.0,14.7,8.49,8.375,–,–,–,10.4,10.375,–,–,–,0.585,0.5625,0.3125,0.985,1,–,–,–,1.39,1.875,–,–,1.76,–,–,0.706,5.29,–,–,–,–,14.5,76.8,20.7,11.4,2.28,93.1,27.4,17.9,2.51,–,,–,3.85,10.4,–,–,–,–,–,–,–,3.63,0.878,–,–,–,–,–,–,–,–,–,–,–,–,–,–,–,–,26.7,–,37.1,27.4,37.8,–,5.5,–,WT205X74.5,WT205X74.5,74.5,9480,216,213,–,–,–,264,264,–,–,–,14.9,14.3,7.94,25,25.4,–,–,–,35.3,47.6,–,–,44.7,–,–,17.9,5.29,–,–,–,–,14.5,32.0,339.0,187.0,57.9,38.8,449.0,293.0,63.8,–,–,–,1600,2.79,–,–,–,–,–,–,–,92.2,0.878,–,–,–,–,–,–,–,–,–,–,–,–,–,–,–,–,678,–,942,696,960,–,140,–,2.28
WT,WT8X44.5,WT8X44.5,F,44.5,13.1,8.38,8.375,–,–,–,10.4,10.375,–,–,–,0.525,0.5,0.25,0.875,0.875,–,–,–,1.28,1.75,–,–,1.7,–,–,0.631,5.92,–,–,–,–,16,67.2,18.1,10.1,2.27,81.3,24.0,15.7,2.49,–,,–,2.72,7.19,–,–,–,–,–,–,–,3.6,0.877,–,–,–,–,–,–,–,–,–,–,–,–,–,–,–,–,26.5,–,36.9,27.2,37.6,–,5.5,–,WT205X66,WT205X66,66.0,8450,213,213,–,–,–,264,264,–,–,–,13.3,12.7,6.35,22.2,22.2,–,–,–,32.5,44.5,–,–,43.2,–,–,16,5.92,–,–,–,–,16,28.0,297.0,166.0,57.7,33.8,393.0,257.0,63.2,–,–,–,1130,1.93,–,–,–,–,–,–,–,91.4,0.877,–,–,–,–,–,–,–,–,–,–,–,–,–,–,–,–,673,–,937,691,955,–,140,–,2.27
WT,WT8X38.5,WT8X38.5,F,38.5,11.3,8.26,8.25,–,–,–,10.3,10.25,–,–,–,0.455,0.4375,0.25,0.76,0.75,–,–,–,1.16,1.625,–,–,1.63,–,–,0.549,6.77,–,–,–,–,18.2,56.9,15.3,8.59,2.24,69.2,20.5,13.4,2.47,–,,–,1.78,4.61,–,–,–,–,–,–,–,3.57,0.877,–,–,–,–,–,–,–,–,–,–,–,–,–,–,–,–,26.1,–,36.4,26.8,37.1,–,5.5,–,WT205X57,WT205X57,57.0,7290,210,210,–,–,–,262,260,–,–,–,11.6,11.1,6.35,19.3,19,–,–,–,29.5,41.3,–,–,41.4,–,–,13.9,6.77,–,–,–,–,18.2,23.7,251.0,141.0,56.9,28.8,336.0,220.0,62.7,–,–,–,741,1.24,–,–,–,–,–,–,–,90.7,0.877,–,–,–,–,–,–,–,–,–,–,–,–,–,–,–,–,663,–,925,681,942,–,140,–,2.24
WT,WT8X33.5,WT8X33.5,F,33.5,9.81,8.17,8.125,–,–,–,10.2,10.25,–,–,–,0.395,0.375,0.1875,0.665,0.6875,–,–,–,1.07,1.5625,–,–,1.56,–,–,0.481,7.7,–,–,–,–,20.7,48.6,13.0,7.36,2.22,59.5,17.7,11.6,2.46,–,,–,1.19,3.01,–,–,–,–,–,–,–,3.54,0.879,–,–,–,–,–,–,–,–,–,–,–,–,–,–,–,–,25.9,–,36.1,26.5,36.7,–,5.5,–,WT205X50,WT205X50,50.0,6330,208,206,–,–,–,259,260,–,–,–,10,9.52,4.76,16.9,17.5,–,–,–,27.2,39.7,–,–,39.6,–,–,12.2,7.7,–,–,–,–,20.7,20.2,213.0,121.0,56.4,24.8,290.0,190.0,62.5,–,–,–,495,0.808,–,–,–,–,–,–,–,89.9,0.879,–,–,–,–,–,–,–,–,–,–,–,–,–,–,–,–,658,–,917,673,932,–,140,–,2.22
WT,WT8X28.5,WT8X28.5,F,28.5,8.39,8.22,8.125,–,–,–,7.12,7.125,–,–,–,0.43,0.4375,0.25,0.715,0.6875,–,–,–,1.12,1.375,–,–,1.94,–,–,0.589,4.98,–,–,–,–,19.1,48.7,13.8,7.77,2.41,21.6,9.42,6.06,1.6,–,,–,1.1,1.99,–,–,–,–,–,–,–,3.3,0.77,–,–,–,–,–,–,–,–,–,–,–,–,–,–,–,–,23,–,30.2,23.6,30.7,–,3.5,–,WT205X42.5,WT205X42.5,42.5,5410,209,206,–,–,–,181,181,–,–,–,10.9,11.1,6.35,18.2,17.5,–,–,–,28.4,34.9,–,–,49.3,–,–,15,4.98,–,–,–,–,19.1,20.3,226.0,127.0,61.2,8.99,154.0,99.3,40.6,–,–,–,458,0.534,–,–,–,–,–,–,–,83.8,0.77,–,–,–,–,–,–,–,–,–,–,–,–,–,–,–,–,584,–,767,599,780,–,88.9,–,1.6
WT,WT8X25,WT8X25,F,25.0,7.37,8.13,8.125,–,–,–,7.07,7.125,–,–,–,0.38,0.375,0.1875,0.63,0.625,–,–,–,1.03,1.3125,–,–,1.89,–,–,0.521,5.61,–,–,–,–,21.4,42.3,12.0,6.78,2.4,18.6,8.15,5.26,1.59,–,,–,0.76,1.34,–,–,–,–,–,–,–,3.28,0.769,–,–,–,–,–,–,–,–,–,–,–,–,–,–,–,–,22.8,–,29.9,23.3,30.400000000000002,–,3.5,–,WT205X37.5,WT205X37.5,37.5,4750,207,206,–,–,–,180,181,–,–,–,9.65,9.52,4.76,16,15.9,–,–,–,26.2,33.3,–,–,48,–,–,13.2,5.61,–,–,–,–,21.4,17.6,197.0,111.0,61.0,7.74,134.0,86.2,40.4,–,–,–,316,0.36,–,–,–,–,–,–,–,83.3,0.769,–,–,–,–,–,–,–,–,–,–,–,–,–,–,–,–,579,–,759,592,772,–,88.9,–,1.59
WT,WT8X22.5,WT8X22.5,F,22.5,6.63,8.07,8,–,–,–,7.04,7,–,–,–,0.345,0.375,0.1875,0.565,0.5625,–,–,–,0.967,1.25,–,–,1.86,–,–,0.471,6.23,–,–,–,–,23.4,37.8,10.8,6.1,2.39,16.4,7.22,4.67,1.57,–,,–,0.555,0.974,–,–,–,–,–,–,–,3.27,0.767,–,–,–,–,–,–,–,–,–,–,–,–,–,–,–,–,22.7,–,29.7,23.2,30.2,–,3.5,–,WT205X33.5,WT205X33.5,33.5,4280,205,203,–,–,–,179,178,–,–,–,8.76,9.52,4.76,14.4,14.3,–,–,–,24.6,31.8,–,–,47.2,–,–,12,6.23,–,–,–,–,23.4,15.7,177.0,100.0,60.7,6.83,118.0,76.5,39.9,–,–,–,231,0.262,–,–,–,–,–,–,–,83.1,0.767,–,–,–,–,–,–,–,–,–,–,–,–,–,–,–,–,577,–,754,589,767,–,88.9,–,1.57
WT,WT8X20,WT8X20,F,20.0,5.89,8.01,8,–,–,–,7,7,–,–,–,0.305,0.3125,0.1875,0.505,0.5,–,–,–,0.907,1.1875,–,–,1.81,–,–,0.421,6.93,–,–,–,–,26.3,33.1,9.43,5.35,2.37,14.4,6.36,4.12,1.56,–,,–,0.396,0.673,–,–,–,–,–,–,–,3.24,0.769,–,–,–,–,–,–,–,–,–,–,–,–,–,–,–,–,22.5,–,29.5,23,30,–,3.5,–,WT205X30,WT205X30,30.0,3800,203,203,–,–,–,178,178,–,–,–,7.75,7.94,4.76,12.8,12.7,–,–,–,23,30.2,–,–,46,–,–,10.7,6.93,–,–,–,–,26.3,13.8,155.0,87.7,60.2,5.99,104.0,67.5,39.6,–,–,–,165,0.181,–,–,–,–,–,–,–,82.3,0.769,–,–,–,–,–,–,–,–,–,–,–,–,–,–,–,–,572,–,749,584,762,–,88.9,–,1.56
WT,WT8X18,WT8X18,F,18.0,5.29,7.93,7.875,–,–,–,6.99,7,–,–,–,0.295,0.3125,0.1875,0.43,0.4375,–,–,–,0.832,1.125,–,–,1.88,–,–,0.378,8.12,–,–,–,–,26.9,30.6,8.93,5.05,2.41,12.2,5.42,3.5,1.52,–,,–,0.272,0.516,–,–,–,–,–,–,–,3.3,0.745,–,–,–,–,–,–,–,–,–,–,–,–,–,–,–,–,22.3,–,29.3,22.9,29.8,–,3.5,–,WT205X26.5,WT205X26.5,26.5,3410,201,200,–,–,–,178,178,–,–,–,7.49,7.94,4.76,10.9,11.1,–,–,–,21.1,28.6,–,–,47.8,–,–,9.6,8.12,–,–,–,–,26.9,12.7,146.0,82.8,61.2,5.08,88.8,57.4,38.6,–,–,–,113,0.139,–,–,–,–,–,–,–,83.8,0.745,–,–,–,–,–,–,–,–,–,–,–,–,–,–,–,–,566,–,744,582,757,–,88.9,–,1.52
WT,WT8X15.5,WT8X15.5,F,15.5,4.56,7.94,7.875,–,–,–,5.53,5.5,–,–,–,0.275,0.25,0.125,0.44,0.4375,–,–,–,0.842,1.125,–,–,2.02,–,–,0.413,6.28,–,–,–,–,28.9,27.5,8.27,4.64,2.45,6.2,3.51,2.24,1.17,–,,–,0.23,0.366,–,–,–,–,–,–,–,3.26,0.695,–,–,–,–,–,–,–,–,–,–,–,–,–,–,–,–,20.9,–,26.4,21.4,26.9,–,3.5,–,WT205X23.05,WT205X23.05,23.1,2940,202,200,–,–,–,140,140,–,–,–,6.99,6.35,3.18,11.2,11.1,–,–,–,21.4,28.6,–,–,51.3,–,–,10.5,6.28,–,–,–,–,28.9,11.4,136.0,76.0,62.2,2.58,57.5,36.7,29.7,–,–,–,95.7,0.0983,–,–,–,–,–,–,–,82.8,0.695,–,–,–,–,–,–,–,–,–,–,–,–,–,–,–,–,531,–,671,544,683,–,88.9,–,1.17
WT,WT8X13,WT8X13,F,13.0,3.84,7.85,7.75,–,–,–,5.5,5.5,–,–,–,0.25,0.25,0.125,0.345,0.375,–,–,–,0.747,1.0625,–,–,2.09,–,–,0.372,7.97,–,–,–,–,31.4,23.5,7.36,4.09,2.47,4.79,2.73,1.74,1.12,–,,–,0.13,0.243,–,–,–,–,–,–,–,3.32,0.667,–,–,–,–,–,–,–,–,–,–,–,–,–,–,–,–,20.7,–,26.2,21.2,26.7,–,3.5,–,WT205X19.4,WT205X19.4,19.4,2480,199,197,–,–,–,140,140,–,–,–,6.35,6.35,3.18,8.76,9.52,–,–,–,19,27,–,–,53.1,–,–,9.45,7.97,–,–,–,–,31.4,9.78,121.0,67.0,62.7,1.99,44.7,28.5,28.4,–,–,–,54.1,0.0653,–,–,–,–,–,–,–,84.3,0.667,–,–,–,–,–,–,–,–,–,–,–,–,–,–,–,–,526,–,665,538,678,–,88.9,–,1.12
WT,WT7X436.5,WT7X436.5,T,436.5,129.0,11.8,11.75,–,–,–,18.8,18.75,–,–,–,3.94,3.9375,2,5.51,5.5,–,–,–,6.1,6.1875,–,–,3.88,–,–,3.43,1.71,–,–,–,–,2.99,1040.0,281.0,131.0,2.84,3080.0,511.0,328.0,4.89,–,,–,1110,8980,–,–,–,–,–,–,–,5.76,0.962,–,–,–,–,–,–,–,–,–,–,–,–,–,–,–,–,41.9,–,60.7,42.400000000000006,61.2,–,8.5,3,WT180X694.5,WT180X694.5,695.0,83200,300,298,–,–,–,478,476,–,–,–,100,100,50.8,140,140,–,–,–,155,157,–,–,98.6,–,–,87.1,1.71,–,–,–,–,2.99,433.0,4610.0,2150.0,72.1,1280.0,8380.0,5380.0,124.0,–,–,–,462000,2410,–,–,–,–,–,–,–,146,0.962,–,–,–,–,–,–,–,–,–,–,–,–,–,–,–,–,1060,–,1540,1080,1550,–,216,76.2,2.84
WT,WT7X404,WT7X404,T,404.0,119.0,11.4,11.375,–,–,–,18.6,18.625,–,–,–,3.74,3.75,1.875,5.12,5.125,–,–,–,5.71,5.75,–,–,3.69,–,–,3.2,1.82,–,–,–,–,3.05,898.0,249.0,116.0,2.75,2770.0,465.0,298.0,4.82,–,,–,898,7000,–,–,–,–,–,–,–,5.67,0.96,–,–,–,–,–,–,–,–,–,–,–,–,–,–,–,–,40.9,–,59.5,41.4,60,–,8.5,3,WT180X601,WT180X601,601.0,76800,290,289,–,–,–,472,473,–,–,–,95,95.3,47.6,130,130,–,–,–,145,146,–,–,93.7,–,–,81.3,1.82,–,–,–,–,3.05,374.0,4080.0,1900.0,69.9,1150.0,7620.0,4880.0,122.0,–,–,–,374000,1880,–,–,–,–,–,–,–,144,0.96,–,–,–,–,–,–,–,–,–,–,–,–,–,–,–,–,1040,–,1510,1050,1520,–,216,76.2,2.75
WT,WT7X365,WT7X365,T,365.0,107.0,11.2,11.125,–,–,–,17.9,17.875,–,–,–,3.07,3.0625,1.5625,4.91,4.9375,–,–,–,5.51,6.1875,–,–,3.47,–,–,3,1.82,–,–,–,–,3.65,739.0,211.0,95.4,2.62,2360.0,408.0,264.0,4.69,–,,–,714,5250,–,–,–,–,–,–,–,5.47,0.966,–,–,–,–,–,–,–,–,–,–,–,–,–,–,–,–,39.3,–,57.2,40.3,58.199999999999996,–,7.5,3,WT180X543,WT180X543,543.0,69000,284,283,–,–,–,455,454,–,–,–,78,77.8,39.7,125,125,–,–,–,140,157,–,–,88.1,–,–,76.2,1.82,–,–,–,–,3.65,308.0,3460.0,1560.0,66.5,982.0,6690.0,4330.0,119.0,–,–,–,297000,1410,–,–,–,–,–,–,–,139,0.966,–,–,–,–,–,–,–,–,–,–,–,–,–,–,–,–,998,–,1450,1020,1480,–,191,76.2,2.62
WT,WT7X332.5,WT7X332.5,T,332.5,97.8,10.8,10.75,–,–,–,17.7,17.625,–,–,–,2.83,2.8125,1.4375,4.52,4.5,–,–,–,5.12,5.8125,–,–,3.25,–,–,2.77,1.95,–,–,–,–,3.82,622.0,182.0,82.1,2.52,2080.0,365.0,236.0,4.62,–,,–,555,3920,–,–,–,–,–,–,–,5.35,0.966,–,–,–,–,–,–,–,–,–,–,–,–,–,–,–,–,38.3,–,56,39.3,57,–,7.5,3,WT180X495,WT180X495,495.0,63100,274,273,–,–,–,450,448,–,–,–,71.9,71.4,36.5,115,114,–,–,–,130,148,–,–,82.6,–,–,70.4,1.95,–,–,–,–,3.82,259.0,2980.0,1350.0,64.0,866.0,5980.0,3870.0,117.0,–,–,–,231000,1050,–,–,–,–,–,–,–,136,0.966,–,–,–,–,–,–,–,–,–,–,–,–,–,–,–,–,973,–,1420,998,1450,–,191,76.2,2.52
WT,WT7X302.5,WT7X302.5,T,302.5,89.0,10.5,10.5,–,–,–,17.4,17.375,–,–,–,2.6,2.625,1.3125,4.16,4.1875,–,–,–,4.76,5.4375,–,–,3.05,–,–,2.55,2.09,–,–,–,–,4.04,524.0,157.0,70.6,2.43,1840.0,326.0,211.0,4.55,–,,–,430,2930,–,–,–,–,–,–,–,5.24,0.966,–,–,–,–,–,–,–,–,–,–,–,–,–,–,–,–,37.4,–,54.8,38.4,55.8,–,7.5,3,WT180X450,WT180X450,450.0,57400,267,267,–,–,–,442,441,–,–,–,66,66.7,33.3,106,106,–,–,–,121,138,–,–,77.5,–,–,64.8,2.09,–,–,–,–,4.04,218.0,2570.0,1160.0,61.7,766.0,5340.0,3460.0,116.0,–,–,–,179000,787,–,–,–,–,–,–,–,133,0.966,–,–,–,–,–,–,–,–,–,–,–,–,–,–,–,–,950,–,1390,975,1420,–,191,76.2,2.43
WT,WT7X275,WT7X275,T,275.0,80.9,10.1,10,–,–,–,17.2,17.25,–,–,–,2.38,2.375,1.1875,3.82,3.8125,–,–,–,4.42,5.125,–,–,2.85,–,–,2.35,2.25,–,–,–,–,4.24,442.0,136.0,60.9,2.34,1630.0,292.0,189.0,4.49,–,,–,331,2180,–,–,–,–,–,–,–,5.15,0.966,–,–,–,–,–,–,–,–,–,–,–,–,–,–,–,–,36.4,–,53.6,37.39999999999999,54.599999999999994,–,7.5,3,WT180X409,WT180X409,409.0,52200,257,254,–,–,–,437,438,–,–,–,60.5,60.3,30.2,97,96.8,–,–,–,112,130,–,–,72.4,–,–,59.7,2.25,–,–,–,–,4.24,184.0,2230.0,998.0,59.4,678.0,4790.0,3100.0,114.0,–,–,–,138000,585,–,–,–,–,–,–,–,131,0.966,–,–,–,–,–,–,–,–,–,–,–,–,–,–,–,–,925,–,1360,950,1390,–,191,76.2,2.34
WT,WT7X250,WT7X250,T,250.0,73.5,9.8,9.75,–,–,–,17,17,–,–,–,2.19,2.1875,1.125,3.5,3.5,–,–,–,4.1,4.8125,–,–,2.67,–,–,2.16,2.43,–,–,–,–,4.47,375.0,117.0,52.7,2.26,1440.0,261.0,169.0,4.43,–,,–,254,1620,–,–,–,–,–,–,–,5.06,0.967,–,–,–,–,–,–,–,–,–,–,–,–,–,–,–,–,35.6,–,52.6,36.6,53.6,–,7.5,3,WT180X372,WT180X372,372.0,47400,249,248,–,–,–,432,432,–,–,–,55.6,55.6,28.6,88.9,88.9,–,–,–,104,122,–,–,67.8,–,–,54.9,2.43,–,–,–,–,4.47,156.0,1920.0,864.0,57.4,599.0,4280.0,2770.0,113.0,–,–,–,106000,435,–,–,–,–,–,–,–,129,0.967,–,–,–,–,–,–,–,–,–,–,–,–,–,–,–,–,904,–,1340,930,1360,–,191,76.2,2.26
WT,WT7X227.5,WT7X227.5,T,227.5,66.9,9.51,9.5,–,–,–,16.8,16.875,–,–,–,2.02,2,1,3.21,3.1875,–,–,–,3.81,4.5,–,–,2.51,–,–,1.99,2.62,–,–,–,–,4.71,321.0,102.0,45.9,2.19,1280.0,234.0,152.0,4.38,–,,–,196,1210,–,–,–,–,–,–,–,4.98,0.967,–,–,–,–,–,–,–,–,–,–,–,–,–,–,–,–,34.8,–,51.6,35.8,52.6,–,7.5,3,WT180X338.5,WT180X338.5,339.0,43200,242,241,–,–,–,427,429,–,–,–,51.3,50.8,25.4,81.5,81,–,–,–,96.8,114,–,–,63.8,–,–,50.5,2.62,–,–,–,–,4.71,134.0,1670.0,752.0,55.6,533.0,3830.0,2490.0,111.0,–,–,–,81600,325,–,–,–,–,–,–,–,126,0.967,–,–,–,–,–,–,–,–,–,–,–,–,–,–,–,–,884,–,1310,909,1340,–,191,76.2,2.19
WT,WT7X213,WT7X213,T,213.0,62.7,9.34,9.25,–,–,–,16.7,16.75,–,–,–,1.88,1.875,0.9375,3.04,3.0625,–,–,–,3.63,4.3125,–,–,2.4,–,–,1.88,2.75,–,–,–,–,4.97,287.0,91.7,41.4,2.14,1180.0,217.0,141.0,4.34,–,,–,164,991,–,–,–,–,–,–,–,4.92,0.968,–,–,–,–,–,–,–,–,–,–,–,–,–,–,–,–,34.4,–,51.1,35.4,52.1,–,7.5,3,WT180X317,WT180X317,317.0,40500,237,235,–,–,–,424,425,–,–,–,47.8,47.6,23.8,77.2,77.8,–,–,–,92.2,110,–,–,61,–,–,47.8,2.75,–,–,–,–,4.97,119.0,1500.0,678.0,54.4,491.0,3560.0,2310.0,110.0,–,–,–,68300,266,–,–,–,–,–,–,–,125,0.968,–,–,–,–,–,–,–,–,–,–,–,–,–,–,–,–,874,–,1300,899,1320,–,191,76.2,2.14
WT,WT7X199,WT7X199,T,199.0,58.4,9.15,9.125,–,–,–,16.6,16.625,–,–,–,1.77,1.75,0.875,2.85,2.875,–,–,–,3.44,4.125,–,–,2.3,–,–,1.76,2.92,–,–,–,–,5.17,257.0,82.9,37.6,2.1,1090.0,201.0,131.0,4.31,–,,–,135,801,–,–,–,–,–,–,–,4.87,0.968,–,–,–,–,–,–,–,–,–,–,–,–,–,–,–,–,33.9,–,50.5,34.9,51.5,–,7.5,3,WT180X296,WT180X296,296.0,37700,232,232,–,–,–,422,422,–,–,–,45,44.4,22.2,72.4,73,–,–,–,87.4,105,–,–,58.4,–,–,44.7,2.92,–,–,–,–,5.17,107.0,1360.0,616.0,53.3,454.0,3290.0,2150.0,109.0,–,–,–,56200,215,–,–,–,–,–,–,–,124,0.968,–,–,–,–,–,–,–,–,–,–,–,–,–,–,–,–,861,–,1280,886,1310,–,191,76.2,2.1
WT,WT7X185,WT7X185,T,185.0,54.4,8.96,8.875,–,–,–,16.5,16.5,–,–,–,1.66,1.6875,0.8125,2.66,2.6875,–,–,–,3.26,3.9375,–,–,2.19,–,–,1.65,3.1,–,–,–,–,5.4,229.0,74.4,33.9,2.05,994.0,185.0,121.0,4.27,–,,–,110,640,–,–,–,–,–,–,–,4.82,0.968,–,–,–,–,–,–,–,–,–,–,–,–,–,–,–,–,33.4,–,49.9,34.4,50.9,–,7.5,3,WT180X275.5,WT180X275.5,276.0,35100,228,225,–,–,–,419,419,–,–,–,42.2,42.9,20.6,67.6,68.3,–,–,–,82.8,100,–,–,55.6,–,–,41.9,3.1,–,–,–,–,5.4,95.3,1220.0,556.0,52.1,414.0,3030.0,1980.0,108.0,–,–,–,45800,172,–,–,–,–,–,–,–,122,0.968,–,–,–,–,–,–,–,–,–,–,–,–,–,–,–,–,848,–,1270,874,1290,–,191,76.2,2.05
WT,WT7X171,WT7X171,T,171.0,50.3,8.77,8.75,–,–,–,16.4,16.375,–,–,–,1.54,1.5625,0.8125,2.47,2.5,–,–,–,3.07,3.75,–,–,2.09,–,–,1.54,3.31,–,–,–,–,5.69,203.0,66.2,30.4,2.01,903.0,169.0,110.0,4.24,–,,–,88.3,502,–,–,–,–,–,–,–,4.77,0.968,–,–,–,–,–,–,–,–,–,–,–,–,–,–,–,–,32.9,–,49.3,33.9,50.3,–,7.5,3,WT180X254.5,WT180X254.5,255.0,32500,223,222,–,–,–,417,416,–,–,–,39.1,39.7,20.6,62.7,63.5,–,–,–,78,95.3,–,–,53.1,–,–,39.1,3.31,–,–,–,–,5.69,84.5,1080.0,498.0,51.1,376.0,2770.0,1800.0,108.0,–,–,–,36800,135,–,–,–,–,–,–,–,121,0.968,–,–,–,–,–,–,–,–,–,–,–,–,–,–,–,–,836,–,1250,861,1280,–,191,76.2,2.01
WT,WT7X155.5,WT7X155.5,T,155.5,45.7,8.56,8.5,–,–,–,16.2,16.25,–,–,–,1.41,1.4375,0.75,2.26,2.25,–,–,–,2.86,3.5625,–,–,1.97,–,–,1.41,3.59,–,–,–,–,6.07,176.0,57.7,26.7,1.96,807.0,152.0,99.4,4.2,–,,–,67.5,375,–,–,–,–,–,–,–,4.71,0.969,–,–,–,–,–,–,–,–,–,–,–,–,–,–,–,–,32.3,–,48.5,33.3,49.5,–,7.5,3,WT180X231.5,WT180X231.5,232.0,29500,217,216,–,–,–,411,413,–,–,–,35.8,36.5,19,57.4,57.2,–,–,–,72.6,90.5,–,–,50,–,–,35.8,3.59,–,–,–,–,6.07,73.3,946.0,438.0,49.8,336.0,2490.0,1630.0,107.0,–,–,–,28100,101,–,–,–,–,–,–,–,120,0.969,–,–,–,–,–,–,–,–,–,–,–,–,–,–,–,–,820,–,1230,846,1260,–,191,76.2,1.96
WT,WT7X141.5,WT7X141.5,T,141.5,41.6,8.37,8.25,–,–,–,16.1,16.125,–,–,–,1.29,1.3125,0.6875,2.07,2.0625,–,–,–,2.67,3.375,–,–,1.86,–,–,1.29,3.89,–,–,–,–,6.49,153.0,50.4,23.5,1.92,722.0,137.0,89.7,4.17,–,,–,51.8,281,–,–,–,–,–,–,–,4.66,0.969,–,–,–,–,–,–,–,–,–,–,–,–,–,–,–,–,31.8,–,47.9,32.8,48.9,–,7.5,3,WT180X210.5,WT180X210.5,211.0,26800,213,210,–,–,–,409,410,–,–,–,32.8,33.3,17.5,52.6,52.4,–,–,–,67.8,85.7,–,–,47.2,–,–,32.8,3.89,–,–,–,–,6.49,63.7,826.0,385.0,48.8,301.0,2250.0,1470.0,106.0,–,–,–,21600,75.5,–,–,–,–,–,–,–,118,0.969,–,–,–,–,–,–,–,–,–,–,–,–,–,–,–,–,808,–,1220,833,1240,–,191,76.2,1.92
WT,WT7X128.5,WT7X128.5,F,128.5,37.8,8.19,8.125,–,–,–,16,16,–,–,–,1.18,1.1875,0.625,1.89,1.875,–,–,–,2.49,3.1875,–,–,1.75,–,–,1.18,4.23,–,–,–,–,6.94,133.0,43.9,20.7,1.88,645.0,123.0,80.7,4.13,–,,–,39.3,209,–,–,–,–,–,–,–,4.61,0.969,–,–,–,–,–,–,–,–,–,–,–,–,–,–,–,–,31.4,–,47.4,32.4,48.4,–,7.5,3,WT180X191,WT180X191,191.0,24400,208,206,–,–,–,406,406,–,–,–,30,30.2,15.9,48,47.6,–,–,–,63.2,81,–,–,44.5,–,–,30,4.23,–,–,–,–,6.94,55.4,719.0,339.0,47.8,268.0,2020.0,1320.0,105.0,–,–,–,16400,56.1,–,–,–,–,–,–,–,117,0.969,–,–,–,–,–,–,–,–,–,–,–,–,–,–,–,–,798,–,1200,823,1230,–,191,76.2,1.88
WT,WT7X116.5,WT7X116.5,F,116.5,34.2,8.02,8,–,–,–,15.9,15.875,–,–,–,1.07,1.0625,0.5625,1.72,1.75,–,–,–,2.32,3,–,–,1.65,–,–,1.08,4.62,–,–,–,–,7.5,116.0,38.2,18.2,1.84,576.0,110.0,72.5,4.1,–,,–,29.6,154,–,–,–,–,–,–,–,4.57,0.97,–,–,–,–,–,–,–,–,–,–,–,–,–,–,–,–,30.9,–,46.8,31.9,47.8,–,7.5,3,WT180X173.5,WT180X173.5,174.0,22100,204,203,–,–,–,404,403,–,–,–,27.2,27,14.3,43.7,44.4,–,–,–,58.9,76.2,–,–,41.9,–,–,27.4,4.62,–,–,–,–,7.5,48.3,626.0,298.0,46.7,240.0,1800.0,1190.0,104.0,–,–,–,12300,41.4,–,–,–,–,–,–,–,116,0.97,–,–,–,–,–,–,–,–,–,–,–,–,–,–,–,–,785,–,1190,810,1210,–,191,76.2,1.84
WT,WT7X105.5,WT7X105.5,F,105.5,31.0,7.86,7.75,–,–,–,15.8,15.75,–,–,–,0.98,1,0.5,1.56,1.5625,–,–,–,2.16,2.875,–,–,1.57,–,–,0.98,5.06,–,–,–,–,8.02,102.0,33.4,16.2,1.81,513.0,98.9,65.0,4.07,–,,–,22.2,113,–,–,–,–,–,–,–,4.52,0.97,–,–,–,–,–,–,–,–,–,–,–,–,–,–,–,–,30.5,–,46.3,31.5,47.3,–,7.5,3,WT180X157,WT180X157,157.0,20000,200,197,–,–,–,401,400,–,–,–,24.9,25.4,12.7,39.6,39.7,–,–,–,54.9,73,–,–,39.9,–,–,24.9,5.06,–,–,–,–,8.02,42.5,547.0,265.0,46.0,214.0,1620.0,1070.0,103.0,–,–,–,9240,30.3,–,–,–,–,–,–,–,115,0.97,–,–,–,–,–,–,–,–,–,–,–,–,–,–,–,–,775,–,1180,800,1200,–,191,76.2,1.81
WT,WT7X96.5,WT7X96.5,F,96.5,28.4,7.74,7.625,–,–,–,15.7,15.75,–,–,–,0.89,0.875,0.4375,1.44,1.4375,–,–,–,2.04,2.75,–,–,1.49,–,–,0.903,5.45,–,–,–,–,8.7,89.8,29.4,14.4,1.78,466.0,90.1,59.3,4.05,–,,–,17.3,87.2,–,–,–,–,–,–,–,4.49,0.971,–,–,–,–,–,–,–,–,–,–,–,–,–,–,–,–,30.2,–,45.9,31.2,46.9,–,7.5,3,WT180X143.5,WT180X143.5,144.0,18300,197,194,–,–,–,399,400,–,–,–,22.6,22.2,11.1,36.6,36.5,–,–,–,51.8,69.9,–,–,37.8,–,–,22.9,5.45,–,–,–,–,8.7,37.4,482.0,236.0,45.2,194.0,1480.0,972.0,103.0,–,–,–,7200,23.4,–,–,–,–,–,–,–,114,0.971,–,–,–,–,–,–,–,–,–,–,–,–,–,–,–,–,767,–,1170,792,1190,–,191,76.2,1.78
WT,WT7X88,WT7X88,F,88.0,25.9,7.61,7.5,–,–,–,15.7,15.625,–,–,–,0.83,0.8125,0.4375,1.31,1.3125,–,–,–,1.91,2.625,–,–,1.43,–,–,0.827,5.97,–,–,–,–,9.17,80.5,26.3,13.0,1.76,419.0,81.3,53.5,4.02,–,,–,13.2,65.2,–,–,–,–,–,–,–,4.46,0.97,–,–,–,–,–,–,–,–,–,–,–,–,–,–,–,–,29.9,–,45.6,30.9,46.6,–,7.5,3,WT180X131,WT180X131,131.0,16700,193,191,–,–,–,399,397,–,–,–,21.1,20.6,11.1,33.3,33.3,–,–,–,48.5,66.7,–,–,36.3,–,–,21,5.97,–,–,–,–,9.17,33.5,431.0,213.0,44.7,174.0,1330.0,877.0,102.0,–,–,–,5490,17.5,–,–,–,–,–,–,–,113,0.97,–,–,–,–,–,–,–,–,–,–,–,–,–,–,–,–,759,–,1160,785,1180,–,191,76.2,1.76
WT,WT7X79.5,WT7X79.5,F,79.5,23.4,7.49,7.375,–,–,–,15.6,15.625,–,–,–,0.745,0.75,0.375,1.19,1.1875,–,–,–,1.79,2.5,–,–,1.35,–,–,0.751,6.54,–,–,–,–,10.1,70.2,22.8,11.4,1.73,374.0,73.0,48.1,4.0,–,,–,9.84,47.9,–,–,–,–,–,–,–,4.43,0.971,–,–,–,–,–,–,–,–,–,–,–,–,–,–,–,–,29.6,–,45.2,30.6,46.2,–,7.5,3,WT180X118.5,WT180X118.5,119.0,15100,190,187,–,–,–,396,397,–,–,–,18.9,19,9.52,30.2,30.2,–,–,–,45.5,63.5,–,–,34.3,–,–,19.1,6.54,–,–,–,–,10.1,29.2,374.0,187.0,43.9,156.0,1200.0,788.0,102.0,–,–,–,4100,12.9,–,–,–,–,–,–,–,113,0.971,–,–,–,–,–,–,–,–,–,–,–,–,–,–,–,–,752,–,1150,777,1170,–,191,76.2,1.73
WT,WT7X72.5,WT7X72.5,F,72.5,21.3,7.39,7.375,–,–,–,15.5,15.5,–,–,–,0.68,0.6875,0.375,1.09,1.0625,–,–,–,1.69,2.375,–,–,1.29,–,–,0.688,7.11,–,–,–,–,10.9,62.5,20.2,10.2,1.71,338.0,66.2,43.7,3.98,–,,–,7.56,36.3,–,–,–,–,–,–,–,4.4,0.971,–,–,–,–,–,–,–,–,–,–,–,–,–,–,–,–,29.3,–,44.8,30.3,45.8,–,7.5,3,WT180X108,WT180X108,108.0,13700,188,187,–,–,–,394,394,–,–,–,17.3,17.5,9.52,27.7,27,–,–,–,42.9,60.3,–,–,32.8,–,–,17.5,7.11,–,–,–,–,10.9,26.0,331.0,167.0,43.4,141.0,1080.0,716.0,101.0,–,–,–,3150,9.75,–,–,–,–,–,–,–,112,0.971,–,–,–,–,–,–,–,–,–,–,–,–,–,–,–,–,744,–,1140,770,1160,–,191,76.2,1.71
WT,WT7X66,WT7X66,F,66.0,19.4,7.33,7.25,–,–,–,14.7,14.75,–,–,–,0.645,0.625,0.3125,1.03,1,–,–,–,1.63,2.3125,–,–,1.29,–,–,0.658,7.15,–,–,–,–,11.4,57.8,18.6,9.57,1.73,274.0,56.5,37.2,3.76,–,,–,6.13,26.6,–,–,–,–,–,–,–,4.21,0.966,–,–,–,–,–,–,–,–,–,–,–,–,–,–,–,–,28.3,–,43,29.4,44.1,–,5.5,–,WT180X98,WT180X98,98.0,12500,186,184,–,–,–,373,375,–,–,–,16.4,15.9,7.94,26.2,25.4,–,–,–,41.4,58.7,–,–,32.8,–,–,16.7,7.15,–,–,–,–,11.4,24.1,305.0,157.0,43.9,114.0,926.0,610.0,95.5,–,–,–,2550,7.14,–,–,–,–,–,–,–,107,0.966,–,–,–,–,–,–,–,–,–,–,–,–,–,–,–,–,719,–,1090,747,1120,–,140,–,1.73
WT,WT7X60,WT7X60,F,60.0,17.7,7.24,7.125,–,–,–,14.7,14.625,–,–,–,0.59,0.5625,0.3125,0.94,0.9375,–,–,–,1.54,2.25,–,–,1.24,–,–,0.602,7.8,–,–,–,–,12.3,51.7,16.5,8.61,1.71,247.0,51.2,33.7,3.74,–,,–,4.67,20,–,–,–,–,–,–,–,4.19,0.966,–,–,–,–,–,–,–,–,–,–,–,–,–,–,–,–,28.2,–,42.9,29.2,43.9,–,5.5,–,WT180X89.5,WT180X89.5,89.5,11400,184,181,–,–,–,373,371,–,–,–,15,14.3,7.94,23.9,23.8,–,–,–,39.1,57.2,–,–,31.5,–,–,15.3,7.8,–,–,–,–,12.3,21.5,270.0,141.0,43.4,103.0,839.0,552.0,95.0,–,–,–,1940,5.37,–,–,–,–,–,–,–,106,0.966,–,–,–,–,–,–,–,–,–,–,–,–,–,–,–,–,716,–,1090,742,1120,–,140,–,1.71
WT,WT7X54.5,WT7X54.5,F,54.5,16.0,7.16,7.125,–,–,–,14.6,14.625,–,–,–,0.525,0.5,0.25,0.86,0.875,–,–,–,1.46,2.1875,–,–,1.17,–,–,0.548,8.49,–,–,–,–,13.6,45.3,14.4,7.56,1.68,223.0,46.3,30.6,3.73,–,,–,3.55,15,–,–,–,–,–,–,–,4.16,0.968,–,–,–,–,–,–,–,–,–,–,–,–,–,–,–,–,27.9,–,42.5,28.9,43.5,–,5.5,–,WT180X81,WT180X81,81.0,10300,182,181,–,–,–,371,371,–,–,–,13.3,12.7,6.35,21.8,22.2,–,–,–,37.1,55.6,–,–,29.7,–,–,13.9,8.49,–,–,–,–,13.6,18.9,236.0,124.0,42.7,92.8,759.0,501.0,94.7,–,–,–,1480,4.03,–,–,–,–,–,–,–,106,0.968,–,–,–,–,–,–,–,–,–,–,–,–,–,–,–,–,709,–,1080,734,1100,–,140,–,1.68
WT,WT7X49.5,WT7X49.5,F,49.5,14.6,7.08,7,–,–,–,14.6,14.625,–,–,–,0.485,0.5,0.25,0.78,0.75,–,–,–,1.38,2.0625,–,–,1.14,–,–,0.5,9.34,–,–,–,–,14.6,40.9,12.9,6.88,1.67,201.0,41.8,27.6,3.71,–,,–,2.68,11.1,–,–,–,–,–,–,–,4.14,0.967,–,–,–,–,–,–,–,–,–,–,–,–,–,–,–,–,27.7,–,42.3,28.8,43.4,–,5.5,–,WT180X73.5,WT180X73.5,73.5,9420,180,178,–,–,–,371,371,–,–,–,12.3,12.7,6.35,19.8,19,–,–,–,35.1,52.4,–,–,29,–,–,12.7,9.34,–,–,–,–,14.6,17.0,211.0,113.0,42.4,83.7,685.0,452.0,94.2,–,–,–,1120,2.98,–,–,–,–,–,–,–,105,0.967,–,–,–,–,–,–,–,–,–,–,–,–,–,–,–,–,704,–,1070,732,1100,–,140,–,1.67
WT,WT7X45,WT7X45,F,45.0,13.2,7.01,7,–,–,–,14.5,14.5,–,–,–,0.44,0.4375,0.25,0.71,0.6875,–,–,–,1.31,2,–,–,1.09,–,–,0.456,10.2,–,–,–,–,15.9,36.5,11.5,6.16,1.66,181.0,37.8,25.0,3.7,–,,–,2.03,8.31,–,–,–,–,–,–,–,4.12,0.968,–,–,–,–,–,–,–,–,–,–,–,–,–,–,–,–,27.5,–,42,28.5,43,–,5.5,–,WT180X67,WT180X67,67.0,8520,178,178,–,–,–,368,368,–,–,–,11.2,11.1,6.35,18,17.5,–,–,–,33.3,50.8,–,–,27.7,–,–,11.6,10.2,–,–,–,–,15.9,15.2,188.0,101.0,42.2,75.3,619.0,410.0,94.0,–,–,–,845,2.23,–,–,–,–,–,–,–,105,0.968,–,–,–,–,–,–,–,–,–,–,–,–,–,–,–,–,699,–,1070,724,1090,–,140,–,1.66
WT,WT7X41,WT7X41,F,41.0,12.0,7.16,7.125,–,–,–,10.1,10.125,–,–,–,0.51,0.5,0.25,0.855,0.875,–,–,–,1.45,1.6875,–,–,1.39,–,–,0.593,5.92,–,–,–,–,14,41.2,13.2,7.14,1.85,74.1,22.4,14.6,2.48,–,,–,2.53,5.63,–,–,–,–,–,–,–,3.24,0.912,–,–,–,–,–,–,–,–,–,–,–,–,–,–,–,–,23.7,–,33.8,24.4,34.5,–,5.5,–,WT180X61,WT180X61,61.0,7740,182,181,–,–,–,257,257,–,–,–,13,12.7,6.35,21.7,22.2,–,–,–,36.8,42.9,–,–,35.3,–,–,15.1,5.92,–,–,–,–,14,17.1,216.0,117.0,47.0,30.8,367.0,239.0,63.0,–,–,–,1050,1.51,–,–,–,–,–,–,–,82.3,0.912,–,–,–,–,–,–,–,–,–,–,–,–,–,–,–,–,602,–,859,620,876,–,140,–,1.85
WT,WT7X37,WT7X37,F,37.0,10.9,7.09,7,–,–,–,10.1,10.125,–,–,–,0.45,0.4375,0.25,0.785,0.8125,–,–,–,1.38,1.625,–,–,1.32,–,–,0.541,6.41,–,–,–,–,15.8,36.0,11.5,6.25,1.82,66.9,20.2,13.3,2.48,–,,–,1.93,4.19,–,–,–,–,–,–,–,3.21,0.916,–,–,–,–,–,–,–,–,–,–,–,–,–,–,–,–,23.6,–,33.7,24.3,34.4,–,5.5,–,WT180X55,WT180X55,55.0,7030,180,178,–,–,–,257,257,–,–,–,11.4,11.1,6.35,19.9,20.6,–,–,–,35.1,41.3,–,–,33.5,–,–,13.7,6.41,–,–,–,–,15.8,15.0,188.0,102.0,46.2,27.8,331.0,218.0,63.0,–,–,–,803,1.13,–,–,–,–,–,–,–,81.5,0.916,–,–,–,–,–,–,–,–,–,–,–,–,–,–,–,–,599,–,856,617,874,–,140,–,1.82
WT,WT7X34,WT7X34,F,34.0,10.0,7.02,7,–,–,–,10,10,–,–,–,0.415,0.4375,0.25,0.72,0.75,–,–,–,1.31,1.5625,–,–,1.29,–,–,0.498,6.97,–,–,–,–,16.9,32.6,10.4,5.69,1.81,60.7,18.4,12.1,2.46,–,,–,1.5,3.21,–,–,–,–,–,–,–,3.19,0.916,–,–,–,–,–,–,–,–,–,–,–,–,–,–,–,–,23.4,–,33.4,24,34,–,5.5,–,WT180X50.5,WT180X50.5,50.5,6450,178,178,–,–,–,254,254,–,–,–,10.5,11.1,6.35,18.3,19,–,–,–,33.3,39.7,–,–,32.8,–,–,12.6,6.97,–,–,–,–,16.9,13.6,170.0,93.2,46.0,25.3,302.0,198.0,62.5,–,–,–,624,0.862,–,–,–,–,–,–,–,81,0.916,–,–,–,–,–,–,–,–,–,–,–,–,–,–,–,–,594,–,848,610,864,–,140,–,1.81
WT,WT7X30.5,WT7X30.5,F,30.5,8.96,6.95,6.875,–,–,–,10,10,–,–,–,0.375,0.375,0.1875,0.645,0.625,–,–,–,1.24,1.5,–,–,1.25,–,–,0.448,7.75,–,–,–,–,18.5,28.9,9.15,5.07,1.8,53.7,16.4,10.7,2.45,–,,–,1.09,2.29,–,–,–,–,–,–,–,3.17,0.915,–,–,–,–,–,–,–,–,–,–,–,–,–,–,–,–,23.2,–,33.2,23.9,33.9,–,5.5,–,WT180X45.5,WT180X45.5,45.5,5780,177,175,–,–,–,254,254,–,–,–,9.53,9.52,4.76,16.4,15.9,–,–,–,31.5,38.1,–,–,31.8,–,–,11.4,7.75,–,–,–,–,18.5,12.0,150.0,83.1,45.7,22.4,269.0,175.0,62.2,–,–,–,454,0.615,–,–,–,–,–,–,–,80.5,0.915,–,–,–,–,–,–,–,–,–,–,–,–,–,–,–,–,589,–,843,607,861,–,140,–,1.8
WT,WT7X26.5,WT7X26.5,F,26.5,7.8,6.96,6.875,–,–,–,8.06,8,–,–,–,0.37,0.375,0.1875,0.66,0.6875,–,–,–,1.25,1.5,–,–,1.38,–,–,0.484,6.11,–,–,–,–,18.8,27.6,8.87,4.94,1.88,28.8,11.0,7.15,1.92,–,,–,0.967,1.46,–,–,–,–,–,–,–,2.89,0.868,–,–,–,–,–,–,–,–,–,–,–,–,–,–,–,–,21.3,–,29.4,22,30,–,5.5,–,WT180X39.5,WT180X39.5,39.5,5030,177,175,–,–,–,205,203,–,–,–,9.4,9.52,4.76,16.8,17.5,–,–,–,31.8,38.1,–,–,35.1,–,–,12.3,6.11,–,–,–,–,18.8,11.5,145.0,81.0,47.8,12.0,180.0,117.0,48.8,–,–,–,402,0.392,–,–,–,–,–,–,–,73.4,0.868,–,–,–,–,–,–,–,–,–,–,–,–,–,–,–,–,541,–,747,559,762,–,140,–,1.88
WT,WT7X24,WT7X24,F,24.0,7.07,6.9,6.875,–,–,–,8.03,8,–,–,–,0.34,0.3125,0.1875,0.595,0.625,–,–,–,1.19,1.4375,–,–,1.35,–,–,0.44,6.75,–,–,–,–,20.3,24.9,8.0,4.49,1.88,25.7,9.8,6.4,1.91,–,,–,0.723,1.07,–,–,–,–,–,–,–,2.87,0.866,–,–,–,–,–,–,–,–,–,–,–,–,–,–,–,–,21.1,–,29.2,21.8,29.9,–,5.5,–,WT180X36,WT180X36,36.0,4560,175,175,–,–,–,204,203,–,–,–,8.64,7.94,4.76,15.1,15.9,–,–,–,30.2,36.5,–,–,34.3,–,–,11.2,6.75,–,–,–,–,20.3,10.4,131.0,73.6,47.8,10.7,161.0,105.0,48.5,–,–,–,301,0.287,–,–,–,–,–,–,–,72.9,0.866,–,–,–,–,–,–,–,–,–,–,–,–,–,–,–,–,536,–,742,554,759,–,140,–,1.88
WT,WT7X21.5,WT7X21.5,F,21.5,6.31,6.83,6.75,–,–,–,8,8,–,–,–,0.305,0.3125,0.1875,0.53,0.5,–,–,–,1.12,1.375,–,–,1.31,–,–,0.395,7.54,–,–,–,–,22.4,21.9,7.05,3.98,1.86,22.6,8.64,5.65,1.89,–,,–,0.522,0.751,–,–,–,–,–,–,–,2.86,0.865,–,–,–,–,–,–,–,–,–,–,–,–,–,–,–,–,21,–,29,21.7,29.7,–,5.5,–,WT180X32,WT180X32,32.0,4070,173,171,–,–,–,203,203,–,–,–,7.75,7.94,4.76,13.5,12.7,–,–,–,28.4,34.9,–,–,33.3,–,–,10,7.54,–,–,–,–,22.4,9.12,116.0,65.2,47.2,9.41,142.0,92.6,48.0,–,–,–,217,0.202,–,–,–,–,–,–,–,72.6,0.865,–,–,–,–,–,–,–,–,–,–,–,–,–,–,–,–,533,–,737,551,754,–,140,–,1.86
WT,WT7X19,WT7X19,F,19.0,5.58,7.05,7,–,–,–,6.77,6.75,–,–,–,0.31,0.3125,0.1875,0.515,0.5,–,–,–,0.915,1.25,–,–,1.54,–,–,0.412,6.57,–,–,–,–,22.7,23.3,7.45,4.22,2.04,13.3,6.07,3.94,1.55,–,,–,0.398,0.554,–,–,–,–,–,–,–,2.86,0.799,–,–,–,–,–,–,–,–,–,–,–,–,–,–,–,–,20.4,–,27.1,20.9,27.6,–,3.5,–,WT180X28.9,WT180X28.9,28.9,3600,179,178,–,–,–,172,171,–,–,–,7.87,7.94,4.76,13.1,12.7,–,–,–,23.2,31.8,–,–,39.1,–,–,10.5,6.57,–,–,–,–,22.7,9.7,122.0,69.2,51.8,5.54,99.5,64.6,39.4,–,–,–,166,0.149,–,–,–,–,–,–,–,72.6,0.799,–,–,–,–,–,–,–,–,–,–,–,–,–,–,–,–,518,–,688,531,701,–,88.9,–,1.55
WT,WT7X17,WT7X17,F,17.0,5.0,6.99,6.875,–,–,–,6.75,6.75,–,–,–,0.285,0.3125,0.1875,0.455,0.4375,–,–,–,0.855,1.1875,–,–,1.53,–,–,0.371,7.41,–,–,–,–,24.5,20.9,6.74,3.83,2.04,11.6,5.32,3.45,1.53,–,,–,0.284,0.4,–,–,–,–,–,–,–,2.87,0.792,–,–,–,–,–,–,–,–,–,–,–,–,–,–,–,–,20.2,–,27,20.7,27.5,–,3.5,–,WT180X25.5,WT180X25.5,25.5,3230,178,175,–,–,–,171,171,–,–,–,7.24,7.94,4.76,11.6,11.1,–,–,–,21.7,30.2,–,–,38.9,–,–,9.42,7.41,–,–,–,–,24.5,8.7,110.0,62.8,51.8,4.83,87.2,56.5,38.9,–,–,–,118,0.107,–,–,–,–,–,–,–,72.9,0.792,–,–,–,–,–,–,–,–,–,–,–,–,–,–,–,–,513,–,686,526,699,–,88.9,–,1.53
WT,WT7X15,WT7X15,F,15.0,4.42,6.92,6.875,–,–,–,6.73,6.75,–,–,–,0.27,0.25,0.125,0.385,0.375,–,–,–,0.785,1.125,–,–,1.58,–,–,0.329,8.74,–,–,–,–,25.6,19.0,6.25,3.55,2.07,9.79,4.49,2.91,1.49,–,,–,0.19,0.287,–,–,–,–,–,–,–,2.9,0.772,–,–,–,–,–,–,–,–,–,–,–,–,–,–,–,–,20.1,–,26.8,20.6,27.3,–,3.5,–,WT180X22,WT180X22,22.0,2850,176,175,–,–,–,171,171,–,–,–,6.86,6.35,3.18,9.78,9.52,–,–,–,19.9,28.6,–,–,40.1,–,–,8.36,8.74,–,–,–,–,25.6,7.91,102.0,58.2,52.6,4.07,73.6,47.7,37.8,–,–,–,79.1,0.0771,–,–,–,–,–,–,–,73.7,0.772,–,–,–,–,–,–,–,–,–,–,–,–,–,–,–,–,511,–,681,523,693,–,88.9,–,1.49
WT,WT7X13,WT7X13,F,13.0,3.85,6.96,6.875,–,–,–,5.03,5,–,–,–,0.255,0.25,0.125,0.42,0.4375,–,–,–,0.82,1.125,–,–,1.72,–,–,0.383,5.98,–,–,–,–,27.3,17.3,5.89,3.31,2.12,4.45,2.76,1.77,1.08,–,,–,0.179,0.207,–,–,–,–,–,–,–,2.82,0.712,–,–,–,–,–,–,–,–,–,–,–,–,–,–,–,–,18.4,–,23.5,19,24,–,2.75,–,WT180X19.5,WT180X19.5,19.5,2480,177,175,–,–,–,128,127,–,–,–,6.48,6.35,3.18,10.7,11.1,–,–,–,20.8,28.6,–,–,43.7,–,–,9.73,5.98,–,–,–,–,27.3,7.2,96.5,54.2,53.8,1.85,45.2,29.0,27.4,–,–,–,74.5,0.0556,–,–,–,–,–,–,–,71.6,0.712,–,–,–,–,–,–,–,–,–,–,–,–,–,–,–,–,467,–,597,483,610,–,69.9,–,1.08
WT,WT7X11,WT7X11,F,11.0,3.25,6.87,6.75,–,–,–,5,5,–,–,–,0.23,0.25,0.125,0.335,0.3125,–,–,–,0.735,1.0625,–,–,1.76,–,–,0.325,7.46,–,–,–,–,29.9,14.8,5.2,2.91,2.14,3.5,2.19,1.4,1.04,–,,–,0.104,0.134,–,–,–,–,–,–,–,2.86,0.689,–,–,–,–,–,–,–,–,–,–,–,–,–,–,–,–,18.2,–,23.2,18.7,23.7,–,2.75,–,WT180X16.45,WT180X16.45,16.5,2100,174,171,–,–,–,127,127,–,–,–,5.84,6.35,3.18,8.51,7.94,–,–,–,18.7,27,–,–,44.7,–,–,8.26,7.46,–,–,–,–,29.9,6.16,85.2,47.7,54.4,1.46,35.9,22.9,26.4,–,–,–,43.3,0.036,–,–,–,–,–,–,–,72.6,0.689,–,–,–,–,–,–,–,–,–,–,–,–,–,–,–,–,462,–,589,475,602,–,69.9,–,1.04
WT,WT6X168,WT6X168,T,168.0,49.5,8.41,8.375,–,–,–,13.4,13.375,–,–,–,1.78,1.75,0.875,2.96,2.9375,–,–,–,3.55,3.875,–,–,2.31,–,–,1.84,2.26,–,–,–,–,4.72,190.0,68.4,31.2,1.96,593.0,137.0,88.6,3.47,–,,–,120,481,–,–,–,–,–,–,–,4.07,0.958,–,–,–,–,–,–,–,–,–,–,–,–,–,–,–,–,29.5,–,42.9,30.2,43.6,–,5.5,–,WT155X250,WT155X250,250.0,31900,214,213,–,–,–,340,340,–,–,–,45.2,44.4,22.2,75.2,74.6,–,–,–,90.2,98.4,–,–,58.7,–,–,46.7,2.26,–,–,–,–,4.72,79.1,1120.0,511.0,49.8,247.0,2250.0,1450.0,88.1,–,–,–,49900,129,–,–,–,–,–,–,–,103,0.958,–,–,–,–,–,–,–,–,–,–,–,–,–,–,–,–,749,–,1090,767,1110,–,140,–,1.96
WT,WT6X152.5,WT6X152.5,T,152.5,44.7,8.16,8.125,–,–,–,13.2,13.25,–,–,–,1.63,1.625,0.8125,2.71,2.6875,–,–,–,3.3,3.625,–,–,2.16,–,–,1.69,2.45,–,–,–,–,5.01,162.0,59.1,27.0,1.9,525.0,122.0,79.3,3.42,–,,–,92,356,–,–,–,–,–,–,–,4,0.959,–,–,–,–,–,–,–,–,–,–,–,–,–,–,–,–,28.8,–,42,29.5,42.7,–,5.5,–,WT155X227,WT155X227,227.0,28800,207,206,–,–,–,335,337,–,–,–,41.4,41.3,20.6,68.8,68.3,–,–,–,83.8,92.1,–,–,54.9,–,–,42.9,2.45,–,–,–,–,5.01,67.4,968.0,442.0,48.3,219.0,2000.0,1300.0,86.9,–,–,–,38300,95.6,–,–,–,–,–,–,–,102,0.959,–,–,–,–,–,–,–,–,–,–,–,–,–,–,–,–,732,–,1070,749,1080,–,140,–,1.9
WT,WT6X139.5,WT6X139.5,T,139.5,41.0,7.93,7.875,–,–,–,13.1,13.125,–,–,–,1.53,1.5,0.75,2.47,2.5,–,–,–,3.07,3.375,–,–,2.05,–,–,1.56,2.66,–,–,–,–,5.18,141.0,51.9,24.1,1.86,469.0,110.0,71.3,3.38,–,,–,70.9,267,–,–,–,–,–,–,–,3.94,0.958,–,–,–,–,–,–,–,–,–,–,–,–,–,–,–,–,28.3,–,41.4,29,42.1,–,5.5,–,WT155X207.5,WT155X207.5,208.0,26500,201,200,–,–,–,333,333,–,–,–,38.9,38.1,19,62.7,63.5,–,–,–,78,85.7,–,–,52.1,–,–,39.6,2.66,–,–,–,–,5.18,58.7,850.0,395.0,47.2,195.0,1800.0,1170.0,85.9,–,–,–,29500,71.7,–,–,–,–,–,–,–,100,0.958,–,–,–,–,–,–,–,–,–,–,–,–,–,–,–,–,719,–,1050,737,1070,–,140,–,1.86
WT,WT6X126,WT6X126,T,126.0,37.1,7.71,7.625,–,–,–,13,13,–,–,–,1.4,1.375,0.6875,2.25,2.25,–,–,–,2.85,3.125,–,–,1.92,–,–,1.42,2.89,–,–,–,–,5.51,121.0,44.8,20.9,1.81,414.0,97.9,63.6,3.34,–,,–,53.5,195,–,–,–,–,–,–,–,3.88,0.958,–,–,–,–,–,–,–,–,–,–,–,–,–,–,–,–,27.7,–,40.7,28.4,41.4,–,5.5,–,WT155X187.5,WT155X187.5,188.0,23900,196,194,–,–,–,330,330,–,–,–,35.6,34.9,17.5,57.2,57.2,–,–,–,72.4,79.4,–,–,48.8,–,–,36.1,2.89,–,–,–,–,5.51,50.4,734.0,342.0,46.0,172.0,1600.0,1040.0,84.8,–,–,–,22300,52.4,–,–,–,–,–,–,–,98.6,0.958,–,–,–,–,–,–,–,–,–,–,–,–,–,–,–,–,704,–,1030,721,1050,–,140,–,1.81
WT,WT6X115,WT6X115,T,115.0,33.8,7.53,7.5,–,–,–,12.9,12.875,–,–,–,1.29,1.3125,0.6875,2.07,2.0625,–,–,–,2.67,2.9375,–,–,1.82,–,–,1.31,3.11,–,–,–,–,5.84,106.0,39.4,18.5,1.77,371.0,88.4,57.5,3.31,–,,–,41.6,148,–,–,–,–,–,–,–,3.83,0.958,–,–,–,–,–,–,–,–,–,–,–,–,–,–,–,–,27.3,–,40.2,28,40.9,–,5.5,–,WT155X171,WT155X171,171.0,21800,191,191,–,–,–,328,327,–,–,–,32.8,33.3,17.5,52.6,52.4,–,–,–,67.8,74.6,–,–,46.2,–,–,33.3,3.11,–,–,–,–,5.84,44.1,646.0,303.0,45.0,154.0,1450.0,942.0,84.1,–,–,–,17300,39.7,–,–,–,–,–,–,–,97.3,0.958,–,–,–,–,–,–,–,–,–,–,–,–,–,–,–,–,693,–,1020,711,1040,–,140,–,1.77
WT,WT6X105,WT6X105,F,105.0,30.9,7.36,7.25,–,–,–,12.8,12.75,–,–,–,1.18,1.1875,0.625,1.9,1.875,–,–,–,2.5,2.8125,–,–,1.72,–,–,1.21,3.37,–,–,–,–,6.24,92.1,34.5,16.4,1.73,332.0,79.7,51.9,3.28,–,,–,32.1,112,–,–,–,–,–,–,–,3.79,0.958,–,–,–,–,–,–,–,–,–,–,–,–,–,–,–,–,26.8,–,39.6,27.5,40.3,–,5.5,–,WT155X156.5,WT155X156.5,157.0,19900,187,184,–,–,–,325,324,–,–,–,30,30.2,15.9,48.3,47.6,–,–,–,63.5,71.4,–,–,43.7,–,–,30.7,3.37,–,–,–,–,6.24,38.3,565.0,269.0,43.9,138.0,1310.0,850.0,83.3,–,–,–,13400,30.1,–,–,–,–,–,–,–,96.3,0.958,–,–,–,–,–,–,–,–,–,–,–,–,–,–,–,–,681,–,1010,699,1020,–,140,–,1.73
WT,WT6X95,WT6X95,F,95.0,28.0,7.19,7.125,–,–,–,12.7,12.625,–,–,–,1.06,1.0625,0.5625,1.74,1.75,–,–,–,2.33,2.625,–,–,1.62,–,–,1.1,3.65,–,–,–,–,6.78,79.0,29.8,14.2,1.68,295.0,71.2,46.5,3.25,–,,–,24.3,82.1,–,–,–,–,–,–,–,3.73,0.96,–,–,–,–,–,–,–,–,–,–,–,–,–,–,–,–,26.4,–,39.1,27.1,39.8,–,5.5,–,WT155X141.5,WT155X141.5,142.0,18100,183,181,–,–,–,323,321,–,–,–,26.9,27,14.3,44.2,44.4,–,–,–,59.2,66.7,–,–,41.1,–,–,27.9,3.65,–,–,–,–,6.78,32.9,488.0,233.0,42.7,123.0,1170.0,762.0,82.6,–,–,–,10100,22,–,–,–,–,–,–,–,94.7,0.96,–,–,–,–,–,–,–,–,–,–,–,–,–,–,–,–,671,–,993,688,1010,–,140,–,1.68
WT,WT6X85,WT6X85,F,85.0,25.0,7.02,7,–,–,–,12.6,12.625,–,–,–,0.96,0.9375,0.5,1.56,1.5625,–,–,–,2.16,2.4375,–,–,1.52,–,–,0.994,4.03,–,–,–,–,7.31,67.8,25.6,12.3,1.65,259.0,62.9,41.2,3.22,–,,–,17.7,58.3,–,–,–,–,–,–,–,3.69,0.96,–,–,–,–,–,–,–,–,–,–,–,–,–,–,–,–,26,–,38.6,26.6,39.2,–,5.5,–,WT155X126.5,WT155X126.5,127.0,16100,178,178,–,–,–,320,321,–,–,–,24.4,23.8,12.7,39.6,39.7,–,–,–,54.9,61.9,–,–,38.6,–,–,25.2,4.03,–,–,–,–,7.31,28.2,420.0,202.0,41.9,108.0,1030.0,675.0,81.8,–,–,–,7370,15.7,–,–,–,–,–,–,–,93.7,0.96,–,–,–,–,–,–,–,–,–,–,–,–,–,–,–,–,660,–,980,676,996,–,140,–,1.65
WT,WT6X76,WT6X76,F,76.0,22.4,6.86,6.75,–,–,–,12.5,12.5,–,–,–,0.87,0.875,0.4375,1.4,1.375,–,–,–,2,2.3125,–,–,1.43,–,–,0.896,4.46,–,–,–,–,7.89,58.5,22.0,10.8,1.62,227.0,55.6,36.4,3.19,–,,–,12.8,41.3,–,–,–,–,–,–,–,3.65,0.96,–,–,–,–,–,–,–,–,–,–,–,–,–,–,–,–,25.5,–,38,26.2,38.7,–,5.5,–,WT155X113,WT155X113,113.0,14500,174,171,–,–,–,318,318,–,–,–,22.1,22.2,11.1,35.6,34.9,–,–,–,50.8,58.7,–,–,36.3,–,–,22.8,4.46,–,–,–,–,7.89,24.3,361.0,177.0,41.1,94.5,911.0,596.0,81.0,–,–,–,5330,11.1,–,–,–,–,–,–,–,92.7,0.96,–,–,–,–,–,–,–,–,–,–,–,–,–,–,–,–,648,–,965,665,983,–,140,–,1.62
WT,WT6X68,WT6X68,F,68.0,20.0,6.71,6.625,–,–,–,12.4,12.375,–,–,–,0.79,0.8125,0.4375,1.25,1.25,–,–,–,1.85,2.125,–,–,1.35,–,–,0.805,4.96,–,–,–,–,8.49,50.6,19.0,9.46,1.59,199.0,48.9,32.1,3.16,–,,–,9.21,28.9,–,–,–,–,–,–,–,3.61,0.959,–,–,–,–,–,–,–,–,–,–,–,–,–,–,–,–,25.1,–,37.5,25.8,38.2,–,5.5,–,WT155X101,WT155X101,101.0,12900,170,168,–,–,–,315,314,–,–,–,20.1,20.6,11.1,31.8,31.8,–,–,–,47,54,–,–,34.3,–,–,20.4,4.96,–,–,–,–,8.49,21.1,311.0,155.0,40.4,82.8,801.0,526.0,80.3,–,–,–,3830,7.76,–,–,–,–,–,–,–,91.7,0.959,–,–,–,–,–,–,–,–,–,–,–,–,–,–,–,–,638,–,953,655,971,–,140,–,1.59
WT,WT6X60,WT6X60,F,60.0,17.6,6.56,6.5,–,–,–,12.3,12.375,–,–,–,0.71,0.6875,0.375,1.11,1.125,–,–,–,1.7,2,–,–,1.28,–,–,0.716,5.57,–,–,–,–,9.24,43.4,16.2,8.22,1.57,172.0,42.7,28.0,3.13,–,,–,6.42,19.7,–,–,–,–,–,–,–,3.57,0.959,–,–,–,–,–,–,–,–,–,–,–,–,–,–,–,–,24.7,–,37,25.4,37.7,–,5.5,–,WT155X89.5,WT155X89.5,89.5,11400,167,165,–,–,–,312,314,–,–,–,18,17.5,9.52,28.2,28.6,–,–,–,43.2,50.8,–,–,32.5,–,–,18.2,5.57,–,–,–,–,9.24,18.1,265.0,135.0,39.9,71.6,700.0,459.0,79.5,–,–,–,2670,5.29,–,–,–,–,–,–,–,90.7,0.959,–,–,–,–,–,–,–,–,–,–,–,–,–,–,–,–,627,–,940,645,958,–,140,–,1.57
WT,WT6X53,WT6X53,F,53.0,15.6,6.45,6.375,–,–,–,12.2,12.25,–,–,–,0.61,0.625,0.3125,0.99,1,–,–,–,1.59,1.875,–,–,1.19,–,–,0.637,6.17,–,–,–,–,10.6,36.3,13.6,6.92,1.53,151.0,37.5,24.7,3.11,–,,–,4.55,13.6,–,–,–,–,–,–,–,3.53,0.961,–,–,–,–,–,–,–,–,–,–,–,–,–,–,–,–,24.4,–,36.6,25.099999999999998,37.3,–,5.5,–,WT155X79,WT155X79,79.0,10100,164,162,–,–,–,310,311,–,–,–,15.5,15.9,7.94,25.1,25.4,–,–,–,40.4,47.6,–,–,30.2,–,–,16.2,6.17,–,–,–,–,10.6,15.1,223.0,113.0,38.9,62.9,615.0,405.0,79.0,–,–,–,1890,3.65,–,–,–,–,–,–,–,89.7,0.961,–,–,–,–,–,–,–,–,–,–,–,–,–,–,–,–,620,–,930,638,947,–,140,–,1.53
WT,WT6X48,WT6X48,F,48.0,14.1,6.36,6.25,–,–,–,12.2,12.125,–,–,–,0.55,0.5625,0.3125,0.9,0.875,–,–,–,1.5,1.8125,–,–,1.13,–,–,0.58,6.76,–,–,–,–,11.6,32.0,11.9,6.12,1.51,135.0,33.7,22.2,3.09,–,,–,3.42,10.1,–,–,–,–,–,–,–,3.51,0.962,–,–,–,–,–,–,–,–,–,–,–,–,–,–,–,–,24.2,–,36.4,24.9,37.1,–,5.5,–,WT155X71.5,WT155X71.5,71.5,9100,162,159,–,–,–,310,308,–,–,–,14,14.3,7.94,22.9,22.2,–,–,–,38.1,46,–,–,28.7,–,–,14.7,6.76,–,–,–,–,11.6,13.3,195.0,100.0,38.4,56.2,552.0,364.0,78.5,–,–,–,1420,2.71,–,–,–,–,–,–,–,89.2,0.962,–,–,–,–,–,–,–,–,–,–,–,–,–,–,–,–,615,–,925,632,942,–,140,–,1.51
WT,WT6X43.5,WT6X43.5,F,43.5,12.8,6.27,6.25,–,–,–,12.1,12.125,–,–,–,0.515,0.5,0.25,0.81,0.8125,–,–,–,1.41,1.6875,–,–,1.1,–,–,0.527,7.48,–,–,–,–,12.2,28.9,10.7,5.6,1.5,120.0,30.2,19.9,3.07,–,,–,2.54,7.34,–,–,–,–,–,–,–,3.49,0.96,–,–,–,–,–,–,–,–,–,–,–,–,–,–,–,–,24,–,36.1,24.6,36.7,–,5.5,–,WT155X64.5,WT155X64.5,64.5,8260,159,159,–,–,–,307,308,–,–,–,13.1,12.7,6.35,20.6,20.6,–,–,–,35.8,42.9,–,–,27.9,–,–,13.4,7.48,–,–,–,–,12.2,12.0,175.0,91.8,38.1,49.9,495.0,326.0,78.0,–,–,–,1060,1.97,–,–,–,–,–,–,–,88.6,0.96,–,–,–,–,–,–,–,–,–,–,–,–,–,–,–,–,610,–,917,625,932,–,140,–,1.5
WT,WT6X39.5,WT6X39.5,F,39.5,11.6,6.19,6.125,–,–,–,12.1,12.125,–,–,–,0.47,0.5,0.25,0.735,0.75,–,–,–,1.33,1.625,–,–,1.06,–,–,0.48,8.22,–,–,–,–,13.2,25.8,9.49,5.03,1.49,108.0,27.1,17.9,3.05,–,,–,1.91,5.43,–,–,–,–,–,–,–,3.47,0.96,–,–,–,–,–,–,–,–,–,–,–,–,–,–,–,–,23.8,–,35.9,24.5,36.6,–,5.5,–,WT155X58.5,WT155X58.5,58.5,7480,157,156,–,–,–,307,308,–,–,–,11.9,12.7,6.35,18.7,19,–,–,–,33.8,41.3,–,–,26.9,–,–,12.2,8.22,–,–,–,–,13.2,10.7,156.0,82.4,37.8,45.0,444.0,293.0,77.5,–,–,–,795,1.46,–,–,–,–,–,–,–,88.1,0.96,–,–,–,–,–,–,–,–,–,–,–,–,–,–,–,–,605,–,912,622,930,–,140,–,1.49
WT,WT6X36,WT6X36,F,36.0,10.6,6.13,6.125,–,–,–,12,12,–,–,–,0.43,0.4375,0.25,0.67,0.6875,–,–,–,1.27,1.5625,–,–,1.02,–,–,0.439,8.99,–,–,–,–,14.3,23.2,8.48,4.54,1.48,97.5,24.6,16.2,3.04,–,,–,1.46,4.07,–,–,–,–,–,–,–,3.45,0.96,–,–,–,–,–,–,–,–,–,–,–,–,–,–,–,–,23.6,–,35.6,24.3,36.3,–,5.5,–,WT155X53.5,WT155X53.5,53.5,6840,156,156,–,–,–,305,305,–,–,–,10.9,11.1,6.35,17,17.5,–,–,–,32.3,39.7,–,–,25.9,–,–,11.2,8.99,–,–,–,–,14.3,9.66,139.0,74.4,37.6,40.6,403.0,265.0,77.2,–,–,–,608,1.09,–,–,–,–,–,–,–,87.6,0.96,–,–,–,–,–,–,–,–,–,–,–,–,–,–,–,–,599,–,904,617,922,–,140,–,1.48
WT,WT6X32.5,WT6X32.5,F,32.5,9.54,6.06,6,–,–,–,12,12,–,–,–,0.39,0.375,0.1875,0.605,0.625,–,–,–,1.2,1.5,–,–,0.985,–,–,0.398,9.92,–,–,–,–,15.5,20.6,7.5,4.06,1.47,87.2,22.0,14.5,3.02,–,,–,1.09,2.97,–,–,–,–,–,–,–,3.43,0.96,–,–,–,–,–,–,–,–,–,–,–,–,–,–,–,–,23.4,–,35.4,24.1,36.1,–,5.5,–,WT155X48.5,WT155X48.5,48.5,6150,154,152,–,–,–,305,305,–,–,–,9.91,9.52,4.76,15.4,15.9,–,–,–,30.5,38.1,–,–,25,–,–,10.1,9.92,–,–,–,–,15.5,8.57,123.0,66.5,37.3,36.3,361.0,238.0,76.7,–,–,–,454,0.798,–,–,–,–,–,–,–,87.1,0.96,–,–,–,–,–,–,–,–,–,–,–,–,–,–,–,–,594,–,899,612,917,–,140,–,1.47
WT,WT6X29,WT6X29,F,29.0,8.52,6.1,6,–,–,–,10,10,–,–,–,0.36,0.375,0.1875,0.64,0.625,–,–,–,1.24,1.5,–,–,1.03,–,–,0.426,7.82,–,–,–,–,16.9,19.1,6.97,3.76,1.5,53.5,16.2,10.7,2.51,–,,–,1.05,2.08,–,–,–,–,–,–,–,3,0.944,–,–,–,–,–,–,–,–,–,–,–,–,–,–,–,–,21.6,–,31.6,22.200000000000003,32.2,–,5.5,–,WT155X43,WT155X43,43.0,5500,155,152,–,–,–,254,254,–,–,–,9.14,9.52,4.76,16.3,15.9,–,–,–,31.5,38.1,–,–,26.2,–,–,10.8,7.82,–,–,–,–,16.9,7.95,114.0,61.6,38.1,22.3,265.0,175.0,63.8,–,–,–,437,0.559,–,–,–,–,–,–,–,76.2,0.944,–,–,–,–,–,–,–,–,–,–,–,–,–,–,–,–,549,–,803,564,818,–,140,–,1.5
WT,WT6X26.5,WT6X26.5,F,26.5,7.78,6.03,6,–,–,–,10,10,–,–,–,0.345,0.375,0.1875,0.575,0.5625,–,–,–,1.18,1.375,–,–,1.02,–,–,0.389,8.69,–,–,–,–,17.5,17.7,6.46,3.54,1.51,47.9,14.5,9.58,2.48,–,,–,0.788,1.53,–,–,–,–,–,–,–,3,0.939,–,–,–,–,–,–,–,–,–,–,–,–,–,–,–,–,21.5,–,31.5,22.1,32.1,–,5.5,–,WT155X39.5,WT155X39.5,39.5,5020,153,152,–,–,–,254,254,–,–,–,8.76,9.52,4.76,14.6,14.3,–,–,–,30,34.9,–,–,25.9,–,–,9.88,8.69,–,–,–,–,17.5,7.37,106.0,58.0,38.4,19.9,238.0,157.0,63.0,–,–,–,328,0.411,–,–,–,–,–,–,–,76.2,0.939,–,–,–,–,–,–,–,–,–,–,–,–,–,–,–,–,546,–,800,561,815,–,140,–,1.51
WT,WT6X25,WT6X25,F,25.0,7.3,6.1,6,–,–,–,8.08,8.125,–,–,–,0.37,0.375,0.1875,0.64,0.625,–,–,–,1.14,1.5,–,–,1.17,–,–,0.452,6.31,–,–,–,–,16.5,18.7,6.88,3.79,1.6,28.2,10.6,6.97,1.96,–,,–,0.855,1.23,–,–,–,–,–,–,–,2.67,0.899,–,–,–,–,–,–,–,–,–,–,–,–,–,–,–,–,19.7,–,27.8,20.3,28.4,–,5.5,–,WT155X37,WT155X37,37.0,4710,155,152,–,–,–,205,206,–,–,–,9.4,9.52,4.76,16.3,15.9,–,–,–,29,38.1,–,–,29.7,–,–,11.5,6.31,–,–,–,–,16.5,7.78,113.0,62.1,40.6,11.7,174.0,114.0,49.8,–,–,–,356,0.33,–,–,–,–,–,–,–,67.8,0.899,–,–,–,–,–,–,–,–,–,–,–,–,–,–,–,–,500,–,706,516,721,–,140,–,1.6
WT,WT6X22.5,WT6X22.5,F,22.5,6.56,6.03,6,–,–,–,8.05,8,–,–,–,0.335,0.3125,0.1875,0.575,0.5625,–,–,–,1.08,1.375,–,–,1.13,–,–,0.408,7,–,–,–,–,18,16.6,6.1,3.39,1.59,25.0,9.47,6.21,1.95,–,,–,0.627,0.885,–,–,–,–,–,–,–,2.66,0.898,–,–,–,–,–,–,–,–,–,–,–,–,–,–,–,–,19.5,–,27.6,20.1,28.2,–,5.5,–,WT155X33.5,WT155X33.5,33.5,4230,153,152,–,–,–,204,203,–,–,–,8.51,7.94,4.76,14.6,14.3,–,–,–,27.4,34.9,–,–,28.7,–,–,10.4,7,–,–,–,–,18,6.91,100.0,55.6,40.4,10.4,155.0,102.0,49.5,–,–,–,261,0.238,–,–,–,–,–,–,–,67.6,0.898,–,–,–,–,–,–,–,–,–,–,–,–,–,–,–,–,495,–,701,511,716,–,140,–,1.59
WT,WT6X20,WT6X20,F,20.0,5.84,5.97,5.875,–,–,–,8.01,8,–,–,–,0.295,0.3125,0.1875,0.515,0.5,–,–,–,1.02,1.375,–,–,1.09,–,–,0.365,7.77,–,–,–,–,20.2,14.4,5.28,2.95,1.57,22.0,8.38,5.5,1.94,–,,–,0.452,0.62,–,–,–,–,–,–,–,2.63,0.901,–,–,–,–,–,–,–,–,–,–,–,–,–,–,–,–,19.3,–,27.4,20,28,–,5.5,–,WT155X30,WT155X30,30.0,3770,152,149,–,–,–,203,203,–,–,–,7.49,7.94,4.76,13.1,12.7,–,–,–,25.9,34.9,–,–,27.7,–,–,9.27,7.77,–,–,–,–,20.2,5.99,86.5,48.3,39.9,9.16,137.0,90.1,49.3,–,–,–,188,0.166,–,–,–,–,–,–,–,66.8,0.901,–,–,–,–,–,–,–,–,–,–,–,–,–,–,–,–,490,–,696,508,711,–,140,–,1.57
WT,WT6X17.5,WT6X17.5,F,17.5,5.17,6.25,6.25,–,–,–,6.56,6.5,–,–,–,0.3,0.3125,0.1875,0.52,0.5,–,–,–,0.82,1.1875,–,–,1.3,–,–,0.394,6.31,–,–,–,–,20.8,16.0,5.71,3.23,1.76,12.2,5.73,3.73,1.54,–,,–,0.369,0.437,–,–,–,–,–,–,–,2.56,0.834,–,–,–,–,–,–,–,–,–,–,–,–,–,–,–,–,18.5,–,25.1,19.1,25.6,–,3.5,–,WT155X26,WT155X26,26.0,3340,159,159,–,–,–,167,165,–,–,–,7.62,7.94,4.76,13.2,12.7,–,–,–,20.8,30.2,–,–,33,–,–,10,6.31,–,–,–,–,20.8,6.66,93.6,52.9,44.7,5.08,93.9,61.1,39.1,–,–,–,154,0.117,–,–,–,–,–,–,–,65,0.834,–,–,–,–,–,–,–,–,–,–,–,–,–,–,–,–,470,–,638,485,650,–,88.9,–,1.54
WT,WT6X15,WT6X15,F,15.0,4.4,6.17,6.125,–,–,–,6.52,6.5,–,–,–,0.26,0.25,0.125,0.44,0.4375,–,–,–,0.74,1.125,–,–,1.27,–,–,0.337,7.41,–,–,–,–,23.7,13.5,4.83,2.75,1.75,10.2,4.78,3.12,1.52,–,,–,0.228,0.267,–,–,–,–,–,–,–,2.54,0.83,–,–,–,–,–,–,–,–,–,–,–,–,–,–,–,–,18.3,–,24.9,18.9,25.4,–,3.5,–,WT155X22.25,WT155X22.25,22.3,2840,157,156,–,–,–,166,165,–,–,–,6.6,6.35,3.18,11.2,11.1,–,–,–,18.8,28.6,–,–,32.3,–,–,8.56,7.41,–,–,–,–,23.7,5.62,79.1,45.1,44.5,4.25,78.3,51.1,38.6,–,–,–,94.9,0.0717,–,–,–,–,–,–,–,64.5,0.83,–,–,–,–,–,–,–,–,–,–,–,–,–,–,–,–,465,–,632,480,645,–,88.9,–,1.52
WT,WT6X13,WT6X13,F,13.0,3.82,6.11,6,–,–,–,6.49,6.5,–,–,–,0.23,0.25,0.125,0.38,0.375,–,–,–,0.68,1.0625,–,–,1.25,–,–,0.295,8.54,–,–,–,–,26.6,11.7,4.2,2.4,1.75,8.66,4.08,2.67,1.51,–,,–,0.15,0.174,–,–,–,–,–,–,–,2.54,0.827,–,–,–,–,–,–,–,–,–,–,–,–,–,–,–,–,18.2,–,24.7,18.7,25.2,–,3.5,–,WT155X19.35,WT155X19.35,19.4,2460,155,152,–,–,–,165,165,–,–,–,5.84,6.35,3.18,9.65,9.52,–,–,–,17.3,27,–,–,31.8,–,–,7.49,8.54,–,–,–,–,26.6,4.87,68.8,39.3,44.5,3.6,66.9,43.8,38.4,–,–,–,62.4,0.0467,–,–,–,–,–,–,–,64.5,0.827,–,–,–,–,–,–,–,–,–,–,–,–,–,–,–,–,462,–,627,475,640,–,88.9,–,1.51
WT,WT6X11,WT6X11,F,11.0,3.24,6.16,6.125,–,–,–,4.03,4,–,–,–,0.26,0.25,0.125,0.425,0.4375,–,–,–,0.725,0.9375,–,–,1.63,–,–,0.402,4.74,–,–,–,–,23.7,11.7,4.63,2.59,1.9,2.33,1.83,1.15,0.847,–,,–,0.146,0.137,–,–,–,–,–,–,–,2.52,0.683,–,–,–,–,–,–,–,–,–,–,–,–,–,–,–,–,16,–,20,16.4,20.4,–,2.25,–,WT155X16.35,WT155X16.35,16.4,2090,156,156,–,–,–,102,102,–,–,–,6.6,6.35,3.18,10.8,11.1,–,–,–,18.4,23.8,–,–,41.4,–,–,10.2,4.74,–,–,–,–,23.7,4.87,75.9,42.4,48.3,0.97,30.0,18.8,21.5,–,–,–,60.8,0.0368,–,–,–,–,–,–,–,64,0.683,–,–,–,–,–,–,–,–,–,–,–,–,–,–,–,–,406,–,508,417,518,–,57.2,–,0.847
WT,WT6X9.5,WT6X9.5,F,9.5,2.79,6.08,6,–,–,–,4.01,4,–,–,–,0.235,0.25,0.125,0.35,0.375,–,–,–,0.65,0.875,–,–,1.65,–,–,0.348,5.72,–,–,–,–,25.9,10.1,4.11,2.28,1.9,1.88,1.49,0.939,0.821,–,,–,0.0899,0.0934,–,–,–,–,–,–,–,2.54,0.665,–,–,–,–,–,–,–,–,–,–,–,–,–,–,–,–,15.8,–,19.8,16.2,20.2,–,2.25,–,WT155X14.15,WT155X14.15,14.2,1800,154,152,–,–,–,102,102,–,–,–,5.97,6.35,3.18,8.89,9.52,–,–,–,16.5,22.2,–,–,41.9,–,–,8.84,5.72,–,–,–,–,25.9,4.2,67.4,37.4,48.3,0.783,24.4,15.4,20.9,–,–,–,37.4,0.0251,–,–,–,–,–,–,–,64.5,0.665,–,–,–,–,–,–,–,–,–,–,–,–,–,–,–,–,401,–,503,411,513,–,57.2,–,0.821
WT,WT6X8,WT6X8,F,8.0,2.36,6,6,–,–,–,3.99,4,–,–,–,0.22,0.25,0.125,0.265,0.25,–,–,–,0.565,0.8125,–,–,1.74,–,–,0.639,7.53,–,–,–,–,27.3,8.7,3.72,2.04,1.92,1.41,1.13,0.706,0.773,–,,–,0.0511,0.0678,–,–,–,–,–,–,–,2.62,0.624,–,–,–,–,–,–,–,–,–,–,–,–,–,–,–,–,15.6,–,19.6,16,20,–,2.25,–,WT155X11.9,WT155X11.9,11.9,1520,152,152,–,–,–,101,102,–,–,–,5.59,6.35,3.18,6.73,6.35,–,–,–,14.4,20.6,–,–,44.2,–,–,16.2,7.53,–,–,–,–,27.3,3.62,61.0,33.4,48.8,0.587,18.5,11.6,19.6,–,–,–,21.3,0.0182,–,–,–,–,–,–,–,66.5,0.624,–,–,–,–,–,–,–,–,–,–,–,–,–,–,–,–,396,–,498,406,508,–,57.2,–,0.773
WT,WT6X7,WT6X7,F,7.0,2.08,5.96,5.875,–,–,–,3.97,4,–,–,–,0.2,0.1875,0.125,0.225,0.25,–,–,–,0.525,0.75,–,–,1.76,–,–,0.76,8.82,–,–,–,–,29.8,7.67,3.32,1.83,1.92,1.18,0.947,0.593,0.753,–,,–,0.035,0.0493,–,–,–,–,–,–,–,2.64,0.611,–,–,–,–,–,–,–,–,–,–,–,–,–,–,–,–,15.5,–,19.5,15.9,19.9,–,2.25,–,WT155X10.5,WT155X10.5,10.5,1340,151,149,–,–,–,101,102,–,–,–,5.08,4.76,3.18,5.72,6.35,–,–,–,13.3,19.1,–,–,44.7,–,–,19.3,8.82,–,–,–,–,29.8,3.19,54.4,30.0,48.8,0.491,15.5,9.72,19.1,–,–,–,14.6,0.0132,–,–,–,–,–,–,–,67.1,0.611,–,–,–,–,–,–,–,–,–,–,–,–,–,–,–,–,394,–,495,404,505,–,57.2,–,0.753
WT,WT5X56,WT5X56,F,56.0,16.5,5.68,5.625,–,–,–,10.4,10.375,–,–,–,0.755,0.75,0.375,1.25,1.25,–,–,–,1.75,1.9375,–,–,1.21,–,–,0.791,4.17,–,–,–,–,7.52,28.6,13.4,6.4,1.32,118.0,34.6,22.6,2.67,–,,–,7.5,16.9,–,–,–,–,–,–,–,3.04,0.963,–,–,–,–,–,–,–,–,–,–,–,–,–,–,–,–,21.2,–,31.6,21.8,32.2,–,5.5,–,WT125X83.5,WT125X83.5,83.5,10600,144,143,–,–,–,264,264,–,–,–,19.2,19,9.52,31.8,31.8,–,–,–,44.5,49.2,–,–,30.7,–,–,20.1,4.17,–,–,–,–,7.52,11.9,220.0,105.0,33.5,49.1,567.0,370.0,67.8,–,–,–,3120,4.54,–,–,–,–,–,–,–,77.2,0.963,–,–,–,–,–,–,–,–,–,–,–,–,–,–,–,–,538,–,803,554,818,–,140,–,1.32
WT,WT5X50,WT5X50,F,50.0,14.7,5.55,5.5,–,–,–,10.3,10.375,–,–,–,0.68,0.6875,0.375,1.12,1.125,–,–,–,1.62,1.8125,–,–,1.13,–,–,0.711,4.62,–,–,–,–,8.16,24.5,11.4,5.56,1.29,103.0,30.5,20.0,2.65,–,,–,5.41,11.9,–,–,–,–,–,–,–,3,0.964,–,–,–,–,–,–,–,–,–,–,–,–,–,–,–,–,20.9,–,31.2,21.400000000000002,31.7,–,5.5,–,WT125X74.5,WT125X74.5,74.5,9480,141,140,–,–,–,262,264,–,–,–,17.3,17.5,9.52,28.4,28.6,–,–,–,41.1,46,–,–,28.7,–,–,18.1,4.62,–,–,–,–,8.16,10.2,187.0,91.1,32.8,42.9,500.0,328.0,67.3,–,–,–,2250,3.2,–,–,–,–,–,–,–,76.2,0.964,–,–,–,–,–,–,–,–,–,–,–,–,–,–,–,–,531,–,792,544,805,–,140,–,1.29
WT,WT5X44,WT5X44,F,44.0,13.0,5.42,5.375,–,–,–,10.3,10.25,–,–,–,0.605,0.625,0.3125,0.99,1,–,–,–,1.49,1.6875,–,–,1.06,–,–,0.631,5.18,–,–,–,–,8.96,20.8,9.65,4.77,1.27,89.3,26.5,17.4,2.63,–,,–,3.75,8.02,–,–,–,–,–,–,–,2.97,0.964,–,–,–,–,–,–,–,–,–,–,–,–,–,–,–,–,20.6,–,30.9,21.1,31.4,–,5.5,–,WT125X65.5,WT125X65.5,65.5,8390,138,137,–,–,–,262,260,–,–,–,15.4,15.9,7.94,25.1,25.4,–,–,–,37.8,42.9,–,–,26.9,–,–,16,5.18,–,–,–,–,8.96,8.66,158.0,78.2,32.3,37.2,434.0,285.0,66.8,–,–,–,1560,2.15,–,–,–,–,–,–,–,75.4,0.964,–,–,–,–,–,–,–,–,–,–,–,–,–,–,–,–,523,–,785,536,798,–,140,–,1.27
WT,WT5X38.5,WT5X38.5,F,38.5,11.3,5.3,5.25,–,–,–,10.2,10.25,–,–,–,0.53,0.5,0.25,0.87,0.875,–,–,–,1.37,1.5625,–,–,0.99,–,–,0.555,5.86,–,–,–,–,10,17.4,8.06,4.05,1.24,76.8,22.9,15.1,2.6,–,,–,2.55,5.31,–,–,–,–,–,–,–,2.94,0.964,–,–,–,–,–,–,–,–,–,–,–,–,–,–,–,–,20.3,–,30.5,20.8,31,–,5.5,–,WT125X57.5,WT125X57.5,57.5,7290,135,133,–,–,–,259,260,–,–,–,13.5,12.7,6.35,22.1,22.2,–,–,–,34.8,39.7,–,–,25.1,–,–,14.1,5.86,–,–,–,–,10,7.24,132.0,66.4,31.5,32.0,375.0,247.0,66.0,–,–,–,1060,1.43,–,–,–,–,–,–,–,74.7,0.964,–,–,–,–,–,–,–,–,–,–,–,–,–,–,–,–,516,–,775,528,787,–,140,–,1.24
WT,WT5X34,WT5X34,F,34.0,10.0,5.2,5.125,–,–,–,10.1,10.125,–,–,–,0.47,0.5,0.25,0.77,0.75,–,–,–,1.27,1.4375,–,–,0.932,–,–,0.493,6.58,–,–,–,–,11.1,14.9,6.85,3.49,1.22,66.7,20.0,13.2,2.58,–,,–,1.78,3.62,–,–,–,–,–,–,–,2.91,0.965,–,–,–,–,–,–,–,–,–,–,–,–,–,–,–,–,20,–,30.1,20.5,30.6,–,5.5,–,WT125X50.5,WT125X50.5,50.5,6450,132,130,–,–,–,257,257,–,–,–,11.9,12.7,6.35,19.6,19,–,–,–,32.3,36.5,–,–,23.7,–,–,12.5,6.58,–,–,–,–,11.1,6.2,112.0,57.2,31.0,27.8,328.0,216.0,65.5,–,–,–,741,0.972,–,–,–,–,–,–,–,73.9,0.965,–,–,–,–,–,–,–,–,–,–,–,–,–,–,–,–,508,–,765,521,777,–,140,–,1.22
WT,WT5X30,WT5X30,F,30.0,8.84,5.11,5,–,–,–,10.1,10.125,–,–,–,0.42,0.4375,0.25,0.68,0.6875,–,–,–,1.18,1.375,–,–,0.884,–,–,0.438,7.41,–,–,–,–,12.2,12.9,5.87,3.04,1.21,58.1,17.5,11.5,2.57,–,,–,1.23,2.46,–,–,–,–,–,–,–,2.89,0.964,–,–,–,–,–,–,–,–,–,–,–,–,–,–,–,–,19.8,–,29.9,20.3,30.4,–,5.5,–,WT125X44.5,WT125X44.5,44.5,5700,130,127,–,–,–,257,257,–,–,–,10.7,11.1,6.35,17.3,17.5,–,–,–,30,34.9,–,–,22.5,–,–,11.1,7.41,–,–,–,–,12.2,5.37,96.2,49.8,30.7,24.2,287.0,188.0,65.3,–,–,–,512,0.661,–,–,–,–,–,–,–,73.4,0.964,–,–,–,–,–,–,–,–,–,–,–,–,–,–,–,–,503,–,759,516,772,–,140,–,1.21
WT,WT5X27,WT5X27,F,27.0,7.9,5.05,5,–,–,–,10,10,–,–,–,0.37,0.375,0.1875,0.615,0.625,–,–,–,1.12,1.3125,–,–,0.836,–,–,0.395,8.15,–,–,–,–,13.6,11.1,5.05,2.64,1.19,51.7,15.6,10.3,2.56,–,,–,0.909,1.78,–,–,–,–,–,–,–,2.87,0.966,–,–,–,–,–,–,–,–,–,–,–,–,–,–,–,–,19.6,–,29.6,20.1,30.1,–,5.5,–,WT125X40,WT125X40,40.0,5100,128,127,–,–,–,254,254,–,–,–,9.4,9.52,4.76,15.6,15.9,–,–,–,28.4,33.3,–,–,21.2,–,–,10,8.15,–,–,–,–,13.6,4.62,82.8,43.3,30.2,21.5,256.0,169.0,65.0,–,–,–,378,0.478,–,–,–,–,–,–,–,72.9,0.966,–,–,–,–,–,–,–,–,–,–,–,–,–,–,–,–,498,–,752,511,765,–,140,–,1.19
WT,WT5X24.5,WT5X24.5,F,24.5,7.21,4.99,4.875,–,–,–,10,10,–,–,–,0.34,0.3125,0.1875,0.56,0.5625,–,–,–,1.06,1.25,–,–,0.807,–,–,0.361,8.93,–,–,–,–,14.7,10.0,4.52,2.39,1.18,46.7,14.1,9.34,2.54,–,,–,0.693,1.33,–,–,–,–,–,–,–,2.85,0.966,–,–,–,–,–,–,–,–,–,–,–,–,–,–,–,–,19.5,–,29.5,20,30,–,5.5,–,WT125X36.5,WT125X36.5,36.5,4650,127,124,–,–,–,254,254,–,–,–,8.64,7.94,4.76,14.2,14.3,–,–,–,26.9,31.8,–,–,20.5,–,–,9.17,8.93,–,–,–,–,14.7,4.16,74.1,39.2,30.0,19.4,231.0,153.0,64.5,–,–,–,288,0.357,–,–,–,–,–,–,–,72.4,0.966,–,–,–,–,–,–,–,–,–,–,–,–,–,–,–,–,495,–,749,508,762,–,140,–,1.18
WT,WT5X22.5,WT5X22.5,F,22.5,6.63,5.05,5,–,–,–,8.02,8,–,–,–,0.35,0.375,0.1875,0.62,0.625,–,–,–,1.12,1.3125,–,–,0.907,–,–,0.413,6.47,–,–,–,–,14.4,10.2,4.65,2.47,1.24,26.7,10.1,6.65,2.01,–,,–,0.753,0.981,–,–,–,–,–,–,–,2.43,0.94,–,–,–,–,–,–,–,–,–,–,–,–,–,–,–,–,17.6,–,25.6,18.1,26.1,–,5.5,–,WT125X33.5,WT125X33.5,33.5,4280,128,127,–,–,–,204,203,–,–,–,8.89,9.52,4.76,15.7,15.9,–,–,–,28.4,33.3,–,–,23,–,–,10.5,6.47,–,–,–,–,14.4,4.25,76.2,40.5,31.5,11.1,166.0,109.0,51.1,–,–,–,313,0.263,–,–,–,–,–,–,–,61.7,0.94,–,–,–,–,–,–,–,–,–,–,–,–,–,–,–,–,447,–,650,460,663,–,140,–,1.24
WT,WT5X19.5,WT5X19.5,F,19.5,5.73,4.96,4.875,–,–,–,7.99,8,–,–,–,0.315,0.3125,0.1875,0.53,0.5,–,–,–,1.03,1.1875,–,–,0.876,–,–,0.359,7.53,–,–,–,–,15.7,8.84,3.99,2.16,1.24,22.5,8.57,5.64,1.98,–,,–,0.487,0.616,–,–,–,–,–,–,–,2.42,0.936,–,–,–,–,–,–,–,–,–,–,–,–,–,–,–,–,17.4,–,25.4,17.9,25.9,–,5.5,–,WT125X29,WT125X29,29.0,3700,126,124,–,–,–,203,203,–,–,–,8,7.94,4.76,13.5,12.7,–,–,–,26.2,30.2,–,–,22.3,–,–,9.12,7.53,–,–,–,–,15.7,3.68,65.4,35.4,31.5,9.37,140.0,92.4,50.3,–,–,–,203,0.165,–,–,–,–,–,–,–,61.5,0.936,–,–,–,–,–,–,–,–,–,–,–,–,–,–,–,–,442,–,645,455,658,–,140,–,1.24
WT,WT5X16.5,WT5X16.5,F,16.5,4.85,4.87,4.75,–,–,–,7.96,8,–,–,–,0.29,0.3125,0.1875,0.435,0.4375,–,–,–,0.935,1.125,–,–,0.869,–,–,0.305,9.15,–,–,–,–,16.8,7.71,3.48,1.93,1.26,18.3,7.0,4.6,1.94,–,,–,0.291,0.356,–,–,–,–,–,–,–,2.4,0.927,–,–,–,–,–,–,–,–,–,–,–,–,–,–,–,–,17.2,–,25.1,17.7,25.7,–,5.5,–,WT125X24.55,WT125X24.55,24.6,3130,124,121,–,–,–,202,203,–,–,–,7.37,7.94,4.76,11,11.1,–,–,–,23.7,28.6,–,–,22.1,–,–,7.75,9.15,–,–,–,–,16.8,3.21,57.0,31.6,32.0,7.62,115.0,75.4,49.3,–,–,–,121,0.0956,–,–,–,–,–,–,–,61,0.927,–,–,–,–,–,–,–,–,–,–,–,–,–,–,–,–,437,–,638,450,653,–,140,–,1.26
WT,WT5X15,WT5X15,F,15.0,4.42,5.24,5.125,–,–,–,5.81,5.75,–,–,–,0.3,0.3125,0.1875,0.51,0.5,–,–,–,0.81,1.125,–,–,1.1,–,–,0.38,5.7,–,–,–,–,17.5,9.28,4.01,2.24,1.45,8.35,4.41,2.87,1.37,–,,–,0.31,0.273,–,–,–,–,–,–,–,2.17,0.849,–,–,–,–,–,–,–,–,–,–,–,–,–,–,–,–,15.9,–,21.7,16.3,22.1,–,2.75,–,WT125X22.4,WT125X22.4,22.4,2850,133,130,–,–,–,148,146,–,–,–,7.62,7.94,4.76,13,12.7,–,–,–,20.6,28.6,–,–,27.9,–,–,9.65,5.7,–,–,–,–,17.5,3.86,65.7,36.7,36.8,3.48,72.3,47.0,34.8,–,–,–,129,0.0733,–,–,–,–,–,–,–,55.1,0.849,–,–,–,–,–,–,–,–,–,–,–,–,–,–,–,–,404,–,551,414,561,–,69.9,–,1.37
WT,WT5X13,WT5X13,F,13.0,3.81,5.17,5.125,–,–,–,5.77,5.75,–,–,–,0.26,0.25,0.125,0.44,0.4375,–,–,–,0.74,1.0625,–,–,1.06,–,–,0.33,6.56,–,–,–,–,19.9,7.86,3.39,1.91,1.44,7.05,3.75,2.44,1.36,–,,–,0.201,0.173,–,–,–,–,–,–,–,2.15,0.848,–,–,–,–,–,–,–,–,–,–,–,–,–,–,–,–,15.7,–,21.5,16.1,21.9,–,2.75,–,WT125X19.25,WT125X19.25,19.3,2460,131,130,–,–,–,147,146,–,–,–,6.6,6.35,3.18,11.2,11.1,–,–,–,18.8,27,–,–,26.9,–,–,8.38,6.56,–,–,–,–,19.9,3.27,55.6,31.3,36.6,2.93,61.5,40.0,34.5,–,–,–,83.7,0.0465,–,–,–,–,–,–,–,54.6,0.848,–,–,–,–,–,–,–,–,–,–,–,–,–,–,–,–,399,–,546,409,556,–,69.9,–,1.36
WT,WT5X11,WT5X11,F,11.0,3.24,5.09,5,–,–,–,5.75,5.75,–,–,–,0.24,0.25,0.125,0.36,0.375,–,–,–,0.66,0.9375,–,–,1.07,–,–,0.282,7.99,–,–,–,–,21.2,6.88,3.02,1.72,1.46,5.71,3.05,1.99,1.33,–,,–,0.119,0.107,–,–,–,–,–,–,–,2.16,0.83,–,–,–,–,–,–,–,–,–,–,–,–,–,–,–,–,15.5,–,21.3,15.9,21.7,–,2.75,–,WT125X16.35,WT125X16.35,16.4,2090,129,127,–,–,–,146,146,–,–,–,6.1,6.35,3.18,9.14,9.52,–,–,–,16.8,23.8,–,–,27.2,–,–,7.16,7.99,–,–,–,–,21.2,2.86,49.5,28.2,37.1,2.38,50.0,32.6,33.8,–,–,–,49.5,0.0287,–,–,–,–,–,–,–,54.9,0.83,–,–,–,–,–,–,–,–,–,–,–,–,–,–,–,–,394,–,541,404,551,–,69.9,–,1.33
WT,WT5X9.5,WT5X9.5,F,9.5,2.81,5.12,5,–,–,–,4.02,4,–,–,–,0.25,0.25,0.125,0.395,0.375,–,–,–,0.695,0.9375,–,–,1.28,–,–,0.349,5.09,–,–,–,–,20.5,6.68,3.1,1.74,1.54,2.15,1.67,1.07,0.874,–,,–,0.116,0.0796,–,–,–,–,–,–,–,2.08,0.729,–,–,–,–,–,–,–,–,–,–,–,–,–,–,–,–,13.9,–,17.9,14.3,18.3,–,2.25,–,WT125X14.2,WT125X14.2,14.2,1810,130,127,–,–,–,102,102,–,–,–,6.35,6.35,3.18,10,9.52,–,–,–,17.7,23.8,–,–,32.5,–,–,8.86,5.09,–,–,–,–,20.5,2.78,50.8,28.5,39.1,0.895,27.4,17.5,22.2,–,–,–,48.3,0.0214,–,–,–,–,–,–,–,52.8,0.729,–,–,–,–,–,–,–,–,–,–,–,–,–,–,–,–,353,–,455,363,465,–,57.2,–,0.874
WT,WT5X8.5,WT5X8.5,F,8.5,2.5,5.06,5,–,–,–,4.01,4,–,–,–,0.24,0.25,0.125,0.33,0.3125,–,–,–,0.63,0.875,–,–,1.32,–,–,0.311,6.08,–,–,–,–,21.1,6.06,2.9,1.62,1.56,1.78,1.4,0.887,0.844,–,,–,0.0776,0.061,–,–,–,–,–,–,–,2.11,0.703,–,–,–,–,–,–,–,–,–,–,–,–,–,–,–,–,13.8,–,17.8,14.1,18.1,–,2.25,–,WT125X12.65,WT125X12.65,12.7,1610,129,127,–,–,–,102,102,–,–,–,6.1,6.35,3.18,8.38,7.94,–,–,–,16,22.2,–,–,33.5,–,–,7.9,6.08,–,–,–,–,21.1,2.52,47.5,26.5,39.6,0.741,22.9,14.5,21.4,–,–,–,32.3,0.0164,–,–,–,–,–,–,–,53.6,0.703,–,–,–,–,–,–,–,–,–,–,–,–,–,–,–,–,351,–,452,358,460,–,57.2,–,0.844
WT,WT5X7.5,WT5X7.5,F,7.5,2.21,5,5,–,–,–,4,4,–,–,–,0.23,0.25,0.125,0.27,0.25,–,–,–,0.57,0.8125,–,–,1.37,–,–,0.305,7.41,–,–,–,–,21.7,5.45,2.71,1.5,1.57,1.45,1.15,0.723,0.81,–,,–,0.0518,0.0475,–,–,–,–,–,–,–,2.16,0.672,–,–,–,–,–,–,–,–,–,–,–,–,–,–,–,–,13.6,–,17.6,14,18,–,2.25,–,WT125X11.15,WT125X11.15,11.2,1430,127,127,–,–,–,102,102,–,–,–,5.84,6.35,3.18,6.86,6.35,–,–,–,14.5,20.6,–,–,34.8,–,–,7.75,7.41,–,–,–,–,21.7,2.27,44.4,24.6,39.9,0.604,18.8,11.8,20.6,–,–,–,21.6,0.0128,–,–,–,–,–,–,–,54.9,0.672,–,–,–,–,–,–,–,–,–,–,–,–,–,–,–,–,345,–,447,356,457,–,57.2,–,0.81
WT,WT5X6,WT5X6,F,6.0,1.77,4.94,4.875,–,–,–,3.96,4,–,–,–,0.19,0.1875,0.125,0.21,0.1875,–,–,–,0.51,0.75,–,–,1.36,–,–,0.322,9.43,–,–,–,–,26,4.35,2.2,1.22,1.57,1.09,0.869,0.551,0.785,–,,–,0.0272,0.0255,–,–,–,–,–,–,–,2.16,0.661,–,–,–,–,–,–,–,–,–,–,–,–,–,–,–,–,13.5,–,17.4,13.8,17.8,–,2.25,–,WT125X8.95,WT125X8.95,8.95,1140,125,124,–,–,–,101,102,–,–,–,4.83,4.76,3.18,5.33,4.76,–,–,–,13,19.1,–,–,34.5,–,–,8.18,9.43,–,–,–,–,26,1.81,36.1,20.0,39.9,0.454,14.2,9.03,19.9,–,–,–,11.3,0.00685,–,–,–,–,–,–,–,54.9,0.661,–,–,–,–,–,–,–,–,–,–,–,–,–,–,–,–,343,–,442,351,452,–,57.2,–,0.785
WT,WT4X33.5,WT4X33.5,F,33.5,9.84,4.5,4.5,–,–,–,8.28,8.25,–,–,–,0.57,0.5625,0.3125,0.935,0.9375,–,–,–,1.33,1.625,–,–,0.936,–,–,0.594,4.43,–,–,–,–,7.89,10.9,6.29,3.05,1.05,44.3,16.3,10.7,2.12,–,,–,2.51,3.56,–,–,–,–,–,–,–,2.41,0.962,–,–,–,–,–,–,–,–,–,–,–,–,–,–,–,–,16.8,–,25,17.3,25.6,–,5.5,–,WT100X50,WT100X50,50.0,6350,114,114,–,–,–,210,210,–,–,–,14.5,14.3,7.94,23.7,23.8,–,–,–,33.8,41.3,–,–,23.8,–,–,15.1,4.43,–,–,–,–,7.89,4.54,103.0,50.0,26.7,18.4,267.0,175.0,53.8,–,–,–,1040,0.956,–,–,–,–,–,–,–,61.2,0.962,–,–,–,–,–,–,–,–,–,–,–,–,–,–,–,–,427,–,635,439,650,–,140,–,1.05
WT,WT4X29,WT4X29,F,29.0,8.54,4.38,4.375,–,–,–,8.22,8.25,–,–,–,0.51,0.5,0.25,0.81,0.8125,–,–,–,1.2,1.5,–,–,0.874,–,–,0.52,5.07,–,–,–,–,8.59,9.12,5.25,2.61,1.03,37.5,13.9,9.13,2.1,–,,–,1.66,2.28,–,–,–,–,–,–,–,2.38,0.961,–,–,–,–,–,–,–,–,–,–,–,–,–,–,–,–,16.5,–,24.7,17,25.2,–,5.5,–,WT100X43,WT100X43,43.0,5510,111,111,–,–,–,209,210,–,–,–,13,12.7,6.35,20.6,20.6,–,–,–,30.5,38.1,–,–,22.2,–,–,13.2,5.07,–,–,–,–,8.59,3.8,86.0,42.8,26.2,15.6,228.0,150.0,53.3,–,–,–,691,0.612,–,–,–,–,–,–,–,60.5,0.961,–,–,–,–,–,–,–,–,–,–,–,–,–,–,–,–,419,–,627,432,640,–,140,–,1.03
WT,WT4X24,WT4X24,F,24.0,7.05,4.25,4.25,–,–,–,8.11,8.125,–,–,–,0.4,0.375,0.1875,0.685,0.6875,–,–,–,1.08,1.375,–,–,0.777,–,–,0.435,5.92,–,–,–,–,10.6,6.85,3.94,1.97,0.986,30.5,11.4,7.51,2.08,–,,–,0.977,1.3,–,–,–,–,–,–,–,2.34,0.966,–,–,–,–,–,–,–,–,–,–,–,–,–,–,–,–,16.1,–,24.2,16.6,24.7,–,5.5,–,WT100X35.5,WT100X35.5,35.5,4550,108,108,–,–,–,206,206,–,–,–,10.2,9.52,4.76,17.4,17.5,–,–,–,27.4,34.9,–,–,19.7,–,–,11,5.92,–,–,–,–,10.6,2.85,64.6,32.3,25.0,12.7,187.0,123.0,52.8,–,–,–,407,0.349,–,–,–,–,–,–,–,59.4,0.966,–,–,–,–,–,–,–,–,–,–,–,–,–,–,–,–,409,–,615,422,627,–,140,–,0.986
WT,WT4X20,WT4X20,F,20.0,5.87,4.13,4.125,–,–,–,8.07,8.125,–,–,–,0.36,0.375,0.1875,0.56,0.5625,–,–,–,0.954,1.25,–,–,0.735,–,–,0.364,7.21,–,–,–,–,11.5,5.73,3.25,1.69,0.988,24.5,9.24,6.08,2.04,–,,–,0.558,0.715,–,–,–,–,–,–,–,2.32,0.961,–,–,–,–,–,–,–,–,–,–,–,–,–,–,–,–,15.8,–,23.9,16.3,24.4,–,5.5,–,WT100X29.5,WT100X29.5,29.5,3790,105,105,–,–,–,205,206,–,–,–,9.14,9.52,4.76,14.2,14.3,–,–,–,24.2,31.8,–,–,18.7,–,–,9.25,7.21,–,–,–,–,11.5,2.39,53.3,27.7,25.1,10.2,151.0,99.6,51.8,–,–,–,232,0.192,–,–,–,–,–,–,–,58.9,0.961,–,–,–,–,–,–,–,–,–,–,–,–,–,–,–,–,401,–,607,414,620,–,140,–,0.988
WT,WT4X17.5,WT4X17.5,F,17.5,5.14,4.06,4,–,–,–,8.02,8,–,–,–,0.31,0.3125,0.1875,0.495,0.5,–,–,–,0.889,1.1875,–,–,0.688,–,–,0.321,8.1,–,–,–,–,13.1,4.82,2.71,1.43,0.968,21.3,8.05,5.31,2.03,–,,–,0.384,0.48,–,–,–,–,–,–,–,2.3,0.963,–,–,–,–,–,–,–,–,–,–,–,–,–,–,–,–,15.6,–,23.6,16.1,24.2,–,5.5,–,WT100X26,WT100X26,26.0,3320,103,102,–,–,–,204,203,–,–,–,7.87,7.94,4.76,12.6,12.7,–,–,–,22.6,30.2,–,–,17.5,–,–,8.15,8.1,–,–,–,–,13.1,2.01,44.4,23.4,24.6,8.87,132.0,87.0,51.6,–,–,–,160,0.129,–,–,–,–,–,–,–,58.4,0.963,–,–,–,–,–,–,–,–,–,–,–,–,–,–,–,–,396,–,599,409,615,–,140,–,0.968
WT,WT4X15.5,WT4X15.5,F,15.5,4.56,4,4,–,–,–,8,8,–,–,–,0.285,0.3125,0.1875,0.435,0.4375,–,–,–,0.829,1.125,–,–,0.668,–,–,0.285,9.19,–,–,–,–,14,4.28,2.39,1.28,0.969,18.5,7.03,4.64,2.02,–,,–,0.267,0.327,–,–,–,–,–,–,–,2.28,0.961,–,–,–,–,–,–,–,–,–,–,–,–,–,–,–,–,15.5,–,23.5,16,24,–,5.5,–,WT100X23.05,WT100X23.05,23.1,2940,102,102,–,–,–,203,203,–,–,–,7.24,7.94,4.76,11,11.1,–,–,–,21.1,28.6,–,–,17,–,–,7.24,9.19,–,–,–,–,14,1.78,39.2,21.0,24.6,7.7,115.0,76.0,51.3,–,–,–,111,0.0878,–,–,–,–,–,–,–,57.9,0.961,–,–,–,–,–,–,–,–,–,–,–,–,–,–,–,–,394,–,597,406,610,–,140,–,0.969
WT,WT4X14,WT4X14,F,14.0,4.12,4.03,4,–,–,–,6.54,6.5,–,–,–,0.285,0.3125,0.1875,0.465,0.4375,–,–,–,0.859,0.9375,–,–,0.734,–,–,0.315,7.03,–,–,–,–,14.1,4.23,2.38,1.28,1.01,10.8,5.04,3.31,1.62,–,,–,0.268,0.23,–,–,–,–,–,–,–,1.98,0.935,–,–,–,–,–,–,–,–,–,–,–,–,–,–,–,–,14.2,–,20.8,14.600000000000001,21.1,–,4,–,WT100X20.85,WT100X20.85,20.9,2660,102,102,–,–,–,166,165,–,–,–,7.24,7.94,4.76,11.8,11.1,–,–,–,21.8,23.8,–,–,18.6,–,–,8,7.03,–,–,–,–,14.1,1.76,39.0,21.0,25.7,4.5,82.6,54.2,41.1,–,–,–,112,0.0618,–,–,–,–,–,–,–,50.3,0.935,–,–,–,–,–,–,–,–,–,–,–,–,–,–,–,–,361,–,528,371,536,–,102,–,1.01
WT,WT4X12,WT4X12,F,12.0,3.54,3.97,3.875,–,–,–,6.5,6.5,–,–,–,0.245,0.25,0.125,0.4,0.375,–,–,–,0.794,0.875,–,–,0.695,–,–,0.272,8.12,–,–,–,–,16.2,3.53,1.98,1.08,0.999,9.14,4.28,2.81,1.61,–,,–,0.173,0.144,–,–,–,–,–,–,–,1.96,0.936,–,–,–,–,–,–,–,–,–,–,–,–,–,–,–,–,14.1,–,20.6,14.4,20.9,–,4,–,WT100X17.95,WT100X17.95,18.0,2280,101,98.4,–,–,–,165,165,–,–,–,6.22,6.35,3.18,10.2,9.52,–,–,–,20.2,22.2,–,–,17.7,–,–,6.91,8.12,–,–,–,–,16.2,1.47,32.4,17.7,25.4,3.8,70.1,46.0,40.9,–,–,–,72,0.0387,–,–,–,–,–,–,–,49.8,0.936,–,–,–,–,–,–,–,–,–,–,–,–,–,–,–,–,358,–,523,366,531,–,102,–,0.999
WT,WT4X10.5,WT4X10.5,F,10.5,3.08,4.14,4.125,–,–,–,5.27,5.25,–,–,–,0.25,0.25,0.125,0.4,0.375,–,–,–,0.7,0.875,–,–,0.831,–,–,0.292,6.59,–,–,–,–,16.6,3.9,2.11,1.18,1.12,4.88,2.84,1.85,1.26,–,,–,0.141,0.0916,–,–,–,–,–,–,–,1.8,0.877,–,–,–,–,–,–,–,–,–,–,–,–,–,–,–,–,13.2,–,18.5,13.6,18.8,–,2.75,–,WT100X15.65,WT100X15.65,15.7,1990,105,105,–,–,–,134,133,–,–,–,6.35,6.35,3.18,10.2,9.52,–,–,–,17.8,22.2,–,–,21.1,–,–,7.42,6.59,–,–,–,–,16.6,1.62,34.6,19.3,28.4,2.03,46.5,30.3,32.0,–,–,–,58.7,0.0246,–,–,–,–,–,–,–,45.7,0.877,–,–,–,–,–,–,–,–,–,–,–,–,–,–,–,–,335,–,470,345,478,–,69.9,–,1.12
WT,WT4X9,WT4X9,F,9.0,2.63,4.07,4,–,–,–,5.25,5.25,–,–,–,0.23,0.25,0.125,0.33,0.3125,–,–,–,0.63,0.8125,–,–,0.834,–,–,0.251,7.95,–,–,–,–,17.7,3.41,1.86,1.05,1.14,3.98,2.33,1.52,1.23,–,,–,0.0855,0.0562,–,–,–,–,–,–,–,1.8,0.863,–,–,–,–,–,–,–,–,–,–,–,–,–,–,–,–,13.1,–,18.3,13.4,18.6,–,2.75,–,WT100X13.3,WT100X13.3,13.3,1700,103,102,–,–,–,133,133,–,–,–,5.84,6.35,3.18,8.38,7.94,–,–,–,16,20.6,–,–,21.2,–,–,6.38,7.95,–,–,–,–,17.7,1.42,30.5,17.2,29.0,1.66,38.2,24.9,31.2,–,–,–,35.6,0.0151,–,–,–,–,–,–,–,45.7,0.863,–,–,–,–,–,–,–,–,–,–,–,–,–,–,–,–,333,–,465,340,472,–,69.9,–,1.14
WT,WT4X7.5,WT4X7.5,F,7.5,2.22,4.06,4,–,–,–,4.02,4,–,–,–,0.245,0.25,0.125,0.315,0.3125,–,–,–,0.615,0.8125,–,–,0.998,–,–,0.276,6.37,–,–,–,–,16.6,3.28,1.91,1.07,1.22,1.7,1.33,0.849,0.876,–,,–,0.0679,0.0382,–,–,–,–,–,–,–,1.72,0.76,–,–,–,–,–,–,–,–,–,–,–,–,–,–,–,–,11.8,–,15.8,12.1,16.2,–,2.25,–,WT100X11.25,WT100X11.25,11.3,1430,103,102,–,–,–,102,102,–,–,–,6.22,6.35,3.18,8,7.94,–,–,–,15.6,20.6,–,–,25.3,–,–,7.01,6.37,–,–,–,–,16.6,1.37,31.3,17.5,31.0,0.708,21.8,13.9,22.3,–,–,–,28.3,0.0103,–,–,–,–,–,–,–,43.7,0.76,–,–,–,–,–,–,–,–,–,–,–,–,–,–,–,–,300,–,401,307,411,–,57.2,–,0.876
WT,WT4X6.5,WT4X6.5,F,6.5,1.92,4,4,–,–,–,4,4,–,–,–,0.23,0.25,0.125,0.255,0.25,–,–,–,0.555,0.75,–,–,1.03,–,–,0.24,7.84,–,–,–,–,17.4,2.89,1.74,0.974,1.23,1.36,1.07,0.682,0.843,–,,–,0.0433,0.0269,–,–,–,–,–,–,–,1.74,0.733,–,–,–,–,–,–,–,–,–,–,–,–,–,–,–,–,11.7,–,15.7,12,16,–,2.25,–,WT100X9.65,WT100X9.65,9.65,1240,102,102,–,–,–,102,102,–,–,–,5.84,6.35,3.18,6.48,6.35,–,–,–,14.1,19.1,–,–,26.2,–,–,6.1,7.84,–,–,–,–,17.4,1.2,28.5,16.0,31.2,0.566,17.5,11.2,21.4,–,–,–,18,0.00722,–,–,–,–,–,–,–,44.2,0.733,–,–,–,–,–,–,–,–,–,–,–,–,–,–,–,–,297,–,399,305,406,–,57.2,–,0.843
WT,WT4X5,WT4X5,F,5.0,1.48,3.95,3.875,–,–,–,3.94,4,–,–,–,0.17,0.1875,0.125,0.205,0.1875,–,–,–,0.505,0.6875,–,–,0.953,–,–,0.188,9.61,–,–,–,–,23.2,2.15,1.27,0.717,1.2,1.05,0.826,0.531,0.84,–,,–,0.0212,0.0114,–,–,–,–,–,–,–,1.7,0.749,–,–,–,–,–,–,–,–,–,–,–,–,–,–,–,–,11.5,–,15.4,11.8,15.8,–,2.25,–,WT100X7.5,WT100X7.5,7.5,955,100,98.4,–,–,–,100,102,–,–,–,4.32,4.76,3.18,5.21,4.76,–,–,–,12.8,17.5,–,–,24.2,–,–,4.78,9.61,–,–,–,–,23.2,0.895,20.8,11.7,30.5,0.437,13.5,8.7,21.3,–,–,–,8.82,0.00306,–,–,–,–,–,–,–,43.2,0.749,–,–,–,–,–,–,–,–,–,–,–,–,–,–,–,–,292,–,391,300,401,–,57.2,–,0.84
WT,WT3X12.5,WT3X12.5,F,12.5,3.67,3.19,3.125,–,–,–,6.08,6.125,–,–,–,0.32,0.3125,0.1875,0.455,0.4375,–,–,–,0.705,0.9375,–,–,0.61,–,–,0.302,6.68,–,–,–,–,10,2.29,1.68,0.886,0.789,8.53,4.28,2.81,1.52,–,,–,0.229,0.171,–,–,–,–,–,–,–,1.76,0.953,–,–,–,–,–,–,–,–,–,–,–,–,–,–,–,–,12.1,–,18.2,12.5,18.5,–,3.5,–,WT75X18.55,WT75X18.55,18.6,2370,81,79.4,–,–,–,154,156,–,–,–,8.13,7.94,4.76,11.6,11.1,–,–,–,17.9,23.8,–,–,15.5,–,–,7.67,6.68,–,–,–,–,10,0.953,27.5,14.5,20.0,3.55,70.1,46.0,38.6,–,–,–,95.3,0.0459,–,–,–,–,–,–,–,44.7,0.953,–,–,–,–,–,–,–,–,–,–,–,–,–,–,–,–,307,–,462,318,470,–,88.9,–,0.789
WT,WT3X10,WT3X10,F,10.0,2.94,3.1,3,–,–,–,6.02,6,–,–,–,0.26,0.25,0.125,0.365,0.375,–,–,–,0.615,0.875,–,–,0.56,–,–,0.244,8.25,–,–,–,–,11.9,1.76,1.29,0.693,0.774,6.64,3.36,2.21,1.5,–,,–,0.12,0.0858,–,–,–,–,–,–,–,1.73,0.953,–,–,–,–,–,–,–,–,–,–,–,–,–,–,–,–,11.9,–,17.9,12.2,18.2,–,3.5,–,WT75X14.9,WT75X14.9,14.9,1900,78.7,76.2,–,–,–,153,152,–,–,–,6.6,6.35,3.18,9.27,9.52,–,–,–,15.6,22.2,–,–,14.2,–,–,6.2,8.25,–,–,–,–,11.9,0.733,21.1,11.4,19.7,2.76,55.1,36.2,38.1,–,–,–,49.9,0.023,–,–,–,–,–,–,–,43.9,0.953,–,–,–,–,–,–,–,–,–,–,–,–,–,–,–,–,302,–,455,310,462,–,88.9,–,0.774
WT,WT3X7.5,WT3X7.5,F,7.5,2.21,3,3,–,–,–,5.99,6,–,–,–,0.23,0.25,0.125,0.26,0.25,–,–,–,0.51,0.75,–,–,0.558,–,–,0.185,11.5,–,–,–,–,13,1.41,1.03,0.577,0.797,4.66,2.37,1.56,1.45,–,,–,0.0504,0.0342,–,–,–,–,–,–,–,1.71,0.937,–,–,–,–,–,–,–,–,–,–,–,–,–,–,–,–,11.7,–,17.6,12,18,–,3.5,–,WT75X11.25,WT75X11.25,11.3,1430,76.2,76.2,–,–,–,152,152,–,–,–,5.84,6.35,3.18,6.6,6.35,–,–,–,13,19.1,–,–,14.2,–,–,4.7,11.5,–,–,–,–,13,0.587,16.9,9.46,20.2,1.94,38.8,25.6,36.8,–,–,–,21,0.00918,–,–,–,–,–,–,–,43.4,0.937,–,–,–,–,–,–,–,–,–,–,–,–,–,–,–,–,297,–,447,305,457,–,88.9,–,0.797
WT,WT3X8,WT3X8,F,8.0,2.37,3.14,3.125,–,–,–,4.03,4,–,–,–,0.26,0.25,0.125,0.405,0.375,–,–,–,0.655,0.875,–,–,0.676,–,–,0.294,4.98,–,–,–,–,12.1,1.69,1.25,0.685,0.844,2.21,1.69,1.1,0.966,–,,–,0.111,0.0426,–,–,–,–,–,–,–,1.37,0.88,–,–,–,–,–,–,–,–,–,–,–,–,–,–,–,–,10,–,14,10.3,14.3,–,2.25,–,WT75X12,WT75X12,12.0,1530,79.8,79.4,–,–,–,102,102,–,–,–,6.6,6.35,3.18,10.3,9.52,–,–,–,16.6,22.2,–,–,17.2,–,–,7.47,4.98,–,–,–,–,12.1,0.703,20.5,11.2,21.4,0.92,27.7,18.0,24.5,–,–,–,46.2,0.0114,–,–,–,–,–,–,–,34.8,0.88,–,–,–,–,–,–,–,–,–,–,–,–,–,–,–,–,254,–,356,262,363,–,57.2,–,0.844
WT,WT3X6,WT3X6,F,6.0,1.78,3.02,3,–,–,–,4,4,–,–,–,0.23,0.25,0.125,0.28,0.25,–,–,–,0.53,0.75,–,–,0.677,–,–,0.222,7.14,–,–,–,–,13.1,1.32,1.01,0.564,0.862,1.5,1.16,0.748,0.918,–,,–,0.0449,0.0178,–,–,–,–,–,–,–,1.37,0.846,–,–,–,–,–,–,–,–,–,–,–,–,–,–,–,–,9.7,–,13.7,10,14,–,2.25,–,WT75X9,WT75X9,9.0,1150,76.7,76.2,–,–,–,102,102,–,–,–,5.84,6.35,3.18,7.11,6.35,–,–,–,13.5,19.1,–,–,17.2,–,–,5.64,7.14,–,–,–,–,13.1,0.549,16.6,9.24,21.9,0.624,19.0,12.3,23.3,–,–,–,18.7,0.00478,–,–,–,–,–,–,–,34.8,0.846,–,–,–,–,–,–,–,–,–,–,–,–,–,–,–,–,246,–,348,254,356,–,57.2,–,0.862
WT,WT3X4.5,WT3X4.5,F,4.5,1.34,2.95,2.875,–,–,–,3.94,4,–,–,–,0.17,0.1875,0.125,0.215,0.1875,–,–,–,0.465,0.6875,–,–,0.623,–,–,0.17,9.16,–,–,–,–,17.4,0.95,0.72,0.408,0.842,1.1,0.856,0.557,0.905,–,,–,0.0202,0.00736,–,–,–,–,–,–,–,1.34,0.852,–,–,–,–,–,–,–,–,–,–,–,–,–,–,–,–,9.5,–,13.4,9.840000000000002,13.8,–,2.25,–,WT75X6.75,WT75X6.75,6.75,865,74.9,73,–,–,–,100,102,–,–,–,4.32,4.76,3.18,5.46,4.76,–,–,–,11.8,17.5,–,–,15.8,–,–,4.32,9.16,–,–,–,–,17.4,0.395,11.8,6.69,21.4,0.458,14.0,9.13,23.0,–,–,–,8.41,0.00198,–,–,–,–,–,–,–,34,0.852,–,–,–,–,–,–,–,–,–,–,–,–,–,–,–,–,241,–,340,250,351,–,57.2,–,0.842
WT,WT3X4.25,WT3X4.25,F,4.25,1.26,2.92,2.875,–,–,–,3.94,4,–,–,–,0.17,0.1875,0.125,0.195,0.1875,–,–,–,0.445,0.6875,–,–,0.637,–,–,0.16,10.1,–,–,–,–,17.2,0.905,0.7,0.397,0.848,0.995,0.778,0.505,0.89,–,,–,0.0166,0.0062,–,–,–,–,–,–,–,1.34,0.839,–,–,–,–,–,–,–,–,–,–,–,–,–,–,–,–,9.44,–,13.4,9.78,13.7,–,2.25,–,WT75X6.5,WT75X6.5,6.5,813,74.2,73,–,–,–,100,102,–,–,–,4.32,4.76,3.18,4.95,4.76,–,–,–,11.3,17.5,–,–,16.2,–,–,4.06,10.1,–,–,–,–,17.2,0.377,11.5,6.51,21.5,0.414,12.7,8.28,22.6,–,–,–,6.91,0.00166,–,–,–,–,–,–,–,34,0.839,–,–,–,–,–,–,–,–,–,–,–,–,–,–,–,–,240,–,340,248,348,–,57.2,–,0.848
WT,WT2.5X9.5,WT2.5X9.5,F,9.5,2.78,2.58,2.5,–,–,–,5.03,5,–,–,–,0.27,0.25,0.125,0.43,0.4375,–,–,–,0.73,0.8125,–,–,0.487,–,–,0.276,5.85,–,–,–,–,9.56,1.01,0.97,0.485,0.604,4.56,2.76,1.81,1.28,–,,–,0.157,0.0775,–,–,–,–,–,–,–,1.44,0.964,–,–,–,–,–,–,–,–,–,–,–,–,–,–,–,–,9.93,–,15,10.2,15.2,–,2.75,–,WT65X14.05,WT65X14.05,14.1,1790,65.5,63.5,–,–,–,128,127,–,–,–,6.86,6.35,3.18,10.9,11.1,–,–,–,18.5,20.6,–,–,12.4,–,–,7.01,5.85,–,–,–,–,9.56,0.42,15.9,7.95,15.3,1.9,45.2,29.7,32.5,–,–,–,65.3,0.0208,–,–,–,–,–,–,–,36.6,0.964,–,–,–,–,–,–,–,–,–,–,–,–,–,–,–,–,252,–,381,259,386,–,69.9,–,0.604
WT,WT2.5X8,WT2.5X8,F,8.0,2.35,2.51,2.5,–,–,–,5,5,–,–,–,0.24,0.25,0.125,0.36,0.375,–,–,–,0.66,0.75,–,–,0.458,–,–,0.235,6.94,–,–,–,–,10.5,0.845,0.801,0.413,0.599,3.75,2.28,1.5,1.26,–,,–,0.0958,0.0453,–,–,–,–,–,–,–,1.43,0.962,–,–,–,–,–,–,–,–,–,–,–,–,–,–,–,–,9.76,–,14.8,10,15,–,2.75,–,WT65X11.9,WT65X11.9,11.9,1520,63.8,63.5,–,–,–,127,127,–,–,–,6.1,6.35,3.18,9.14,9.52,–,–,–,16.8,19.1,–,–,11.6,–,–,5.97,6.94,–,–,–,–,10.5,0.352,13.1,6.77,15.2,1.56,37.4,24.6,32.0,–,–,–,39.9,0.0122,–,–,–,–,–,–,–,36.3,0.962,–,–,–,–,–,–,–,–,–,–,–,–,–,–,–,–,248,–,376,254,381,–,69.9,–,0.599
WT,WT2X6.5,WT2X6.5,F,6.5,1.91,2.08,2,–,–,–,4.06,4,–,–,–,0.28,0.25,0.125,0.345,0.375,–,–,–,0.595,0.75,–,–,0.44,–,–,0.236,5.88,–,–,–,–,7.43,0.526,0.616,0.321,0.524,1.93,1.46,0.95,1.0,–,,–,0.075,0.0233,–,–,–,–,–,–,–,1.16,0.947,–,–,–,–,–,–,–,–,–,–,–,–,–,–,–,–,7.95,–,12,8.219999999999999,12.3,–,2.25,–,WT50X9.65,WT50X9.65,9.65,1230,52.8,50.8,–,–,–,103,102,–,–,–,7.11,6.35,3.18,8.76,9.52,–,–,–,15.1,19.1,–,–,11.2,–,–,5.99,5.88,–,–,–,–,7.43,0.219,10.1,5.26,13.3,0.803,23.9,15.6,25.4,–,–,–,31.2,0.00626,–,–,–,–,–,–,–,29.5,0.947,–,–,–,–,–,–,–,–,–,–,–,–,–,–,–,–,202,–,305,209,312,–,57.2,–,0.524
HSS,HSS34X10X1,HSS34X10X1,–,277.07,76.2,–,–,34,31.2,–,–,–,10,7.21,–,–,–,–,–,–,–,1,0.93,–,–,–,–,–,–,–,–,–,–,7.75,–,33.6,–,9600.0,750.0,565.0,11.2,1340.0,307.0,268.0,4.19,–,,–,4040,–,555,–,–,–,–,–,–,–,–,–,–,–,–,–,–,–,–,–,–,–,–,–,–,–,–,–,–,–,–,–,–,–,–,HSS863.6X254X25.4,HSS863.6X254X25.4,412.0,49200,–,–,864,792,–,–,–,254,183,–,–,–,–,–,–,–,25.4,23.6,–,–,–,–,–,–,–,–,–,–,7.75,–,33.6,–,4000.0,12300.0,9260.0,284.0,558.0,5030.0,4390.0,106.0,–,–,–,1680000,–,9090,–,–,–,–,–,–,–,–,–,–,–,–,–,–,–,–,–,–,–,–,–,–,–,–,–,–,–,–,–,–,–,–,4.19
HSS,HSS34X10X.875,HSS34X10X7/8,–,244.88,67.3,–,–,34,31.6,–,–,–,10,7.56,–,–,–,–,–,–,–,0.875,0.814,–,–,–,–,–,–,–,–,–,–,9.29,–,38.8,–,8600.0,668.0,506.0,11.3,1210.0,274.0,242.0,4.24,–,,–,3630,–,494,–,–,–,–,–,–,–,–,–,–,–,–,–,–,–,–,–,–,–,–,–,–,–,–,–,–,–,–,–,–,–,–,HSS863.6X254X22.2,HSS863.6X254X22.2,364.0,43400,–,–,864,803,–,–,–,254,192,–,–,–,–,–,–,–,22.2,20.7,–,–,–,–,–,–,–,–,–,–,9.29,–,38.8,–,3580.0,10900.0,8290.0,287.0,504.0,4490.0,3970.0,108.0,–,–,–,1510000,–,8100,–,–,–,–,–,–,–,–,–,–,–,–,–,–,–,–,–,–,–,–,–,–,–,–,–,–,–,–,–,–,–,–,4.24
HSS,HSS34X10X.750,HSS34X10X3/4,–,212.0,58.2,–,–,34,31.9,–,–,–,10,7.91,–,–,–,–,–,–,–,0.75,0.698,–,–,–,–,–,–,–,–,–,–,11.3,–,45.7,–,7550.0,582.0,444.0,11.4,1070.0,240.0,215.0,4.29,–,,–,3190,–,431,–,–,–,–,–,–,–,–,–,–,–,–,–,–,–,–,–,–,–,–,–,–,–,–,–,–,–,–,–,–,–,–,HSS863.6X254X19.0,HSS863.6X254X19.0,315.0,37500,–,–,864,810,–,–,–,254,201,–,–,–,–,–,–,–,19.1,17.7,–,–,–,–,–,–,–,–,–,–,11.3,–,45.7,–,3140.0,9540.0,7280.0,290.0,445.0,3930.0,3520.0,109.0,–,–,–,1330000,–,7060,–,–,–,–,–,–,–,–,–,–,–,–,–,–,–,–,–,–,–,–,–,–,–,–,–,–,–,–,–,–,–,–,4.29
HSS,HSS34X10X.625,HSS34X10X5/8,–,178.41,48.9,–,–,34,32.3,–,–,–,10,8.26,–,–,–,–,–,–,–,0.625,0.581,–,–,–,–,–,–,–,–,–,–,14.2,–,55.5,–,6430.0,493.0,378.0,11.5,924.0,205.0,185.0,4.35,–,,–,2720,–,365,–,–,–,–,–,–,–,–,–,–,–,–,–,–,–,–,–,–,–,–,–,–,–,–,–,–,–,–,–,–,–,–,HSS863.6X254X15.9,HSS863.6X254X15.9,266.0,31500,–,–,864,820,–,–,–,254,210,–,–,–,–,–,–,–,15.9,14.8,–,–,–,–,–,–,–,–,–,–,14.2,–,55.5,–,2680.0,8080.0,6190.0,292.0,385.0,3360.0,3030.0,110.0,–,–,–,1130000,–,5980,–,–,–,–,–,–,–,–,–,–,–,–,–,–,–,–,–,–,–,–,–,–,–,–,–,–,–,–,–,–,–,–,4.35
HSS,HSS30X10X1,HSS30X10X1,–,249.85,68.7,–,–,30,27.2,–,–,–,10,7.21,–,–,–,–,–,–,–,1,0.93,–,–,–,–,–,–,–,–,–,–,7.75,–,29.3,–,6900.0,606.0,460.0,10.0,1180.0,273.0,237.0,4.15,–,,–,3460,–,487,–,–,–,–,–,–,–,–,–,–,–,–,–,–,–,–,–,–,–,–,–,–,–,–,–,–,–,–,–,–,–,–,HSS762X254X25.4,HSS762X254X25.4,372.0,44300,–,–,762,691,–,–,–,254,183,–,–,–,–,–,–,–,25.4,23.6,–,–,–,–,–,–,–,–,–,–,7.75,–,29.3,–,2870.0,9930.0,7540.0,254.0,491.0,4470.0,3880.0,105.0,–,–,–,1440000,–,7980,–,–,–,–,–,–,–,–,–,–,–,–,–,–,–,–,–,–,–,–,–,–,–,–,–,–,–,–,–,–,–,–,4.15
HSS,HSS30X10X.875,HSS30X10X7/8,–,221.06,60.8,–,–,30,27.6,–,–,–,10,7.56,–,–,–,–,–,–,–,0.875,0.814,–,–,–,–,–,–,–,–,–,–,9.29,–,33.9,–,6190.0,540.0,413.0,10.1,1070.0,245.0,215.0,4.2,–,,–,3110,–,434,–,–,–,–,–,–,–,–,–,–,–,–,–,–,–,–,–,–,–,–,–,–,–,–,–,–,–,–,–,–,–,–,HSS762X254X22.2,HSS762X254X22.2,329.0,39200,–,–,762,701,–,–,–,254,192,–,–,–,–,–,–,–,22.2,20.7,–,–,–,–,–,–,–,–,–,–,9.29,–,33.9,–,2580.0,8850.0,6770.0,257.0,445.0,4010.0,3520.0,107.0,–,–,–,1290000,–,7110,–,–,–,–,–,–,–,–,–,–,–,–,–,–,–,–,–,–,–,–,–,–,–,–,–,–,–,–,–,–,–,–,4.2
HSS,HSS30X10X.750,HSS30X10X3/4,–,191.58,52.6,–,–,30,27.9,–,–,–,10,7.91,–,–,–,–,–,–,–,0.75,0.698,–,–,–,–,–,–,–,–,–,–,11.3,–,40,–,5440.0,471.0,363.0,10.2,952.0,215.0,190.0,4.25,–,,–,2730,–,379,–,–,–,–,–,–,–,–,–,–,–,–,–,–,–,–,–,–,–,–,–,–,–,–,–,–,–,–,–,–,–,–,HSS762X254X19.0,HSS762X254X19.0,285.0,33900,–,–,762,709,–,–,–,254,201,–,–,–,–,–,–,–,19.1,17.7,–,–,–,–,–,–,–,–,–,–,11.3,–,40,–,2260.0,7720.0,5950.0,259.0,396.0,3520.0,3110.0,108.0,–,–,–,1140000,–,6210,–,–,–,–,–,–,–,–,–,–,–,–,–,–,–,–,–,–,–,–,–,–,–,–,–,–,–,–,–,–,–,–,4.25
HSS,HSS30X10X.625,HSS30X10X5/8,–,161.4,44.3,–,–,30,28.3,–,–,–,10,8.26,–,–,–,–,–,–,–,0.625,0.581,–,–,–,–,–,–,–,–,–,–,14.2,–,48.6,–,4640.0,400.0,310.0,10.2,820.0,183.0,164.0,4.31,–,,–,2330,–,321,–,–,–,–,–,–,–,–,–,–,–,–,–,–,–,–,–,–,–,–,–,–,–,–,–,–,–,–,–,–,–,–,HSS762X254X15.9,HSS762X254X15.9,240.0,28600,–,–,762,719,–,–,–,254,210,–,–,–,–,–,–,–,15.9,14.8,–,–,–,–,–,–,–,–,–,–,14.2,–,48.6,–,1930.0,6550.0,5080.0,259.0,341.0,3000.0,2690.0,109.0,–,–,–,970000,–,5260,–,–,–,–,–,–,–,–,–,–,–,–,–,–,–,–,–,–,–,–,–,–,–,–,–,–,–,–,–,–,–,–,4.31
HSS,HSS30X10X.500,HSS30X10X1/2,–,130.52,35.8,–,–,30,28.6,–,–,–,10,8.61,–,–,–,–,–,–,–,0.5,0.465,–,–,–,–,–,–,–,–,–,–,18.5,–,61.5,–,3810.0,326.0,254.0,10.3,679.0,149.0,136.0,4.36,–,,–,1910,–,262,–,–,–,–,–,–,–,–,–,–,–,–,–,–,–,–,–,–,–,–,–,–,–,–,–,–,–,–,–,–,–,–,HSS762X254X12.7,HSS762X254X12.7,194.0,23100,–,–,762,726,–,–,–,254,219,–,–,–,–,–,–,–,12.7,11.8,–,–,–,–,–,–,–,–,–,–,18.5,–,61.5,–,1590.0,5340.0,4160.0,262.0,283.0,2440.0,2230.0,111.0,–,–,–,795000,–,4290,–,–,–,–,–,–,–,–,–,–,–,–,–,–,–,–,–,–,–,–,–,–,–,–,–,–,–,–,–,–,–,–,4.36
HSS,HSS24X20X.750,HSS24X20X3/4,–,212.0,58.2,–,–,24,21.9,–,–,–,20,17.9,–,–,–,–,–,–,–,0.75,0.698,–,–,–,–,–,–,–,–,–,–,25.7,–,31.4,–,4960.0,489.0,413.0,9.23,3750.0,432.0,375.0,8.02,–,,–,6740,–,627,–,–,–,–,–,–,–,–,–,–,–,–,–,–,–,–,–,–,–,–,–,–,–,–,–,–,–,–,–,–,–,–,HSS609.6X508X19.0,HSS609.6X508X19.0,315.0,37500,–,–,610,556,–,–,–,508,455,–,–,–,–,–,–,–,19.1,17.7,–,–,–,–,–,–,–,–,–,–,25.7,–,31.4,–,2060.0,8010.0,6770.0,234.0,1560.0,7080.0,6150.0,204.0,–,–,–,2810000,–,10300,–,–,–,–,–,–,–,–,–,–,–,–,–,–,–,–,–,–,–,–,–,–,–,–,–,–,–,–,–,–,–,–,8.02
HSS,HSS24X20X.625,HSS24X20X5/8,–,178.41,48.9,–,–,24,22.3,–,–,–,20,18.3,–,–,–,–,–,–,–,0.625,0.581,–,–,–,–,–,–,–,–,–,–,31.4,–,38.3,–,4220.0,413.0,351.0,9.29,3190.0,365.0,319.0,8.08,–,,–,5690,–,528,–,–,–,–,–,–,–,–,–,–,–,–,–,–,–,–,–,–,–,–,–,–,–,–,–,–,–,–,–,–,–,–,HSS609.6X508X15.9,HSS609.6X508X15.9,266.0,31500,–,–,610,566,–,–,–,508,465,–,–,–,–,–,–,–,15.9,14.8,–,–,–,–,–,–,–,–,–,–,31.4,–,38.3,–,1760.0,6770.0,5750.0,236.0,1330.0,5980.0,5230.0,205.0,–,–,–,2370000,–,8650,–,–,–,–,–,–,–,–,–,–,–,–,–,–,–,–,–,–,–,–,–,–,–,–,–,–,–,–,–,–,–,–,8.08
HSS,HSS24X20X.500,HSS24X20X1/2,–,144.13,39.5,–,–,24,22.6,–,–,–,20,18.6,–,–,–,–,–,–,–,0.5,0.465,–,–,–,–,–,–,–,–,–,–,40,–,48.6,–,3450.0,336.0,287.0,9.34,2610.0,297.0,261.0,8.13,–,,–,4620,–,427,–,–,–,–,–,–,–,–,–,–,–,–,–,–,–,–,–,–,–,–,–,–,–,–,–,–,–,–,–,–,–,–,HSS609.6X508X12.7,HSS609.6X508X12.7,214.0,25500,–,–,610,574,–,–,–,508,472,–,–,–,–,–,–,–,12.7,11.8,–,–,–,–,–,–,–,–,–,–,40,–,48.6,–,1440.0,5510.0,4700.0,237.0,1090.0,4870.0,4280.0,207.0,–,–,–,1920000,–,7000,–,–,–,–,–,–,–,–,–,–,–,–,–,–,–,–,–,–,–,–,–,–,–,–,–,–,–,–,–,–,–,–,8.13
HSS,HSS24X20X.375,HSS24X20X3/8,–,109.15,29.9,–,–,24,23,–,–,–,20,19.0,–,–,–,–,–,–,–,0.375,0.349,–,–,–,–,–,–,–,–,–,–,54.3,–,65.8,–,2640.0,256.0,220.0,9.4,2000.0,226.0,200.0,8.19,–,,–,3510,–,324,–,–,–,–,–,–,–,–,–,–,–,–,–,–,–,–,–,–,–,–,–,–,–,–,–,–,–,–,–,–,–,–,HSS609.6X508X9.5,HSS609.6X508X9.5,162.0,19300,–,–,610,584,–,–,–,508,483,–,–,–,–,–,–,–,9.53,8.86,–,–,–,–,–,–,–,–,–,–,54.3,–,65.8,–,1100.0,4200.0,3610.0,239.0,832.0,3700.0,3280.0,208.0,–,–,–,1460000,–,5310,–,–,–,–,–,–,–,–,–,–,–,–,–,–,–,–,–,–,–,–,–,–,–,–,–,–,–,–,–,–,–,–,8.19
HSS,HSS24X20X.313,HSS24X20X5/16,–,91.39,25.1,–,–,24,23.1,–,–,–,20,19.1,–,–,–,–,–,–,–,0.3125,0.291,–,–,–,–,–,–,–,–,–,–,65.7,–,79.5,–,2230.0,215.0,186.0,9.43,1690.0,190.0,169.0,8.21,–,,–,2950,–,272,–,–,–,–,–,–,–,–,–,–,–,–,–,–,–,–,–,–,–,–,–,–,–,–,–,–,–,–,–,–,–,–,HSS609.6X508X7.9,HSS609.6X508X7.9,136.0,16200,–,–,610,587,–,–,–,508,485,–,–,–,–,–,–,–,7.95,7.39,–,–,–,–,–,–,–,–,–,–,65.7,–,79.5,–,928.0,3520.0,3050.0,240.0,703.0,3110.0,2770.0,209.0,–,–,–,1230000,–,4460,–,–,–,–,–,–,–,–,–,–,–,–,–,–,–,–,–,–,–,–,–,–,–,–,–,–,–,–,–,–,–,–,8.21
HSS,HSS24X18X.750,HSS24X18X3/4,–,201.79,55.4,–,–,24,21.9,–,–,–,18,15.9,–,–,–,–,–,–,–,0.75,0.698,–,–,–,–,–,–,–,–,–,–,22.8,–,31.4,–,4580.0,456.0,382.0,9.09,2940.0,375.0,327.0,7.29,–,,–,5690,–,562,–,–,–,–,–,–,–,–,–,–,–,–,–,–,–,–,–,–,–,–,–,–,–,–,–,–,–,–,–,–,–,–,HSS609.6X457.2X19.0,HSS609.6X457.2X19.0,300.0,35700,–,–,610,556,–,–,–,457,404,–,–,–,–,–,–,–,19.1,17.7,–,–,–,–,–,–,–,–,–,–,22.8,–,31.4,–,1910.0,7470.0,6260.0,231.0,1220.0,6150.0,5360.0,185.0,–,–,–,2370000,–,9210,–,–,–,–,–,–,–,–,–,–,–,–,–,–,–,–,–,–,–,–,–,–,–,–,–,–,–,–,–,–,–,–,7.29
HSS,HSS24X18X.625,HSS24X18X5/8,–,169.91,46.6,–,–,24,22.3,–,–,–,18,16.3,–,–,–,–,–,–,–,0.625,0.581,–,–,–,–,–,–,–,–,–,–,28,–,38.3,–,3900.0,386.0,325.0,9.15,2510.0,318.0,279.0,7.34,–,,–,4810,–,473,–,–,–,–,–,–,–,–,–,–,–,–,–,–,–,–,–,–,–,–,–,–,–,–,–,–,–,–,–,–,–,–,HSS609.6X457.2X15.9,HSS609.6X457.2X15.9,253.0,30100,–,–,610,566,–,–,–,457,414,–,–,–,–,–,–,–,15.9,14.8,–,–,–,–,–,–,–,–,–,–,28,–,38.3,–,1620.0,6330.0,5330.0,232.0,1040.0,5210.0,4570.0,186.0,–,–,–,2000000,–,7750,–,–,–,–,–,–,–,–,–,–,–,–,–,–,–,–,–,–,–,–,–,–,–,–,–,–,–,–,–,–,–,–,7.34
HSS,HSS24X18X.500,HSS24X18X1/2,–,137.32,37.6,–,–,24,22.6,–,–,–,18,16.6,–,–,–,–,–,–,–,0.5,0.465,–,–,–,–,–,–,–,–,–,–,35.7,–,48.6,–,3190.0,314.0,266.0,9.21,2060.0,258.0,229.0,7.39,–,,–,3910,–,383,–,–,–,–,–,–,–,–,–,–,–,–,–,–,–,–,–,–,–,–,–,–,–,–,–,–,–,–,–,–,–,–,HSS609.6X457.2X12.7,HSS609.6X457.2X12.7,204.0,24300,–,–,610,574,–,–,–,457,422,–,–,–,–,–,–,–,12.7,11.8,–,–,–,–,–,–,–,–,–,–,35.7,–,48.6,–,1330.0,5150.0,4360.0,234.0,857.0,4230.0,3750.0,188.0,–,–,–,1630000,–,6280,–,–,–,–,–,–,–,–,–,–,–,–,–,–,–,–,–,–,–,–,–,–,–,–,–,–,–,–,–,–,–,–,7.39
HSS,HSS24X18X.375,HSS24X18X3/8,–,104.04,28.5,–,–,24,23,–,–,–,18,17.0,–,–,–,–,–,–,–,0.375,0.349,–,–,–,–,–,–,–,–,–,–,48.6,–,65.8,–,2450.0,240.0,204.0,9.27,1580.0,197.0,176.0,7.45,–,,–,2970,–,291,–,–,–,–,–,–,–,–,–,–,–,–,–,–,–,–,–,–,–,–,–,–,–,–,–,–,–,–,–,–,–,–,HSS609.6X457.2X9.5,HSS609.6X457.2X9.5,155.0,18400,–,–,610,584,–,–,–,457,432,–,–,–,–,–,–,–,9.53,8.86,–,–,–,–,–,–,–,–,–,–,48.6,–,65.8,–,1020.0,3930.0,3340.0,235.0,658.0,3230.0,2880.0,189.0,–,–,–,1240000,–,4770,–,–,–,–,–,–,–,–,–,–,–,–,–,–,–,–,–,–,–,–,–,–,–,–,–,–,–,–,–,–,–,–,7.45
HSS,HSS24X18X.313,HSS24X18X5/16,–,87.14,23.9,–,–,24,23.1,–,–,–,18,17.1,–,–,–,–,–,–,–,0.3125,0.291,–,–,–,–,–,–,–,–,–,–,58.9,–,79.5,–,2060.0,201.0,172.0,9.3,1330.0,166.0,148.0,7.47,–,,–,2500,–,244,–,–,–,–,–,–,–,–,–,–,–,–,–,–,–,–,–,–,–,–,–,–,–,–,–,–,–,–,–,–,–,–,HSS609.6X457.2X7.9,HSS609.6X457.2X7.9,130.0,15400,–,–,610,587,–,–,–,457,434,–,–,–,–,–,–,–,7.95,7.39,–,–,–,–,–,–,–,–,–,–,58.9,–,79.5,–,857.0,3290.0,2820.0,236.0,554.0,2720.0,2430.0,190.0,–,–,–,1040000,–,4000,–,–,–,–,–,–,–,–,–,–,–,–,–,–,–,–,–,–,–,–,–,–,–,–,–,–,–,–,–,–,–,–,7.47
HSS,HSS24X16X.750,HSS24X16X3/4,–,191.58,52.6,–,–,24,21.9,–,–,–,16,13.9,–,–,–,–,–,–,–,0.75,0.698,–,–,–,–,–,–,–,–,–,–,19.9,–,31.4,–,4200.0,424.0,350.0,8.93,2250.0,321.0,281.0,6.53,–,,–,4680,–,496,–,–,–,–,–,–,–,–,–,–,–,–,–,–,–,–,–,–,–,–,–,–,–,–,–,–,–,–,–,–,–,–,HSS609.6X406.4X19.0,HSS609.6X406.4X19.0,285.0,33900,–,–,610,556,–,–,–,406,353,–,–,–,–,–,–,–,19.1,17.7,–,–,–,–,–,–,–,–,–,–,19.9,–,31.4,–,1750.0,6950.0,5740.0,227.0,937.0,5260.0,4600.0,166.0,–,–,–,1950000,–,8130,–,–,–,–,–,–,–,–,–,–,–,–,–,–,–,–,–,–,–,–,–,–,–,–,–,–,–,–,–,–,–,–,6.53
HSS,HSS24X16X.625,HSS24X16X5/8,–,161.4,44.3,–,–,24,22.3,–,–,–,16,14.3,–,–,–,–,–,–,–,0.625,0.581,–,–,–,–,–,–,–,–,–,–,24.5,–,38.3,–,3580.0,359.0,298.0,8.99,1920.0,272.0,240.0,6.59,–,,–,3960,–,419,–,–,–,–,–,–,–,–,–,–,–,–,–,–,–,–,–,–,–,–,–,–,–,–,–,–,–,–,–,–,–,–,HSS609.6X406.4X15.9,HSS609.6X406.4X15.9,240.0,28600,–,–,610,566,–,–,–,406,363,–,–,–,–,–,–,–,15.9,14.8,–,–,–,–,–,–,–,–,–,–,24.5,–,38.3,–,1490.0,5880.0,4880.0,228.0,799.0,4460.0,3930.0,167.0,–,–,–,1650000,–,6870,–,–,–,–,–,–,–,–,–,–,–,–,–,–,–,–,–,–,–,–,–,–,–,–,–,–,–,–,–,–,–,–,6.59
HSS,HSS24X16X.500,HSS24X16X1/2,–,130.52,35.8,–,–,24,22.6,–,–,–,16,14.6,–,–,–,–,–,–,–,0.5,0.465,–,–,–,–,–,–,–,–,–,–,31.4,–,48.6,–,2930.0,292.0,244.0,9.05,1580.0,222.0,197.0,6.64,–,,–,3220,–,340,–,–,–,–,–,–,–,–,–,–,–,–,–,–,–,–,–,–,–,–,–,–,–,–,–,–,–,–,–,–,–,–,HSS609.6X406.4X12.7,HSS609.6X406.4X12.7,194.0,23100,–,–,610,574,–,–,–,406,371,–,–,–,–,–,–,–,12.7,11.8,–,–,–,–,–,–,–,–,–,–,31.4,–,48.6,–,1220.0,4790.0,4000.0,230.0,658.0,3640.0,3230.0,169.0,–,–,–,1340000,–,5570,–,–,–,–,–,–,–,–,–,–,–,–,–,–,–,–,–,–,–,–,–,–,–,–,–,–,–,–,–,–,–,–,6.64
HSS,HSS24X16X.375,HSS24X16X3/8,–,98.94,27.1,–,–,24,23,–,–,–,16,15.0,–,–,–,–,–,–,–,0.375,0.349,–,–,–,–,–,–,–,–,–,–,42.8,–,65.8,–,2250.0,223.0,188.0,9.12,1210.0,169.0,152.0,6.69,–,,–,2460,–,258,–,–,–,–,–,–,–,–,–,–,–,–,–,–,–,–,–,–,–,–,–,–,–,–,–,–,–,–,–,–,–,–,HSS609.6X406.4X9.5,HSS609.6X406.4X9.5,147.0,17500,–,–,610,584,–,–,–,406,381,–,–,–,–,–,–,–,9.53,8.86,–,–,–,–,–,–,–,–,–,–,42.8,–,65.8,–,937.0,3650.0,3080.0,232.0,504.0,2770.0,2490.0,170.0,–,–,–,1020000,–,4230,–,–,–,–,–,–,–,–,–,–,–,–,–,–,–,–,–,–,–,–,–,–,–,–,–,–,–,–,–,–,–,–,6.69
HSS,HSS24X16X.313,HSS24X16X5/16,–,82.88,22.7,–,–,24,23.1,–,–,–,16,15.1,–,–,–,–,–,–,–,0.3125,0.291,–,–,–,–,–,–,–,–,–,–,52,–,79.5,–,1900.0,188.0,158.0,9.15,1030.0,143.0,128.0,6.72,–,,–,2070,–,217,–,–,–,–,–,–,–,–,–,–,–,–,–,–,–,–,–,–,–,–,–,–,–,–,–,–,–,–,–,–,–,–,HSS609.6X406.4X7.9,HSS609.6X406.4X7.9,123.0,14600,–,–,610,587,–,–,–,406,384,–,–,–,–,–,–,–,7.95,7.39,–,–,–,–,–,–,–,–,–,–,52,–,79.5,–,791.0,3080.0,2590.0,232.0,429.0,2340.0,2100.0,171.0,–,–,–,862000,–,3560,–,–,–,–,–,–,–,–,–,–,–,–,–,–,–,–,–,–,–,–,–,–,–,–,–,–,–,–,–,–,–,–,6.72
HSS,HSS24X14X.750,HSS24X14X3/4,–,181.37,49.8,–,–,24,21.9,–,–,–,14,11.9,–,–,–,–,–,–,–,0.75,0.698,–,–,–,–,–,–,–,–,–,–,17.1,–,31.4,–,3820.0,391.0,318.0,8.76,1660.0,270.0,237.0,5.77,–,,–,3730,–,431,–,–,–,–,–,–,–,–,–,–,–,–,–,–,–,–,–,–,–,–,–,–,–,–,–,–,–,–,–,–,–,–,HSS609.6X355.6X19.0,HSS609.6X355.6X19.0,270.0,32100,–,–,610,556,–,–,–,356,302,–,–,–,–,–,–,–,19.1,17.7,–,–,–,–,–,–,–,–,–,–,17.1,–,31.4,–,1590.0,6410.0,5210.0,223.0,691.0,4420.0,3880.0,147.0,–,–,–,1550000,–,7060,–,–,–,–,–,–,–,–,–,–,–,–,–,–,–,–,–,–,–,–,–,–,–,–,–,–,–,–,–,–,–,–,5.77
HSS,HSS24X14X.625,HSS24X14X5/8,–,152.89000000000001,41.9,–,–,24,22.3,–,–,–,14,12.3,–,–,–,–,–,–,–,0.625,0.581,–,–,–,–,–,–,–,–,–,–,21.1,–,38.3,–,3260.0,332.0,272.0,8.82,1420.0,229.0,203.0,5.82,–,,–,3170,–,364,–,–,–,–,–,–,–,–,–,–,–,–,–,–,–,–,–,–,–,–,–,–,–,–,–,–,–,–,–,–,–,–,HSS609.6X355.6X15.9,HSS609.6X355.6X15.9,228.0,27000,–,–,610,566,–,–,–,356,312,–,–,–,–,–,–,–,15.9,14.8,–,–,–,–,–,–,–,–,–,–,21.1,–,38.3,–,1360.0,5440.0,4460.0,224.0,591.0,3750.0,3330.0,148.0,–,–,–,1320000,–,5960,–,–,–,–,–,–,–,–,–,–,–,–,–,–,–,–,–,–,–,–,–,–,–,–,–,–,–,–,–,–,–,–,5.82
HSS,HSS24X14X.500,HSS24X14X1/2,–,123.71000000000001,33.9,–,–,24,22.6,–,–,–,14,12.6,–,–,–,–,–,–,–,0.5,0.465,–,–,–,–,–,–,–,–,–,–,27.1,–,48.6,–,2680.0,270.0,223.0,8.88,1170.0,187.0,167.0,5.87,–,,–,2580,–,296,–,–,–,–,–,–,–,–,–,–,–,–,–,–,–,–,–,–,–,–,–,–,–,–,–,–,–,–,–,–,–,–,HSS609.6X355.6X12.7,HSS609.6X355.6X12.7,184.0,21900,–,–,610,574,–,–,–,356,320,–,–,–,–,–,–,–,12.7,11.8,–,–,–,–,–,–,–,–,–,–,27.1,–,48.6,–,1120.0,4420.0,3650.0,226.0,487.0,3060.0,2740.0,149.0,–,–,–,1070000,–,4850,–,–,–,–,–,–,–,–,–,–,–,–,–,–,–,–,–,–,–,–,–,–,–,–,–,–,–,–,–,–,–,–,5.87
HSS,HSS24X14X.375,HSS24X14X3/8,–,93.83,25.7,–,–,24,23,–,–,–,14,13.0,–,–,–,–,–,–,–,0.375,0.349,–,–,–,–,–,–,–,–,–,–,37.1,–,65.8,–,2060.0,207.0,171.0,8.94,902.0,143.0,129.0,5.92,–,,–,1970,–,225,–,–,–,–,–,–,–,–,–,–,–,–,–,–,–,–,–,–,–,–,–,–,–,–,–,–,–,–,–,–,–,–,HSS609.6X355.6X9.5,HSS609.6X355.6X9.5,140.0,16600,–,–,610,584,–,–,–,356,330,–,–,–,–,–,–,–,9.53,8.86,–,–,–,–,–,–,–,–,–,–,37.1,–,65.8,–,857.0,3390.0,2800.0,227.0,375.0,2340.0,2110.0,150.0,–,–,–,820000,–,3690,–,–,–,–,–,–,–,–,–,–,–,–,–,–,–,–,–,–,–,–,–,–,–,–,–,–,–,–,–,–,–,–,5.92
HSS,HSS24X14X.313,HSS24X14X5/16,–,78.63,21.6,–,–,24,23.1,–,–,–,14,13.1,–,–,–,–,–,–,–,0.3125,0.291,–,–,–,–,–,–,–,–,–,–,45.1,–,79.5,–,1740.0,174.0,145.0,8.98,763.0,120.0,109.0,5.95,–,,–,1660,–,189,–,–,–,–,–,–,–,–,–,–,–,–,–,–,–,–,–,–,–,–,–,–,–,–,–,–,–,–,–,–,–,–,HSS609.6X355.6X7.9,HSS609.6X355.6X7.9,117.0,13900,–,–,610,587,–,–,–,356,333,–,–,–,–,–,–,–,7.95,7.39,–,–,–,–,–,–,–,–,–,–,45.1,–,79.5,–,724.0,2850.0,2380.0,228.0,318.0,1970.0,1790.0,151.0,–,–,–,691000,–,3100,–,–,–,–,–,–,–,–,–,–,–,–,–,–,–,–,–,–,–,–,–,–,–,–,–,–,–,–,–,–,–,–,5.95
HSS,HSS24X14X.250,HSS24X14X1/4,–,63.25,17.4,–,–,24,23.3,–,–,–,14,13.3,–,–,–,–,–,–,–,0.25,0.233,–,–,–,–,–,–,–,–,–,–,57.1,–,100,–,1410.0,140.0,117.0,9.01,619.0,97.4,88.5,5.98,–,,–,1340,–,152,–,–,–,–,–,–,–,–,–,–,–,–,–,–,–,–,–,–,–,–,–,–,–,–,–,–,–,–,–,–,–,–,HSS609.6X355.6X6.4,HSS609.6X355.6X6.4,94.1,11200,–,–,610,592,–,–,–,356,338,–,–,–,–,–,–,–,6.35,5.92,–,–,–,–,–,–,–,–,–,–,57.1,–,100,–,587.0,2290.0,1920.0,229.0,258.0,1600.0,1450.0,152.0,–,–,–,558000,–,2490,–,–,–,–,–,–,–,–,–,–,–,–,–,–,–,–,–,–,–,–,–,–,–,–,–,–,–,–,–,–,–,–,5.98
HSS,HSS24X12X1,HSS24X12X1,–,222.63,61.3,–,–,24,21.2,–,–,–,12,9.21,–,–,–,–,–,–,–,1,0.93,–,–,–,–,–,–,–,–,–,–,9.9,–,22.8,–,4340.0,459.0,362.0,8.42,1460.0,282.0,243.0,4.88,–,,–,3630,–,472,–,–,–,–,–,–,–,–,–,–,–,–,–,–,–,–,–,–,–,–,–,–,–,–,–,–,–,–,–,–,–,–,HSS609.6X304.8X25.4,HSS609.6X304.8X25.4,331.0,39500,–,–,610,538,–,–,–,305,234,–,–,–,–,–,–,–,25.4,23.6,–,–,–,–,–,–,–,–,–,–,9.9,–,22.8,–,1810.0,7520.0,5930.0,214.0,608.0,4620.0,3980.0,124.0,–,–,–,1510000,–,7730,–,–,–,–,–,–,–,–,–,–,–,–,–,–,–,–,–,–,–,–,–,–,–,–,–,–,–,–,–,–,–,–,4.88
HSS,HSS24X12X.875,HSS24X12X7/8,–,197.24,54.3,–,–,24,21.6,–,–,–,12,9.56,–,–,–,–,–,–,–,0.875,0.814,–,–,–,–,–,–,–,–,–,–,11.7,–,26.5,–,3910.0,410.0,326.0,8.49,1320.0,252.0,220.0,4.93,–,,–,3250,–,420,–,–,–,–,–,–,–,–,–,–,–,–,–,–,–,–,–,–,–,–,–,–,–,–,–,–,–,–,–,–,–,–,HSS609.6X304.8X22.2,HSS609.6X304.8X22.2,294.0,35000,–,–,610,549,–,–,–,305,243,–,–,–,–,–,–,–,22.2,20.7,–,–,–,–,–,–,–,–,–,–,11.7,–,26.5,–,1630.0,6720.0,5340.0,216.0,549.0,4130.0,3610.0,125.0,–,–,–,1350000,–,6880,–,–,–,–,–,–,–,–,–,–,–,–,–,–,–,–,–,–,–,–,–,–,–,–,–,–,–,–,–,–,–,–,4.93
HSS,HSS24X12X.750,HSS24X12X3/4,–,171.16,47.1,–,–,24,21.9,–,–,–,12,9.91,–,–,–,–,–,–,–,0.75,0.698,–,–,–,–,–,–,–,–,–,–,14.2,–,31.4,–,3440.0,359.0,287.0,8.55,1170.0,221.0,195.0,4.98,–,,–,2850,–,366,–,–,–,–,–,–,–,–,–,–,–,–,–,–,–,–,–,–,–,–,–,–,–,–,–,–,–,–,–,–,–,–,HSS609.6X304.8X19.0,HSS609.6X304.8X19.0,255.0,30400,–,–,610,556,–,–,–,305,252,–,–,–,–,–,–,–,19.1,17.7,–,–,–,–,–,–,–,–,–,–,14.2,–,31.4,–,1430.0,5880.0,4700.0,217.0,487.0,3620.0,3200.0,126.0,–,–,–,1190000,–,6000,–,–,–,–,–,–,–,–,–,–,–,–,–,–,–,–,–,–,–,–,–,–,–,–,–,–,–,–,–,–,–,–,4.98
HSS,HSS24X12X.625,HSS24X12X5/8,–,144.39,39.6,–,–,24,22.3,–,–,–,12,10.3,–,–,–,–,–,–,–,0.625,0.581,–,–,–,–,–,–,–,–,–,–,17.7,–,38.4,–,2940.0,304.0,245.0,8.62,1000.0,188.0,167.0,5.03,–,,–,2430,–,310,–,–,–,–,–,–,–,–,–,–,–,–,–,–,–,–,–,–,–,–,–,–,–,–,–,–,–,–,–,–,–,–,HSS609.6X304.8X15.9,HSS609.6X304.8X15.9,215.0,25500,–,–,610,566,–,–,–,305,262,–,–,–,–,–,–,–,15.9,14.8,–,–,–,–,–,–,–,–,–,–,17.7,–,38.4,–,1220.0,4980.0,4020.0,219.0,416.0,3080.0,2740.0,128.0,–,–,–,1010000,–,5080,–,–,–,–,–,–,–,–,–,–,–,–,–,–,–,–,–,–,–,–,–,–,–,–,–,–,–,–,–,–,–,–,5.03
HSS,HSS24X12X.500,HSS24X12X1/2,–,116.91,32.1,–,–,24,22.6,–,–,–,12,10.6,–,–,–,–,–,–,–,0.5,0.465,–,–,–,–,–,–,–,–,–,–,22.8,–,48.6,–,2420.0,248.0,202.0,8.68,829.0,154.0,138.0,5.08,–,,–,1980,–,252,–,–,–,–,–,–,–,–,–,–,–,–,–,–,–,–,–,–,–,–,–,–,–,–,–,–,–,–,–,–,–,–,HSS609.6X304.8X12.7,HSS609.6X304.8X12.7,174.0,20700,–,–,610,574,–,–,–,305,269,–,–,–,–,–,–,–,12.7,11.8,–,–,–,–,–,–,–,–,–,–,22.8,–,48.6,–,1010.0,4060.0,3310.0,220.0,345.0,2520.0,2260.0,129.0,–,–,–,824000,–,4130,–,–,–,–,–,–,–,–,–,–,–,–,–,–,–,–,–,–,–,–,–,–,–,–,–,–,–,–,–,–,–,–,5.08
HSS,HSS24X12X.375,HSS24X12X3/8,–,88.73,24.3,–,–,24,23,–,–,–,12,11.0,–,–,–,–,–,–,–,0.375,0.349,–,–,–,–,–,–,–,–,–,–,31.4,–,65.8,–,1860.0,190.0,155.0,8.75,642.0,118.0,107.0,5.14,–,,–,1520,–,192,–,–,–,–,–,–,–,–,–,–,–,–,–,–,–,–,–,–,–,–,–,–,–,–,–,–,–,–,–,–,–,–,HSS609.6X304.8X9.5,HSS609.6X304.8X9.5,132.0,15700,–,–,610,584,–,–,–,305,279,–,–,–,–,–,–,–,9.53,8.86,–,–,–,–,–,–,–,–,–,–,31.4,–,65.8,–,774.0,3110.0,2540.0,222.0,267.0,1930.0,1750.0,131.0,–,–,–,633000,–,3150,–,–,–,–,–,–,–,–,–,–,–,–,–,–,–,–,–,–,–,–,–,–,–,–,–,–,–,–,–,–,–,–,5.14
HSS,HSS24X12X.313,HSS24X12X5/16,–,74.38,20.4,–,–,24,23.1,–,–,–,12,11.1,–,–,–,–,–,–,–,0.3125,0.291,–,–,–,–,–,–,–,–,–,–,38.2,–,79.5,–,1570.0,160.0,131.0,8.78,543.0,99.4,90.6,5.16,–,,–,1280,–,161,–,–,–,–,–,–,–,–,–,–,–,–,–,–,–,–,–,–,–,–,–,–,–,–,–,–,–,–,–,–,–,–,HSS609.6X304.8X7.9,HSS609.6X304.8X7.9,111.0,13200,–,–,610,587,–,–,–,305,282,–,–,–,–,–,–,–,7.95,7.39,–,–,–,–,–,–,–,–,–,–,38.2,–,79.5,–,653.0,2620.0,2150.0,223.0,226.0,1630.0,1480.0,131.0,–,–,–,533000,–,2640,–,–,–,–,–,–,–,–,–,–,–,–,–,–,–,–,–,–,–,–,–,–,–,–,–,–,–,–,–,–,–,–,5.16
HSS,HSS24X12X.250,HSS24X12X1/4,–,59.85,16.4,–,–,24,23.3,–,–,–,12,11.3,–,–,–,–,–,–,–,0.25,0.233,–,–,–,–,–,–,–,–,–,–,48.5,–,100,–,1280.0,129.0,106.0,8.82,442.0,80.5,73.6,5.19,–,,–,1030,–,130,–,–,–,–,–,–,–,–,–,–,–,–,–,–,–,–,–,–,–,–,–,–,–,–,–,–,–,–,–,–,–,–,HSS609.6X304.8X6.4,HSS609.6X304.8X6.4,89.1,10600,–,–,610,592,–,–,–,305,287,–,–,–,–,–,–,–,6.35,5.92,–,–,–,–,–,–,–,–,–,–,48.5,–,100,–,533.0,2110.0,1740.0,224.0,184.0,1320.0,1210.0,132.0,–,–,–,429000,–,2130,–,–,–,–,–,–,–,–,–,–,–,–,–,–,–,–,–,–,–,–,–,–,–,–,–,–,–,–,–,–,–,–,5.19
HSS,HSS24X8X.500,HSS24X8X1/2,–,103.3,28.3,–,–,24,22.6,–,–,–,8,6.61,–,–,–,–,–,–,–,0.5,0.465,–,–,–,–,–,–,–,–,–,–,14.2,–,48.6,–,1900.0,205.0,159.0,8.19,336.0,93.5,84.0,3.44,–,,–,955,–,165,–,–,–,–,–,–,–,–,–,–,–,–,–,–,–,–,–,–,–,–,–,–,–,–,–,–,–,–,–,–,–,–,HSS609.6X203.2X12.7,HSS609.6X203.2X12.7,154.0,18300,–,–,610,574,–,–,–,203,168,–,–,–,–,–,–,–,12.7,11.8,–,–,–,–,–,–,–,–,–,–,14.2,–,48.6,–,791.0,3360.0,2610.0,208.0,140.0,1530.0,1380.0,87.4,–,–,–,398000,–,2700,–,–,–,–,–,–,–,–,–,–,–,–,–,–,–,–,–,–,–,–,–,–,–,–,–,–,–,–,–,–,–,–,3.44
HSS,HSS24X8X.375,HSS24X8X3/8,–,78.52,21.5,–,–,24,23,–,–,–,8,6.95,–,–,–,–,–,–,–,0.375,0.349,–,–,–,–,–,–,–,–,–,–,19.9,–,65.8,–,1470.0,157.0,123.0,8.27,263.0,72.2,65.8,3.5,–,,–,739,–,126,–,–,–,–,–,–,–,–,–,–,–,–,–,–,–,–,–,–,–,–,–,–,–,–,–,–,–,–,–,–,–,–,HSS609.6X203.2X9.5,HSS609.6X203.2X9.5,117.0,13900,–,–,610,584,–,–,–,203,177,–,–,–,–,–,–,–,9.53,8.86,–,–,–,–,–,–,–,–,–,–,19.9,–,65.8,–,612.0,2570.0,2020.0,210.0,109.0,1180.0,1080.0,88.9,–,–,–,308000,–,2060,–,–,–,–,–,–,–,–,–,–,–,–,–,–,–,–,–,–,–,–,–,–,–,–,–,–,–,–,–,–,–,–,3.5
HSS,HSS24X8X.313,HSS24X8X5/16,–,65.87,18.1,–,–,24,23.1,–,–,–,8,7.13,–,–,–,–,–,–,–,0.3125,0.291,–,–,–,–,–,–,–,–,–,–,24.5,–,79.5,–,1250.0,132.0,104.0,8.3,224.0,61.0,56.0,3.52,–,,–,625,–,106,–,–,–,–,–,–,–,–,–,–,–,–,–,–,–,–,–,–,–,–,–,–,–,–,–,–,–,–,–,–,–,–,HSS609.6X203.2X7.9,HSS609.6X203.2X7.9,98.0,11700,–,–,610,587,–,–,–,203,181,–,–,–,–,–,–,–,7.95,7.39,–,–,–,–,–,–,–,–,–,–,24.5,–,79.5,–,520.0,2160.0,1700.0,211.0,93.2,1000.0,918.0,89.4,–,–,–,260000,–,1740,–,–,–,–,–,–,–,–,–,–,–,–,–,–,–,–,–,–,–,–,–,–,–,–,–,–,–,–,–,–,–,–,3.52
HSS,HSS24X8X.250,HSS24X8X1/4,–,53.050000000000004,14.6,–,–,24,23.3,–,–,–,8,7.30,–,–,–,–,–,–,–,0.25,0.233,–,–,–,–,–,–,–,–,–,–,31.3,–,100,–,1010.0,107.0,84.4,8.34,183.0,49.5,45.8,3.55,–,,–,508,–,86,–,–,–,–,–,–,–,–,–,–,–,–,–,–,–,–,–,–,–,–,–,–,–,–,–,–,–,–,–,–,–,–,HSS609.6X203.2X6.4,HSS609.6X203.2X6.4,78.9,9420,–,–,610,592,–,–,–,203,185,–,–,–,–,–,–,–,6.35,5.92,–,–,–,–,–,–,–,–,–,–,31.3,–,100,–,420.0,1750.0,1380.0,212.0,76.2,811.0,751.0,90.2,–,–,–,211000,–,1410,–,–,–,–,–,–,–,–,–,–,–,–,–,–,–,–,–,–,–,–,–,–,–,–,–,–,–,–,–,–,–,–,3.55
HSS,HSS22X22X1,HSS22X22X1,–,277.07,76.2,–,–,22,19.2,–,–,–,22,19.2,–,–,–,–,–,–,–,1,0.93,–,–,–,–,–,–,–,–,–,–,20.7,–,20.7,–,5550.0,596.0,505.0,8.54,5550.0,596.0,505.0,8.54,–,,–,8890,–,823,–,–,–,–,–,–,–,–,–,–,–,–,–,–,–,–,–,–,–,–,–,–,–,–,–,–,–,–,–,–,–,–,HSS558.8X558.8X25.4,HSS558.8X558.8X25.4,412.0,49200,–,–,559,488,–,–,–,559,488,–,–,–,–,–,–,–,25.4,23.6,–,–,–,–,–,–,–,–,–,–,20.7,–,20.7,–,2310.0,9770.0,8280.0,217.0,2310.0,9770.0,8280.0,217.0,–,–,–,3700000,–,13500,–,–,–,–,–,–,–,–,–,–,–,–,–,–,–,–,–,–,–,–,–,–,–,–,–,–,–,–,–,–,–,–,8.54
HSS,HSS22X22X.875,HSS22X22X7/8,–,244.88,67.3,–,–,22,19.6,–,–,–,22,19.6,–,–,–,–,–,–,–,0.875,0.814,–,–,–,–,–,–,–,–,–,–,24.1,–,24.1,–,4970.0,530.0,452.0,8.59,4970.0,530.0,452.0,8.59,–,,–,7890,–,729,–,–,–,–,–,–,–,–,–,–,–,–,–,–,–,–,–,–,–,–,–,–,–,–,–,–,–,–,–,–,–,–,HSS558.8X558.8X22.2,HSS558.8X558.8X22.2,364.0,43400,–,–,559,498,–,–,–,559,498,–,–,–,–,–,–,–,22.2,20.7,–,–,–,–,–,–,–,–,–,–,24.1,–,24.1,–,2070.0,8690.0,7410.0,218.0,2070.0,8690.0,7410.0,218.0,–,–,–,3280000,–,11900,–,–,–,–,–,–,–,–,–,–,–,–,–,–,–,–,–,–,–,–,–,–,–,–,–,–,–,–,–,–,–,–,8.59
HSS,HSS22X22X.750,HSS22X22X3/4,–,212.0,58.2,–,–,22,19.9,–,–,–,22,19.9,–,–,–,–,–,–,–,0.75,0.698,–,–,–,–,–,–,–,–,–,–,28.5,–,28.5,–,4350.0,462.0,395.0,8.65,4350.0,462.0,395.0,8.65,–,,–,6860,–,632,–,–,–,–,–,–,–,–,–,–,–,–,–,–,–,–,–,–,–,–,–,–,–,–,–,–,–,–,–,–,–,–,HSS558.8X558.8X19.0,HSS558.8X558.8X19.0,315.0,37600,–,–,559,505,–,–,–,559,505,–,–,–,–,–,–,–,19.1,17.7,–,–,–,–,–,–,–,–,–,–,28.5,–,28.5,–,1810.0,7570.0,6470.0,220.0,1810.0,7570.0,6470.0,220.0,–,–,–,2860000,–,10400,–,–,–,–,–,–,–,–,–,–,–,–,–,–,–,–,–,–,–,–,–,–,–,–,–,–,–,–,–,–,–,–,8.65
HSS,HSS22X22X.625,HSS22X22X5/8,–,178.41,48.9,–,–,22,20.3,–,–,–,22,20.3,–,–,–,–,–,–,–,0.625,0.581,–,–,–,–,–,–,–,–,–,–,34.9,–,34.9,–,3710.0,390.0,337.0,8.7,3710.0,390.0,337.0,8.7,–,,–,5790,–,532,–,–,–,–,–,–,–,–,–,–,–,–,–,–,–,–,–,–,–,–,–,–,–,–,–,–,–,–,–,–,–,–,HSS558.8X558.8X15.9,HSS558.8X558.8X15.9,266.0,31500,–,–,559,516,–,–,–,559,516,–,–,–,–,–,–,–,15.9,14.8,–,–,–,–,–,–,–,–,–,–,34.9,–,34.9,–,1540.0,6390.0,5520.0,221.0,1540.0,6390.0,5520.0,221.0,–,–,–,2410000,–,8720,–,–,–,–,–,–,–,–,–,–,–,–,–,–,–,–,–,–,–,–,–,–,–,–,–,–,–,–,–,–,–,–,8.7
HSS,HSS22X22X.500,HSS22X22X1/2,–,144.13,39.5,–,–,22,20.6,–,–,–,22,20.6,–,–,–,–,–,–,–,0.5,0.465,–,–,–,–,–,–,–,–,–,–,44.3,–,44.3,–,3030.0,317.0,276.0,8.76,3030.0,317.0,276.0,8.76,–,,–,4700,–,431,–,–,–,–,–,–,–,–,–,–,–,–,–,–,–,–,–,–,–,–,–,–,–,–,–,–,–,–,–,–,–,–,HSS558.8X558.8X12.7,HSS558.8X558.8X12.7,214.0,25500,–,–,559,523,–,–,–,559,523,–,–,–,–,–,–,–,12.7,11.8,–,–,–,–,–,–,–,–,–,–,44.3,–,44.3,–,1260.0,5190.0,4520.0,223.0,1260.0,5190.0,4520.0,223.0,–,–,–,1960000,–,7060,–,–,–,–,–,–,–,–,–,–,–,–,–,–,–,–,–,–,–,–,–,–,–,–,–,–,–,–,–,–,–,–,8.76
HSS,HSS22X20X.750,HSS22X20X3/4,–,201.79,55.4,–,–,22,19.9,–,–,–,20,17.9,–,–,–,–,–,–,–,0.75,0.698,–,–,–,–,–,–,–,–,–,–,25.7,–,28.5,–,4040.0,432.0,367.0,8.54,3490.0,405.0,349.0,7.93,–,,–,5920,–,573,–,–,–,–,–,–,–,–,–,–,–,–,–,–,–,–,–,–,–,–,–,–,–,–,–,–,–,–,–,–,–,–,HSS558.8X508X19.0,HSS558.8X508X19.0,300.0,35700,–,–,559,505,–,–,–,508,455,–,–,–,–,–,–,–,19.1,17.7,–,–,–,–,–,–,–,–,–,–,25.7,–,28.5,–,1680.0,7080.0,6010.0,217.0,1450.0,6640.0,5720.0,201.0,–,–,–,2460000,–,9390,–,–,–,–,–,–,–,–,–,–,–,–,–,–,–,–,–,–,–,–,–,–,–,–,–,–,–,–,–,–,–,–,7.93
HSS,HSS22X20X.625,HSS22X20X5/8,–,169.91,46.6,–,–,22,20.3,–,–,–,20,18.3,–,–,–,–,–,–,–,0.625,0.581,–,–,–,–,–,–,–,–,–,–,31.4,–,34.9,–,3440.0,366.0,313.0,8.59,2970.0,343.0,297.0,7.99,–,,–,5000,–,483,–,–,–,–,–,–,–,–,–,–,–,–,–,–,–,–,–,–,–,–,–,–,–,–,–,–,–,–,–,–,–,–,HSS558.8X508X15.9,HSS558.8X508X15.9,253.0,30100,–,–,559,516,–,–,–,508,465,–,–,–,–,–,–,–,15.9,14.8,–,–,–,–,–,–,–,–,–,–,31.4,–,34.9,–,1430.0,6000.0,5130.0,218.0,1240.0,5620.0,4870.0,203.0,–,–,–,2080000,–,7910,–,–,–,–,–,–,–,–,–,–,–,–,–,–,–,–,–,–,–,–,–,–,–,–,–,–,–,–,–,–,–,–,7.99
HSS,HSS22X20X.500,HSS22X20X1/2,–,137.32,37.6,–,–,22,20.6,–,–,–,20,18.6,–,–,–,–,–,–,–,0.5,0.465,–,–,–,–,–,–,–,–,–,–,40,–,44.3,–,2820.0,297.0,256.0,8.65,2440.0,279.0,244.0,8.04,–,,–,4060,–,391,–,–,–,–,–,–,–,–,–,–,–,–,–,–,–,–,–,–,–,–,–,–,–,–,–,–,–,–,–,–,–,–,HSS558.8X508X12.7,HSS558.8X508X12.7,204.0,24300,–,–,559,523,–,–,–,508,472,–,–,–,–,–,–,–,12.7,11.8,–,–,–,–,–,–,–,–,–,–,40,–,44.3,–,1170.0,4870.0,4200.0,220.0,1020.0,4570.0,4000.0,204.0,–,–,–,1690000,–,6410,–,–,–,–,–,–,–,–,–,–,–,–,–,–,–,–,–,–,–,–,–,–,–,–,–,–,–,–,–,–,–,–,8.04
HSS,HSS22X20X.375,HSS22X20X3/8,–,104.04,28.5,–,–,22,21,–,–,–,20,19.0,–,–,–,–,–,–,–,0.375,0.349,–,–,–,–,–,–,–,–,–,–,54.3,–,60,–,2160.0,227.0,196.0,8.71,1870.0,213.0,187.0,8.1,–,,–,3090,–,297,–,–,–,–,–,–,–,–,–,–,–,–,–,–,–,–,–,–,–,–,–,–,–,–,–,–,–,–,–,–,–,–,HSS558.8X508X9.5,HSS558.8X508X9.5,155.0,18400,–,–,559,533,–,–,–,508,483,–,–,–,–,–,–,–,9.53,8.86,–,–,–,–,–,–,–,–,–,–,54.3,–,60,–,899.0,3720.0,3210.0,221.0,778.0,3490.0,3060.0,206.0,–,–,–,1290000,–,4870,–,–,–,–,–,–,–,–,–,–,–,–,–,–,–,–,–,–,–,–,–,–,–,–,–,–,–,–,–,–,–,–,8.1
HSS,HSS22X20X.313,HSS22X20X5/16,–,87.14,23.9,–,–,22,21.1,–,–,–,20,19.1,–,–,–,–,–,–,–,0.3125,0.291,–,–,–,–,–,–,–,–,–,–,65.7,–,72.6,–,1820.0,191.0,166.0,8.73,1580.0,179.0,158.0,8.13,–,,–,2590,–,249,–,–,–,–,–,–,–,–,–,–,–,–,–,–,–,–,–,–,–,–,–,–,–,–,–,–,–,–,–,–,–,–,HSS558.8X508X7.9,HSS558.8X508X7.9,130.0,15400,–,–,559,536,–,–,–,508,485,–,–,–,–,–,–,–,7.95,7.39,–,–,–,–,–,–,–,–,–,–,65.7,–,72.6,–,758.0,3130.0,2720.0,222.0,658.0,2930.0,2590.0,207.0,–,–,–,1080000,–,4080,–,–,–,–,–,–,–,–,–,–,–,–,–,–,–,–,–,–,–,–,–,–,–,–,–,–,–,–,–,–,–,–,8.13
HSS,HSS22X18X.750,HSS22X18X3/4,–,191.58,52.6,–,–,22,19.9,–,–,–,18,15.9,–,–,–,–,–,–,–,0.75,0.698,–,–,–,–,–,–,–,–,–,–,22.8,–,28.5,–,3720.0,402.0,338.0,8.41,2730.0,351.0,304.0,7.21,–,,–,5000,–,513,–,–,–,–,–,–,–,–,–,–,–,–,–,–,–,–,–,–,–,–,–,–,–,–,–,–,–,–,–,–,–,–,HSS558.8X457.2X19.0,HSS558.8X457.2X19.0,285.0,33900,–,–,559,505,–,–,–,457,404,–,–,–,–,–,–,–,19.1,17.7,–,–,–,–,–,–,–,–,–,–,22.8,–,28.5,–,1550.0,6590.0,5540.0,214.0,1140.0,5750.0,4980.0,183.0,–,–,–,2080000,–,8410,–,–,–,–,–,–,–,–,–,–,–,–,–,–,–,–,–,–,–,–,–,–,–,–,–,–,–,–,–,–,–,–,7.21
HSS,HSS22X18X.625,HSS22X18X5/8,–,161.4,44.3,–,–,22,20.3,–,–,–,18,16.3,–,–,–,–,–,–,–,0.625,0.581,–,–,–,–,–,–,–,–,–,–,28,–,34.9,–,3170.0,341.0,288.0,8.47,2330.0,297.0,259.0,7.26,–,,–,4230,–,433,–,–,–,–,–,–,–,–,–,–,–,–,–,–,–,–,–,–,–,–,–,–,–,–,–,–,–,–,–,–,–,–,HSS558.8X457.2X15.9,HSS558.8X457.2X15.9,240.0,28600,–,–,559,516,–,–,–,457,414,–,–,–,–,–,–,–,15.9,14.8,–,–,–,–,–,–,–,–,–,–,28,–,34.9,–,1320.0,5590.0,4720.0,215.0,970.0,4870.0,4240.0,184.0,–,–,–,1760000,–,7100,–,–,–,–,–,–,–,–,–,–,–,–,–,–,–,–,–,–,–,–,–,–,–,–,–,–,–,–,–,–,–,–,7.26
HSS,HSS22X18X.500,HSS22X18X1/2,–,130.52,35.8,–,–,22,20.6,–,–,–,18,16.6,–,–,–,–,–,–,–,0.5,0.465,–,–,–,–,–,–,–,–,–,–,35.7,–,44.3,–,2600.0,277.0,236.0,8.52,1910.0,242.0,213.0,7.31,–,,–,3440,–,351,–,–,–,–,–,–,–,–,–,–,–,–,–,–,–,–,–,–,–,–,–,–,–,–,–,–,–,–,–,–,–,–,HSS558.8X457.2X12.7,HSS558.8X457.2X12.7,194.0,23100,–,–,559,523,–,–,–,457,422,–,–,–,–,–,–,–,12.7,11.8,–,–,–,–,–,–,–,–,–,–,35.7,–,44.3,–,1080.0,4540.0,3870.0,216.0,795.0,3970.0,3490.0,186.0,–,–,–,1430000,–,5750,–,–,–,–,–,–,–,–,–,–,–,–,–,–,–,–,–,–,–,–,–,–,–,–,–,–,–,–,–,–,–,–,7.31
HSS,HSS22X18X.375,HSS22X18X3/8,–,98.94,27.1,–,–,22,21,–,–,–,18,17.0,–,–,–,–,–,–,–,0.375,0.349,–,–,–,–,–,–,–,–,–,–,48.6,–,60,–,2000.0,212.0,182.0,8.58,1470.0,185.0,164.0,7.37,–,,–,2620,–,267,–,–,–,–,–,–,–,–,–,–,–,–,–,–,–,–,–,–,–,–,–,–,–,–,–,–,–,–,–,–,–,–,HSS558.8X457.2X9.5,HSS558.8X457.2X9.5,147.0,17500,–,–,559,533,–,–,–,457,432,–,–,–,–,–,–,–,9.53,8.86,–,–,–,–,–,–,–,–,–,–,48.6,–,60,–,832.0,3470.0,2980.0,218.0,612.0,3030.0,2690.0,187.0,–,–,–,1090000,–,4380,–,–,–,–,–,–,–,–,–,–,–,–,–,–,–,–,–,–,–,–,–,–,–,–,–,–,–,–,–,–,–,–,7.37
HSS,HSS22X18X.313,HSS22X18X5/16,–,82.88,22.7,–,–,22,21.1,–,–,–,18,17.1,–,–,–,–,–,–,–,0.3125,0.291,–,–,–,–,–,–,–,–,–,–,58.9,–,72.6,–,1680.0,178.0,153.0,8.61,1240.0,156.0,138.0,7.4,–,,–,2200,–,224,–,–,–,–,–,–,–,–,–,–,–,–,–,–,–,–,–,–,–,–,–,–,–,–,–,–,–,–,–,–,–,–,HSS558.8X457.2X7.9,HSS558.8X457.2X7.9,123.0,14600,–,–,559,536,–,–,–,457,434,–,–,–,–,–,–,–,7.95,7.39,–,–,–,–,–,–,–,–,–,–,58.9,–,72.6,–,699.0,2920.0,2510.0,219.0,516.0,2560.0,2260.0,188.0,–,–,–,916000,–,3670,–,–,–,–,–,–,–,–,–,–,–,–,–,–,–,–,–,–,–,–,–,–,–,–,–,–,–,–,–,–,–,–,7.4
HSS,HSS22X16X.750,HSS22X16X3/4,–,181.37,49.8,–,–,22,19.9,–,–,–,16,13.9,–,–,–,–,–,–,–,0.75,0.698,–,–,–,–,–,–,–,–,–,–,19.9,–,28.5,–,3400.0,372.0,309.0,8.26,2080.0,300.0,260.0,6.47,–,,–,4130,–,454,–,–,–,–,–,–,–,–,–,–,–,–,–,–,–,–,–,–,–,–,–,–,–,–,–,–,–,–,–,–,–,–,HSS558.8X406.4X19.0,HSS558.8X406.4X19.0,270.0,32100,–,–,559,505,–,–,–,406,353,–,–,–,–,–,–,–,19.1,17.7,–,–,–,–,–,–,–,–,–,–,19.9,–,28.5,–,1420.0,6100.0,5060.0,210.0,866.0,4920.0,4260.0,164.0,–,–,–,1720000,–,7440,–,–,–,–,–,–,–,–,–,–,–,–,–,–,–,–,–,–,–,–,–,–,–,–,–,–,–,–,–,–,–,–,6.47
HSS,HSS22X16X.625,HSS22X16X5/8,–,152.89000000000001,41.9,–,–,22,20.3,–,–,–,16,14.3,–,–,–,–,–,–,–,0.625,0.581,–,–,–,–,–,–,–,–,–,–,24.5,–,34.9,–,2910.0,316.0,264.0,8.32,1780.0,254.0,223.0,6.52,–,,–,3500,–,383,–,–,–,–,–,–,–,–,–,–,–,–,–,–,–,–,–,–,–,–,–,–,–,–,–,–,–,–,–,–,–,–,HSS558.8X406.4X15.9,HSS558.8X406.4X15.9,228.0,27000,–,–,559,516,–,–,–,406,363,–,–,–,–,–,–,–,15.9,14.8,–,–,–,–,–,–,–,–,–,–,24.5,–,34.9,–,1210.0,5180.0,4330.0,211.0,741.0,4160.0,3650.0,166.0,–,–,–,1460000,–,6280,–,–,–,–,–,–,–,–,–,–,–,–,–,–,–,–,–,–,–,–,–,–,–,–,–,–,–,–,–,–,–,–,6.52
HSS,HSS22X16X.500,HSS22X16X1/2,–,123.71000000000001,33.9,–,–,22,20.6,–,–,–,16,14.6,–,–,–,–,–,–,–,0.5,0.465,–,–,–,–,–,–,–,–,–,–,31.4,–,44.3,–,2380.0,257.0,217.0,8.38,1470.0,207.0,183.0,6.57,–,,–,2850,–,311,–,–,–,–,–,–,–,–,–,–,–,–,–,–,–,–,–,–,–,–,–,–,–,–,–,–,–,–,–,–,–,–,HSS558.8X406.4X12.7,HSS558.8X406.4X12.7,184.0,21900,–,–,559,523,–,–,–,406,371,–,–,–,–,–,–,–,12.7,11.8,–,–,–,–,–,–,–,–,–,–,31.4,–,44.3,–,991.0,4210.0,3560.0,213.0,612.0,3390.0,3000.0,167.0,–,–,–,1190000,–,5100,–,–,–,–,–,–,–,–,–,–,–,–,–,–,–,–,–,–,–,–,–,–,–,–,–,–,–,–,–,–,–,–,6.57
HSS,HSS22X16X.375,HSS22X16X3/8,–,93.83,25.7,–,–,22,21,–,–,–,16,15.0,–,–,–,–,–,–,–,0.375,0.349,–,–,–,–,–,–,–,–,–,–,42.8,–,60,–,1830.0,197.0,167.0,8.44,1130.0,159.0,141.0,6.63,–,,–,2170,–,236,–,–,–,–,–,–,–,–,–,–,–,–,–,–,–,–,–,–,–,–,–,–,–,–,–,–,–,–,–,–,–,–,HSS558.8X406.4X9.5,HSS558.8X406.4X9.5,140.0,16600,–,–,559,533,–,–,–,406,381,–,–,–,–,–,–,–,9.53,8.86,–,–,–,–,–,–,–,–,–,–,42.8,–,60,–,762.0,3230.0,2740.0,214.0,470.0,2610.0,2310.0,168.0,–,–,–,903000,–,3870,–,–,–,–,–,–,–,–,–,–,–,–,–,–,–,–,–,–,–,–,–,–,–,–,–,–,–,–,–,–,–,–,6.63
HSS,HSS22X16X.313,HSS22X16X5/16,–,78.63,21.6,–,–,22,21.1,–,–,–,16,15.1,–,–,–,–,–,–,–,0.3125,0.291,–,–,–,–,–,–,–,–,–,–,52,–,72.6,–,1550.0,165.0,141.0,8.47,954.0,133.0,119.0,6.65,–,,–,1830,–,198,–,–,–,–,–,–,–,–,–,–,–,–,–,–,–,–,–,–,–,–,–,–,–,–,–,–,–,–,–,–,–,–,HSS558.8X406.4X7.9,HSS558.8X406.4X7.9,117.0,13900,–,–,559,536,–,–,–,406,384,–,–,–,–,–,–,–,7.95,7.39,–,–,–,–,–,–,–,–,–,–,52,–,72.6,–,645.0,2700.0,2310.0,215.0,397.0,2180.0,1950.0,169.0,–,–,–,762000,–,3240,–,–,–,–,–,–,–,–,–,–,–,–,–,–,–,–,–,–,–,–,–,–,–,–,–,–,–,–,–,–,–,–,6.65
HSS,HSS22X16X.250,HSS22X16X1/4,–,63.25,17.4,–,–,22,21.3,–,–,–,16,15.3,–,–,–,–,–,–,–,0.25,0.233,–,–,–,–,–,–,–,–,–,–,65.7,–,91.4,–,1250.0,134.0,114.0,8.5,774.0,108.0,96.7,6.68,–,,–,1470,–,160,–,–,–,–,–,–,–,–,–,–,–,–,–,–,–,–,–,–,–,–,–,–,–,–,–,–,–,–,–,–,–,–,HSS558.8X406.4X6.4,HSS558.8X406.4X6.4,94.1,11200,–,–,559,541,–,–,–,406,389,–,–,–,–,–,–,–,6.35,5.92,–,–,–,–,–,–,–,–,–,–,65.7,–,91.4,–,520.0,2200.0,1870.0,216.0,322.0,1770.0,1580.0,170.0,–,–,–,612000,–,2620,–,–,–,–,–,–,–,–,–,–,–,–,–,–,–,–,–,–,–,–,–,–,–,–,–,–,–,–,–,–,–,–,6.68
HSS,HSS22X14X.750,HSS22X14X3/4,–,171.16,47.1,–,–,22,19.9,–,–,–,14,11.9,–,–,–,–,–,–,–,0.75,0.698,–,–,–,–,–,–,–,–,–,–,17.1,–,28.5,–,3090.0,343.0,281.0,8.1,1530.0,251.0,219.0,5.71,–,,–,3300,–,394,–,–,–,–,–,–,–,–,–,–,–,–,–,–,–,–,–,–,–,–,–,–,–,–,–,–,–,–,–,–,–,–,HSS558.8X355.6X19.0,HSS558.8X355.6X19.0,255.0,30400,–,–,559,505,–,–,–,356,302,–,–,–,–,–,–,–,19.1,17.7,–,–,–,–,–,–,–,–,–,–,17.1,–,28.5,–,1290.0,5620.0,4600.0,206.0,637.0,4110.0,3590.0,145.0,–,–,–,1370000,–,6460,–,–,–,–,–,–,–,–,–,–,–,–,–,–,–,–,–,–,–,–,–,–,–,–,–,–,–,–,–,–,–,–,5.71
HSS,HSS22X14X.625,HSS22X14X5/8,–,144.39000000000001,39.6,–,–,22,20.3,–,–,–,14,12.3,–,–,–,–,–,–,–,0.625,0.581,–,–,–,–,–,–,–,–,–,–,21.1,–,34.9,–,2640.0,291.0,240.0,8.16,1320.0,213.0,188.0,5.76,–,,–,2800,–,333,–,–,–,–,–,–,–,–,–,–,–,–,–,–,–,–,–,–,–,–,–,–,–,–,–,–,–,–,–,–,–,–,HSS558.8X355.6X15.9,HSS558.8X355.6X15.9,215.0,25500,–,–,559,516,–,–,–,356,312,–,–,–,–,–,–,–,15.9,14.8,–,–,–,–,–,–,–,–,–,–,21.1,–,34.9,–,1100.0,4770.0,3930.0,207.0,549.0,3490.0,3080.0,146.0,–,–,–,1170000,–,5460,–,–,–,–,–,–,–,–,–,–,–,–,–,–,–,–,–,–,–,–,–,–,–,–,–,–,–,–,–,–,–,–,5.76
HSS,HSS22X14X.500,HSS22X14X1/2,–,116.91,32.1,–,–,22,20.6,–,–,–,14,12.6,–,–,–,–,–,–,–,0.5,0.465,–,–,–,–,–,–,–,–,–,–,27.1,–,44.3,–,2170.0,237.0,197.0,8.22,1080.0,174.0,155.0,5.81,–,,–,2290,–,271,–,–,–,–,–,–,–,–,–,–,–,–,–,–,–,–,–,–,–,–,–,–,–,–,–,–,–,–,–,–,–,–,HSS558.8X355.6X12.7,HSS558.8X355.6X12.7,174.0,20700,–,–,559,523,–,–,–,356,320,–,–,–,–,–,–,–,12.7,11.8,–,–,–,–,–,–,–,–,–,–,27.1,–,44.3,–,903.0,3880.0,3230.0,209.0,450.0,2850.0,2540.0,148.0,–,–,–,953000,–,4440,–,–,–,–,–,–,–,–,–,–,–,–,–,–,–,–,–,–,–,–,–,–,–,–,–,–,–,–,–,–,–,–,5.81
HSS,HSS22X14X.375,HSS22X14X3/8,–,88.73,24.3,–,–,22,21,–,–,–,14,13.0,–,–,–,–,–,–,–,0.375,0.349,–,–,–,–,–,–,–,–,–,–,37.1,–,60,–,1670.0,182.0,152.0,8.29,837.0,134.0,120.0,5.87,–,,–,1750,–,206,–,–,–,–,–,–,–,–,–,–,–,–,–,–,–,–,–,–,–,–,–,–,–,–,–,–,–,–,–,–,–,–,HSS558.8X355.6X9.5,HSS558.8X355.6X9.5,132.0,15700,–,–,559,533,–,–,–,356,330,–,–,–,–,–,–,–,9.53,8.86,–,–,–,–,–,–,–,–,–,–,37.1,–,60,–,695.0,2980.0,2490.0,211.0,348.0,2200.0,1970.0,149.0,–,–,–,728000,–,3380,–,–,–,–,–,–,–,–,–,–,–,–,–,–,–,–,–,–,–,–,–,–,–,–,–,–,–,–,–,–,–,–,5.87
HSS,HSS22X14X.313,HSS22X14X5/16,–,74.38,20.4,–,–,22,21.1,–,–,–,14,13.1,–,–,–,–,–,–,–,0.3125,0.291,–,–,–,–,–,–,–,–,–,–,45.1,–,72.6,–,1410.0,153.0,128.0,8.32,708.0,112.0,101.0,5.89,–,,–,1470,–,173,–,–,–,–,–,–,–,–,–,–,–,–,–,–,–,–,–,–,–,–,–,–,–,–,–,–,–,–,–,–,–,–,HSS558.8X355.6X7.9,HSS558.8X355.6X7.9,111.0,13200,–,–,559,536,–,–,–,356,333,–,–,–,–,–,–,–,7.95,7.39,–,–,–,–,–,–,–,–,–,–,45.1,–,72.6,–,587.0,2510.0,2100.0,211.0,295.0,1840.0,1660.0,150.0,–,–,–,612000,–,2830,–,–,–,–,–,–,–,–,–,–,–,–,–,–,–,–,–,–,–,–,–,–,–,–,–,–,–,–,–,–,–,–,5.89
HSS,HSS22X14X.250,HSS22X14X1/4,–,59.85,16.4,–,–,22,21.3,–,–,–,14,13.3,–,–,–,–,–,–,–,0.25,0.233,–,–,–,–,–,–,–,–,–,–,57.1,–,91.4,–,1140.0,123.0,104.0,8.35,575.0,90.9,82.2,5.92,–,,–,1190,–,140,–,–,–,–,–,–,–,–,–,–,–,–,–,–,–,–,–,–,–,–,–,–,–,–,–,–,–,–,–,–,–,–,HSS558.8X355.6X6.4,HSS558.8X355.6X6.4,89.1,10600,–,–,559,541,–,–,–,356,338,–,–,–,–,–,–,–,6.35,5.92,–,–,–,–,–,–,–,–,–,–,57.1,–,91.4,–,475.0,2020.0,1700.0,212.0,239.0,1490.0,1350.0,150.0,–,–,–,495000,–,2290,–,–,–,–,–,–,–,–,–,–,–,–,–,–,–,–,–,–,–,–,–,–,–,–,–,–,–,–,–,–,–,–,5.92
HSS,HSS22X10X.625,HSS22X10X5/8,–,127.37,35.0,–,–,22,20.3,–,–,–,10,8.26,–,–,–,–,–,–,–,0.625,0.581,–,–,–,–,–,–,–,–,–,–,14.2,–,34.9,–,2110.0,241.0,191.0,7.76,614.0,139.0,123.0,4.19,–,,–,1560,–,234,–,–,–,–,–,–,–,–,–,–,–,–,–,–,–,–,–,–,–,–,–,–,–,–,–,–,–,–,–,–,–,–,HSS558.8X254X15.9,HSS558.8X254X15.9,190.0,22600,–,–,559,516,–,–,–,254,210,–,–,–,–,–,–,–,15.9,14.8,–,–,–,–,–,–,–,–,–,–,14.2,–,34.9,–,878.0,3950.0,3130.0,197.0,256.0,2280.0,2020.0,106.0,–,–,–,649000,–,3830,–,–,–,–,–,–,–,–,–,–,–,–,–,–,–,–,–,–,–,–,–,–,–,–,–,–,–,–,–,–,–,–,4.19
HSS,HSS22X10X.500,HSS22X10X1/2,–,103.3,28.3,–,–,22,20.6,–,–,–,10,8.61,–,–,–,–,–,–,–,0.5,0.465,–,–,–,–,–,–,–,–,–,–,18.5,–,44.3,–,1740.0,197.0,158.0,7.83,510.0,114.0,102.0,4.24,–,,–,1280,–,191,–,–,–,–,–,–,–,–,–,–,–,–,–,–,–,–,–,–,–,–,–,–,–,–,–,–,–,–,–,–,–,–,HSS558.8X254X12.7,HSS558.8X254X12.7,154.0,18300,–,–,559,523,–,–,–,254,219,–,–,–,–,–,–,–,12.7,11.8,–,–,–,–,–,–,–,–,–,–,18.5,–,44.3,–,724.0,3230.0,2590.0,199.0,212.0,1870.0,1670.0,108.0,–,–,–,533000,–,3130,–,–,–,–,–,–,–,–,–,–,–,–,–,–,–,–,–,–,–,–,–,–,–,–,–,–,–,–,–,–,–,–,4.24
HSS,HSS22X10X.375,HSS22X10X3/8,–,78.52,21.5,–,–,22,21,–,–,–,10,8.95,–,–,–,–,–,–,–,0.375,0.349,–,–,–,–,–,–,–,–,–,–,25.7,–,60,–,1340.0,151.0,122.0,7.9,397.0,87.7,79.4,4.29,–,,–,986,–,146,–,–,–,–,–,–,–,–,–,–,–,–,–,–,–,–,–,–,–,–,–,–,–,–,–,–,–,–,–,–,–,–,HSS558.8X254X9.5,HSS558.8X254X9.5,117.0,13900,–,–,559,533,–,–,–,254,227,–,–,–,–,–,–,–,9.53,8.86,–,–,–,–,–,–,–,–,–,–,25.7,–,60,–,558.0,2470.0,2000.0,201.0,165.0,1440.0,1300.0,109.0,–,–,–,410000,–,2390,–,–,–,–,–,–,–,–,–,–,–,–,–,–,–,–,–,–,–,–,–,–,–,–,–,–,–,–,–,–,–,–,4.29
HSS,HSS22X10X.313,HSS22X10X5/16,–,65.87,18.1,–,–,22,21.1,–,–,–,10,9.13,–,–,–,–,–,–,–,0.3125,0.291,–,–,–,–,–,–,–,–,–,–,31.4,–,72.6,–,1140.0,128.0,103.0,7.93,337.0,74.0,67.4,4.32,–,,–,832,–,123,–,–,–,–,–,–,–,–,–,–,–,–,–,–,–,–,–,–,–,–,–,–,–,–,–,–,–,–,–,–,–,–,HSS558.8X254X7.9,HSS558.8X254X7.9,98.0,11700,–,–,559,536,–,–,–,254,232,–,–,–,–,–,–,–,7.95,7.39,–,–,–,–,–,–,–,–,–,–,31.4,–,72.6,–,475.0,2100.0,1690.0,201.0,140.0,1210.0,1100.0,110.0,–,–,–,346000,–,2020,–,–,–,–,–,–,–,–,–,–,–,–,–,–,–,–,–,–,–,–,–,–,–,–,–,–,–,–,–,–,–,–,4.32
HSS,HSS22X10X.250,HSS22X10X1/4,–,53.050000000000004,14.6,–,–,22,21.3,–,–,–,10,9.30,–,–,–,–,–,–,–,0.25,0.233,–,–,–,–,–,–,–,–,–,–,39.9,–,91.4,–,923.0,103.0,83.9,7.96,275.0,60.0,55.0,4.34,–,,–,674,–,99,–,–,–,–,–,–,–,–,–,–,–,–,–,–,–,–,–,–,–,–,–,–,–,–,–,–,–,–,–,–,–,–,HSS558.8X254X6.4,HSS558.8X254X6.4,78.9,9420,–,–,559,541,–,–,–,254,236,–,–,–,–,–,–,–,6.35,5.92,–,–,–,–,–,–,–,–,–,–,39.9,–,91.4,–,384.0,1690.0,1370.0,202.0,114.0,983.0,901.0,110.0,–,–,–,281000,–,1620,–,–,–,–,–,–,–,–,–,–,–,–,–,–,–,–,–,–,–,–,–,–,–,–,–,–,–,–,–,–,–,–,4.34
HSS,HSS20X20X1,HSS20X20X1,–,249.85,68.7,–,–,20,17.2,–,–,–,20,17.2,–,–,–,–,–,–,–,1,0.93,–,–,–,–,–,–,–,–,–,–,18.5,–,18.5,–,4100.0,486.0,410.0,7.72,4100.0,486.0,410.0,7.72,–,,–,6600,–,673,–,–,–,–,–,–,–,–,–,–,–,–,–,–,–,–,–,–,–,–,–,–,–,–,–,–,–,–,–,–,–,–,HSS508X508X25.4,HSS508X508X25.4,372.0,44300,–,–,508,437,–,–,–,508,437,–,–,–,–,–,–,–,25.4,23.6,–,–,–,–,–,–,–,–,–,–,18.5,–,18.5,–,1710.0,7960.0,6720.0,196.0,1710.0,7960.0,6720.0,196.0,–,–,–,2750000,–,11000,–,–,–,–,–,–,–,–,–,–,–,–,–,–,–,–,–,–,–,–,–,–,–,–,–,–,–,–,–,–,–,–,7.72
HSS,HSS20X20X.875,HSS20X20X7/8,–,221.06,60.8,–,–,20,17.6,–,–,–,20,17.6,–,–,–,–,–,–,–,0.875,0.814,–,–,–,–,–,–,–,–,–,–,21.6,–,21.6,–,3670.0,433.0,367.0,7.77,3670.0,433.0,367.0,7.77,–,,–,5870,–,597,–,–,–,–,–,–,–,–,–,–,–,–,–,–,–,–,–,–,–,–,–,–,–,–,–,–,–,–,–,–,–,–,HSS508X508X22.2,HSS508X508X22.2,329.0,39200,–,–,508,447,–,–,–,508,447,–,–,–,–,–,–,–,22.2,20.7,–,–,–,–,–,–,–,–,–,–,21.6,–,21.6,–,1530.0,7100.0,6020.0,197.0,1530.0,7100.0,6020.0,197.0,–,–,–,2440000,–,9780,–,–,–,–,–,–,–,–,–,–,–,–,–,–,–,–,–,–,–,–,–,–,–,–,–,–,–,–,–,–,–,–,7.77
HSS,HSS20X20X.750,HSS20X20X3/4,–,191.58,52.6,–,–,20,17.9,–,–,–,20,17.9,–,–,–,–,–,–,–,0.75,0.698,–,–,–,–,–,–,–,–,–,–,25.6,–,25.6,–,3230.0,378.0,323.0,7.84,3230.0,378.0,323.0,7.84,–,,–,5110,–,519,–,–,–,–,–,–,–,–,–,–,–,–,–,–,–,–,–,–,–,–,–,–,–,–,–,–,–,–,–,–,–,–,HSS508X508X19.0,HSS508X508X19.0,285.0,33900,–,–,508,455,–,–,–,508,455,–,–,–,–,–,–,–,19.1,17.7,–,–,–,–,–,–,–,–,–,–,25.6,–,25.6,–,1340.0,6200.0,5290.0,199.0,1340.0,6200.0,5290.0,199.0,–,–,–,2130000,–,8510,–,–,–,–,–,–,–,–,–,–,–,–,–,–,–,–,–,–,–,–,–,–,–,–,–,–,–,–,–,–,–,–,7.84
HSS,HSS20X20X.625,HSS20X20X5/8,–,161.4,44.3,–,–,20,18.3,–,–,–,20,18.3,–,–,–,–,–,–,–,0.625,0.581,–,–,–,–,–,–,–,–,–,–,31.5,–,31.5,–,2750.0,320.0,275.0,7.88,2750.0,320.0,275.0,7.88,–,,–,4320,–,437,–,–,–,–,–,–,–,–,–,–,–,–,–,–,–,–,–,–,–,–,–,–,–,–,–,–,–,–,–,–,–,–,HSS508X508X15.9,HSS508X508X15.9,240.0,28600,–,–,508,465,–,–,–,508,465,–,–,–,–,–,–,–,15.9,14.8,–,–,–,–,–,–,–,–,–,–,31.5,–,31.5,–,1140.0,5240.0,4510.0,200.0,1140.0,5240.0,4510.0,200.0,–,–,–,1800000,–,7160,–,–,–,–,–,–,–,–,–,–,–,–,–,–,–,–,–,–,–,–,–,–,–,–,–,–,–,–,–,–,–,–,7.88
HSS,HSS20X20X.500,HSS20X20X1/2,–,130.52,35.8,–,–,20,18.6,–,–,–,20,18.6,–,–,–,–,–,–,–,0.5,0.465,–,–,–,–,–,–,–,–,–,–,40,–,40,–,2260.0,261.0,226.0,7.95,2260.0,261.0,226.0,7.95,–,,–,3510,–,355,–,–,–,–,–,–,–,–,–,–,–,–,–,–,–,–,–,–,–,–,–,–,–,–,–,–,–,–,–,–,–,–,HSS508X508X12.7,HSS508X508X12.7,194.0,23100,–,–,508,472,–,–,–,508,472,–,–,–,–,–,–,–,12.7,11.8,–,–,–,–,–,–,–,–,–,–,40,–,40,–,941.0,4280.0,3700.0,202.0,941.0,4280.0,3700.0,202.0,–,–,–,1460000,–,5820,–,–,–,–,–,–,–,–,–,–,–,–,–,–,–,–,–,–,–,–,–,–,–,–,–,–,–,–,–,–,–,–,7.95
HSS,HSS20X20X.375,HSS20X20X3/8,–,98.94,27.1,–,–,20,19,–,–,–,20,19.0,–,–,–,–,–,–,–,0.375,0.349,–,–,–,–,–,–,–,–,–,–,54.3,–,54.3,–,1740.0,199.0,174.0,8.0,1740.0,199.0,174.0,8.0,–,,–,2680,–,269,–,–,–,–,–,–,–,–,–,–,–,–,–,–,–,–,–,–,–,–,–,–,–,–,–,–,–,–,–,–,–,–,HSS508X508X9.5,HSS508X508X9.5,147.0,17500,–,–,508,483,–,–,–,508,483,–,–,–,–,–,–,–,9.53,8.86,–,–,–,–,–,–,–,–,–,–,54.3,–,54.3,–,724.0,3260.0,2850.0,203.0,724.0,3260.0,2850.0,203.0,–,–,–,1120000,–,4410,–,–,–,–,–,–,–,–,–,–,–,–,–,–,–,–,–,–,–,–,–,–,–,–,–,–,–,–,–,–,–,–,8.0
HSS,HSS20X20X.313,HSS20X20X5/16,–,82.88,22.7,–,–,20,19.1,–,–,–,20,19.1,–,–,–,–,–,–,–,0.3125,0.291,–,–,–,–,–,–,–,–,–,–,65.7,–,65.7,–,1460.0,167.0,146.0,8.03,1460.0,167.0,146.0,8.03,–,,–,2250,–,226,–,–,–,–,–,–,–,–,–,–,–,–,–,–,–,–,–,–,–,–,–,–,–,–,–,–,–,–,–,–,–,–,HSS508X508X7.9,HSS508X508X7.9,123.0,14600,–,–,508,485,–,–,–,508,485,–,–,–,–,–,–,–,7.95,7.39,–,–,–,–,–,–,–,–,–,–,65.7,–,65.7,–,608.0,2740.0,2390.0,204.0,608.0,2740.0,2390.0,204.0,–,–,–,937000,–,3700,–,–,–,–,–,–,–,–,–,–,–,–,–,–,–,–,–,–,–,–,–,–,–,–,–,–,–,–,–,–,–,–,8.03
HSS,HSS20X16X.750,HSS20X16X3/4,–,171.16,47.1,–,–,20,17.9,–,–,–,16,13.9,–,–,–,–,–,–,–,0.75,0.698,–,–,–,–,–,–,–,–,–,–,19.9,–,25.7,–,2710.0,324.0,271.0,7.59,1920.0,278.0,240.0,6.39,–,,–,3590,–,411,–,–,–,–,–,–,–,–,–,–,–,–,–,–,–,–,–,–,–,–,–,–,–,–,–,–,–,–,–,–,–,–,HSS508X406.4X19.0,HSS508X406.4X19.0,255.0,30400,–,–,508,455,–,–,–,406,353,–,–,–,–,–,–,–,19.1,17.7,–,–,–,–,–,–,–,–,–,–,19.9,–,25.7,–,1130.0,5310.0,4440.0,193.0,799.0,4560.0,3930.0,162.0,–,–,–,1490000,–,6740,–,–,–,–,–,–,–,–,–,–,–,–,–,–,–,–,–,–,–,–,–,–,–,–,–,–,–,–,–,–,–,–,6.39
HSS,HSS20X16X.625,HSS20X16X5/8,–,144.39000000000001,39.6,–,–,20,18.3,–,–,–,16,14.3,–,–,–,–,–,–,–,0.625,0.581,–,–,–,–,–,–,–,–,–,–,24.5,–,31.4,–,2320.0,275.0,232.0,7.65,1640.0,236.0,206.0,6.44,–,,–,3040,–,347,–,–,–,–,–,–,–,–,–,–,–,–,–,–,–,–,–,–,–,–,–,–,–,–,–,–,–,–,–,–,–,–,HSS508X406.4X15.9,HSS508X406.4X15.9,215.0,25500,–,–,508,465,–,–,–,406,363,–,–,–,–,–,–,–,15.9,14.8,–,–,–,–,–,–,–,–,–,–,24.5,–,31.4,–,966.0,4510.0,3800.0,194.0,683.0,3870.0,3380.0,164.0,–,–,–,1270000,–,5690,–,–,–,–,–,–,–,–,–,–,–,–,–,–,–,–,–,–,–,–,–,–,–,–,–,–,–,–,–,–,–,–,6.44
HSS,HSS20X16X.500,HSS20X16X1/2,–,116.91,32.1,–,–,20,18.6,–,–,–,16,14.6,–,–,–,–,–,–,–,0.5,0.465,–,–,–,–,–,–,–,–,–,–,31.4,–,40,–,1900.0,224.0,190.0,7.7,1350.0,193.0,169.0,6.5,–,,–,2480,–,282,–,–,–,–,–,–,–,–,–,–,–,–,–,–,–,–,–,–,–,–,–,–,–,–,–,–,–,–,–,–,–,–,HSS508X406.4X12.7,HSS508X406.4X12.7,174.0,20700,–,–,508,472,–,–,–,406,371,–,–,–,–,–,–,–,12.7,11.8,–,–,–,–,–,–,–,–,–,–,31.4,–,40,–,791.0,3670.0,3110.0,196.0,562.0,3160.0,2770.0,165.0,–,–,–,1030000,–,4620,–,–,–,–,–,–,–,–,–,–,–,–,–,–,–,–,–,–,–,–,–,–,–,–,–,–,–,–,–,–,–,–,6.5
HSS,HSS20X16X.375,HSS20X16X3/8,–,88.73,24.3,–,–,20,19,–,–,–,16,15.0,–,–,–,–,–,–,–,0.375,0.349,–,–,–,–,–,–,–,–,–,–,42.8,–,54.3,–,1470.0,172.0,147.0,7.76,1040.0,148.0,130.0,6.55,–,,–,1890,–,215,–,–,–,–,–,–,–,–,–,–,–,–,–,–,–,–,–,–,–,–,–,–,–,–,–,–,–,–,–,–,–,–,HSS508X406.4X9.5,HSS508X406.4X9.5,132.0,15700,–,–,508,483,–,–,–,406,381,–,–,–,–,–,–,–,9.53,8.86,–,–,–,–,–,–,–,–,–,–,42.8,–,54.3,–,612.0,2820.0,2410.0,197.0,433.0,2430.0,2130.0,166.0,–,–,–,787000,–,3520,–,–,–,–,–,–,–,–,–,–,–,–,–,–,–,–,–,–,–,–,–,–,–,–,–,–,–,–,–,–,–,–,6.55
HSS,HSS20X16X.313,HSS20X16X5/16,–,74.38,20.4,–,–,20,19.1,–,–,–,16,15.1,–,–,–,–,–,–,–,0.3125,0.291,–,–,–,–,–,–,–,–,–,–,52,–,65.7,–,1240.0,144.0,124.0,7.79,882.0,124.0,110.0,6.58,–,,–,1590,–,180,–,–,–,–,–,–,–,–,–,–,–,–,–,–,–,–,–,–,–,–,–,–,–,–,–,–,–,–,–,–,–,–,HSS508X406.4X7.9,HSS508X406.4X7.9,111.0,13200,–,–,508,485,–,–,–,406,384,–,–,–,–,–,–,–,7.95,7.39,–,–,–,–,–,–,–,–,–,–,52,–,65.7,–,516.0,2360.0,2030.0,198.0,367.0,2030.0,1800.0,167.0,–,–,–,662000,–,2950,–,–,–,–,–,–,–,–,–,–,–,–,–,–,–,–,–,–,–,–,–,–,–,–,–,–,–,–,–,–,–,–,6.58
HSS,HSS20X16X.250,HSS20X16X1/4,–,59.85,16.4,–,–,20,19.3,–,–,–,16,15.3,–,–,–,–,–,–,–,0.25,0.233,–,–,–,–,–,–,–,–,–,–,65.7,–,82.8,–,1000.0,117.0,100.0,7.82,716.0,100.0,89.5,6.6,–,,–,1280,–,145,–,–,–,–,–,–,–,–,–,–,–,–,–,–,–,–,–,–,–,–,–,–,–,–,–,–,–,–,–,–,–,–,HSS508X406.4X6.4,HSS508X406.4X6.4,89.1,10600,–,–,508,490,–,–,–,406,389,–,–,–,–,–,–,–,6.35,5.92,–,–,–,–,–,–,–,–,–,–,65.7,–,82.8,–,416.0,1920.0,1640.0,199.0,298.0,1640.0,1470.0,168.0,–,–,–,533000,–,2380,–,–,–,–,–,–,–,–,–,–,–,–,–,–,–,–,–,–,–,–,–,–,–,–,–,–,–,–,–,–,–,–,6.6
HSS,HSS20X12X1,HSS20X12X1,–,195.4,53.8,–,–,20,17.2,–,–,–,12,9.21,–,–,–,–,–,–,–,1,0.93,–,–,–,–,–,–,–,–,–,–,9.9,–,18.5,–,2740.0,344.0,274.0,7.14,1230.0,241.0,205.0,4.78,–,,–,2820,–,390,–,–,–,–,–,–,–,–,–,–,–,–,–,–,–,–,–,–,–,–,–,–,–,–,–,–,–,–,–,–,–,–,HSS508X304.8X25.4,HSS508X304.8X25.4,291.0,34700,–,–,508,437,–,–,–,305,234,–,–,–,–,–,–,–,25.4,23.6,–,–,–,–,–,–,–,–,–,–,9.9,–,18.5,–,1140.0,5640.0,4490.0,181.0,512.0,3950.0,3360.0,121.0,–,–,–,1170000,–,6390,–,–,–,–,–,–,–,–,–,–,–,–,–,–,–,–,–,–,–,–,–,–,–,–,–,–,–,–,–,–,–,–,4.78
HSS,HSS20X12X.875,HSS20X12X7/8,–,173.43,47.7,–,–,20,17.6,–,–,–,12,9.56,–,–,–,–,–,–,–,0.875,0.814,–,–,–,–,–,–,–,–,–,–,11.7,–,21.6,–,2480.0,308.0,248.0,7.2,1110.0,216.0,186.0,4.83,–,,–,2530,–,347,–,–,–,–,–,–,–,–,–,–,–,–,–,–,–,–,–,–,–,–,–,–,–,–,–,–,–,–,–,–,–,–,HSS508X304.8X22.2,HSS508X304.8X22.2,258.0,30800,–,–,508,447,–,–,–,305,243,–,–,–,–,–,–,–,22.2,20.7,–,–,–,–,–,–,–,–,–,–,11.7,–,21.6,–,1030.0,5050.0,4060.0,183.0,462.0,3540.0,3050.0,123.0,–,–,–,1050000,–,5690,–,–,–,–,–,–,–,–,–,–,–,–,–,–,–,–,–,–,–,–,–,–,–,–,–,–,–,–,–,–,–,–,4.83
HSS,HSS20X12X.750,HSS20X12X3/4,–,150.75,41.5,–,–,20,17.9,–,–,–,12,9.91,–,–,–,–,–,–,–,0.75,0.698,–,–,–,–,–,–,–,–,–,–,14.2,–,25.6,–,2190.0,270.0,219.0,7.26,988.0,190.0,165.0,4.88,–,,–,2220,–,303,–,–,–,–,–,–,–,–,–,–,–,–,–,–,–,–,–,–,–,–,–,–,–,–,–,–,–,–,–,–,–,–,HSS508X304.8X19.0,HSS508X304.8X19.0,224.0,26800,–,–,508,455,–,–,–,305,252,–,–,–,–,–,–,–,19.1,17.7,–,–,–,–,–,–,–,–,–,–,14.2,–,25.6,–,911.0,4430.0,3590.0,184.0,411.0,3110.0,2700.0,124.0,–,–,–,924000,–,4970,–,–,–,–,–,–,–,–,–,–,–,–,–,–,–,–,–,–,–,–,–,–,–,–,–,–,–,–,–,–,–,–,4.88
HSS,HSS20X12X.625,HSS20X12X5/8,–,127.37,35.0,–,–,20,18.3,–,–,–,12,10.3,–,–,–,–,–,–,–,0.625,0.581,–,–,–,–,–,–,–,–,–,–,17.7,–,31.4,–,1880.0,230.0,188.0,7.33,851.0,162.0,142.0,4.93,–,,–,1890,–,257,–,–,–,–,–,–,–,–,–,–,–,–,–,–,–,–,–,–,–,–,–,–,–,–,–,–,–,–,–,–,–,–,HSS508X304.8X15.9,HSS508X304.8X15.9,189.0,22600,–,–,508,465,–,–,–,305,262,–,–,–,–,–,–,–,15.9,14.8,–,–,–,–,–,–,–,–,–,–,17.7,–,31.4,–,783.0,3770.0,3080.0,186.0,354.0,2650.0,2330.0,125.0,–,–,–,787000,–,4210,–,–,–,–,–,–,–,–,–,–,–,–,–,–,–,–,–,–,–,–,–,–,–,–,–,–,–,–,–,–,–,–,4.93
HSS,HSS20X12X.500,HSS20X12X1/2,–,103.3,28.3,–,–,20,18.6,–,–,–,12,10.6,–,–,–,–,–,–,–,0.5,0.465,–,–,–,–,–,–,–,–,–,–,22.8,–,40,–,1550.0,188.0,155.0,7.39,705.0,132.0,117.0,4.99,–,,–,1540,–,209,–,–,–,–,–,–,–,–,–,–,–,–,–,–,–,–,–,–,–,–,–,–,–,–,–,–,–,–,–,–,–,–,HSS508X304.8X12.7,HSS508X304.8X12.7,153.0,18300,–,–,508,472,–,–,–,305,269,–,–,–,–,–,–,–,12.7,11.8,–,–,–,–,–,–,–,–,–,–,22.8,–,40,–,645.0,3080.0,2540.0,188.0,293.0,2160.0,1920.0,127.0,–,–,–,641000,–,3420,–,–,–,–,–,–,–,–,–,–,–,–,–,–,–,–,–,–,–,–,–,–,–,–,–,–,–,–,–,–,–,–,4.99
HSS,HSS20X12X.375,HSS20X12X3/8,–,78.52,21.5,–,–,20,19,–,–,–,12,11,–,–,–,–,–,–,–,0.375,0.349,–,–,–,–,–,–,–,–,–,–,31.4,–,54.3,–,1200.0,144.0,120.0,7.45,547.0,102.0,91.1,5.04,–,,–,1180,–,160,–,–,–,–,–,–,–,–,–,–,–,–,–,–,–,–,–,–,–,–,–,–,–,–,–,–,–,–,–,–,–,–,HSS508X304.8X9.5,HSS508X304.8X9.5,117.0,13900,–,–,508,483,–,–,–,305,279,–,–,–,–,–,–,–,9.53,8.86,–,–,–,–,–,–,–,–,–,–,31.4,–,54.3,–,499.0,2360.0,1970.0,189.0,228.0,1670.0,1490.0,128.0,–,–,–,491000,–,2620,–,–,–,–,–,–,–,–,–,–,–,–,–,–,–,–,–,–,–,–,–,–,–,–,–,–,–,–,–,–,–,–,5.04
HSS,HSS20X12X.313,HSS20X12X5/16,–,65.87,18.1,–,–,20,19.1,–,–,–,12,11.1,–,–,–,–,–,–,–,0.3125,0.291,–,–,–,–,–,–,–,–,–,–,38.2,–,65.7,–,1010.0,122.0,101.0,7.48,464.0,85.8,77.3,5.07,–,,–,997,–,134,–,–,–,–,–,–,–,–,–,–,–,–,–,–,–,–,–,–,–,–,–,–,–,–,–,–,–,–,–,–,–,–,HSS508X304.8X7.9,HSS508X304.8X7.9,97.9,11700,–,–,508,485,–,–,–,305,282,–,–,–,–,–,–,–,7.94,7.39,–,–,–,–,–,–,–,–,–,–,38.2,–,65.7,–,420.0,2000.0,1660.0,190.0,193.0,1410.0,1270.0,129.0,–,–,–,415000,–,2200,–,–,–,–,–,–,–,–,–,–,–,–,–,–,–,–,–,–,–,–,–,–,–,–,–,–,–,–,–,–,–,–,5.07
HSS,HSS20X8X1,HSS20X8X1,–,168.18,46.4,–,–,20,17.2,–,–,–,8,5.21,–,–,–,–,–,–,–,1,0.93,–,–,–,–,–,–,–,–,–,–,5.6,–,18.5,–,2060.0,273.0,206.0,6.67,472.0,141.0,118.0,3.19,–,,–,1320,–,248,–,–,–,–,–,–,–,–,–,–,–,–,–,–,–,–,–,–,–,–,–,–,–,–,–,–,–,–,–,–,–,–,HSS508X203.2X25.4,HSS508X203.2X25.4,250.0,29900,–,–,508,437,–,–,–,203,132,–,–,–,–,–,–,–,25.4,23.6,–,–,–,–,–,–,–,–,–,–,5.6,–,18.5,–,857.0,4470.0,3380.0,169.0,196.0,2310.0,1930.0,81.0,–,–,–,549000,–,4060,–,–,–,–,–,–,–,–,–,–,–,–,–,–,–,–,–,–,–,–,–,–,–,–,–,–,–,–,–,–,–,–,3.19
HSS,HSS20X8X.875,HSS20X8X7/8,–,149.61,41.2,–,–,20,17.6,–,–,–,8,5.56,–,–,–,–,–,–,–,0.875,0.814,–,–,–,–,–,–,–,–,–,–,6.83,–,21.6,–,1880.0,246.0,188.0,6.74,432.0,127.0,108.0,3.24,–,,–,1200,–,222,–,–,–,–,–,–,–,–,–,–,–,–,–,–,–,–,–,–,–,–,–,–,–,–,–,–,–,–,–,–,–,–,HSS508X203.2X22.2,HSS508X203.2X22.2,223.0,26600,–,–,508,447,–,–,–,203,141,–,–,–,–,–,–,–,22.2,20.7,–,–,–,–,–,–,–,–,–,–,6.83,–,21.6,–,783.0,4030.0,3080.0,171.0,180.0,2080.0,1770.0,82.3,–,–,–,499000,–,3640,–,–,–,–,–,–,–,–,–,–,–,–,–,–,–,–,–,–,–,–,–,–,–,–,–,–,–,–,–,–,–,–,3.24
HSS,HSS20X8X.750,HSS20X8X3/4,–,130.33,35.9,–,–,20,17.9,–,–,–,8,5.91,–,–,–,–,–,–,–,0.75,0.698,–,–,–,–,–,–,–,–,–,–,8.46,–,25.7,–,1670.0,216.0,167.0,6.82,388.0,112.0,97.1,3.29,–,,–,1060,–,195,–,–,–,–,–,–,–,–,–,–,–,–,–,–,–,–,–,–,–,–,–,–,–,–,–,–,–,–,–,–,–,–,HSS508X203.2X19.0,HSS508X203.2X19.0,194.0,23200,–,–,508,455,–,–,–,203,150,–,–,–,–,–,–,–,19.1,17.7,–,–,–,–,–,–,–,–,–,–,8.46,–,25.7,–,695.0,3540.0,2740.0,173.0,161.0,1840.0,1590.0,83.6,–,–,–,441000,–,3200,–,–,–,–,–,–,–,–,–,–,–,–,–,–,–,–,–,–,–,–,–,–,–,–,–,–,–,–,–,–,–,–,3.29
HSS,HSS20X8X.625,HSS20X8X5/8,–,110.36,30.3,–,–,20,18.3,–,–,–,8,6.26,–,–,–,–,–,–,–,0.625,0.581,–,–,–,–,–,–,–,–,–,–,10.8,–,31.4,–,1440.0,185.0,144.0,6.89,338.0,96.4,84.6,3.34,–,,–,916,–,167,–,–,–,–,–,–,–,–,–,–,–,–,–,–,–,–,–,–,–,–,–,–,–,–,–,–,–,–,–,–,–,–,HSS508X203.2X15.9,HSS508X203.2X15.9,164.0,19500,–,–,508,465,–,–,–,203,159,–,–,–,–,–,–,–,15.9,14.8,–,–,–,–,–,–,–,–,–,–,10.8,–,31.4,–,599.0,3030.0,2360.0,175.0,141.0,1580.0,1390.0,84.8,–,–,–,381000,–,2740,–,–,–,–,–,–,–,–,–,–,–,–,–,–,–,–,–,–,–,–,–,–,–,–,–,–,–,–,–,–,–,–,3.34
HSS,HSS20X8X.500,HSS20X8X1/2,–,89.68,24.6,–,–,20,18.6,–,–,–,8,6.6,–,–,–,–,–,–,–,0.5,0.465,–,–,–,–,–,–,–,–,–,–,14.2,–,40,–,1190.0,152.0,119.0,6.96,283.0,79.5,70.8,3.39,–,,–,757,–,137,–,–,–,–,–,–,–,–,–,–,–,–,–,–,–,–,–,–,–,–,–,–,–,–,–,–,–,–,–,–,–,–,HSS508X203.2X12.7,HSS508X203.2X12.7,133.0,15900,–,–,508,472,–,–,–,203,168,–,–,–,–,–,–,–,12.7,11.8,–,–,–,–,–,–,–,–,–,–,14.2,–,40,–,495.0,2490.0,1950.0,177.0,118.0,1300.0,1160.0,86.1,–,–,–,315000,–,2250,–,–,–,–,–,–,–,–,–,–,–,–,–,–,–,–,–,–,–,–,–,–,–,–,–,–,–,–,–,–,–,–,3.39
HSS,HSS20X8X.375,HSS20X8X3/8,–,68.31,18.7,–,–,20,19,–,–,–,8,6.95,–,–,–,–,–,–,–,0.375,0.349,–,–,–,–,–,–,–,–,–,–,19.9,–,54.3,–,926.0,117.0,92.6,7.03,222.0,61.5,55.6,3.44,–,,–,586,–,105,–,–,–,–,–,–,–,–,–,–,–,–,–,–,–,–,–,–,–,–,–,–,–,–,–,–,–,–,–,–,–,–,HSS508X203.2X9.5,HSS508X203.2X9.5,102.0,12100,–,–,508,483,–,–,–,203,177,–,–,–,–,–,–,–,9.53,8.86,–,–,–,–,–,–,–,–,–,–,19.9,–,54.3,–,385.0,1920.0,1520.0,179.0,92.4,1010.0,911.0,87.4,–,–,–,244000,–,1720,–,–,–,–,–,–,–,–,–,–,–,–,–,–,–,–,–,–,–,–,–,–,–,–,–,–,–,–,–,–,–,–,3.44
HSS,HSS20X8X.313,HSS20X8X5/16,–,57.36,15.7,–,–,20,19.1,–,–,–,8,7.13,–,–,–,–,–,–,–,0.3125,0.291,–,–,–,–,–,–,–,–,–,–,24.5,–,65.7,–,786.0,98.6,78.6,7.07,189.0,52.0,47.4,3.47,–,,–,496,–,88.3,–,–,–,–,–,–,–,–,–,–,–,–,–,–,–,–,–,–,–,–,–,–,–,–,–,–,–,–,–,–,–,–,HSS508X203.2X7.9,HSS508X203.2X7.9,85.3,10100,–,–,508,485,–,–,–,203,181,–,–,–,–,–,–,–,7.94,7.39,–,–,–,–,–,–,–,–,–,–,24.5,–,65.7,–,327.0,1620.0,1290.0,180.0,78.7,852.0,777.0,88.1,–,–,–,206000,–,1450,–,–,–,–,–,–,–,–,–,–,–,–,–,–,–,–,–,–,–,–,–,–,–,–,–,–,–,–,–,–,–,–,3.47
HSS,HSS20X6X.625,HSS20X6X5/8,–,101.85000000000001,28.0,–,–,20,18.3,–,–,–,6,4.26,–,–,–,–,–,–,–,0.625,0.581,–,–,–,–,–,–,–,–,–,–,7.33,–,31.4,–,1220.0,162.0,122.0,6.6,175.0,67.3,58.4,2.5,–,,–,528,–,122,–,–,–,–,–,–,–,–,–,–,–,–,–,–,–,–,–,–,–,–,–,–,–,–,–,–,–,–,–,–,–,–,HSS508X152.4X15.9,HSS508X152.4X15.9,152.0,18100,–,–,508,465,–,–,–,152,108,–,–,–,–,–,–,–,15.9,14.8,–,–,–,–,–,–,–,–,–,–,7.33,–,31.4,–,508.0,2650.0,2000.0,168.0,72.8,1100.0,957.0,63.5,–,–,–,220000,–,2000,–,–,–,–,–,–,–,–,–,–,–,–,–,–,–,–,–,–,–,–,–,–,–,–,–,–,–,–,–,–,–,–,2.5
HSS,HSS20X6X.500,HSS20X6X1/2,–,82.88,22.8,–,–,20,18.6,–,–,–,6,4.61,–,–,–,–,–,–,–,0.5,0.465,–,–,–,–,–,–,–,–,–,–,9.9,–,40,–,1020.0,134.0,102.0,6.68,148.0,55.8,49.4,2.55,–,,–,441,–,100,–,–,–,–,–,–,–,–,–,–,–,–,–,–,–,–,–,–,–,–,–,–,–,–,–,–,–,–,–,–,–,–,HSS508X152.4X12.7,HSS508X152.4X12.7,123.0,14700,–,–,508,472,–,–,–,152,117,–,–,–,–,–,–,–,12.7,11.8,–,–,–,–,–,–,–,–,–,–,9.9,–,40,–,425.0,2200.0,1670.0,170.0,61.6,914.0,810.0,64.8,–,–,–,184000,–,1640,–,–,–,–,–,–,–,–,–,–,–,–,–,–,–,–,–,–,–,–,–,–,–,–,–,–,–,–,–,–,–,–,2.55
HSS,HSS20X6X.375,HSS20X6X3/8,–,63.21,17.3,–,–,20,19,–,–,–,6,4.95,–,–,–,–,–,–,–,0.375,0.349,–,–,–,–,–,–,–,–,–,–,14.2,–,54.3,–,792.0,103.0,79.2,6.76,118.0,43.4,39.2,2.6,–,,–,345,–,77.3,–,–,–,–,–,–,–,–,–,–,–,–,–,–,–,–,–,–,–,–,–,–,–,–,–,–,–,–,–,–,–,–,HSS508X152.4X9.5,HSS508X152.4X9.5,94.1,11200,–,–,508,483,–,–,–,152,126,–,–,–,–,–,–,–,9.53,8.86,–,–,–,–,–,–,–,–,–,–,14.2,–,54.3,–,330.0,1690.0,1300.0,172.0,49.1,711.0,642.0,66.0,–,–,–,144000,–,1270,–,–,–,–,–,–,–,–,–,–,–,–,–,–,–,–,–,–,–,–,–,–,–,–,–,–,–,–,–,–,–,–,2.6
HSS,HSS20X6X.313,HSS20X6X5/16,–,53.11,14.6,–,–,20,19.1,–,–,–,6,5.13,–,–,–,–,–,–,–,0.3125,0.291,–,–,–,–,–,–,–,–,–,–,17.6,–,65.7,–,673.0,87.1,67.3,6.79,101.0,36.9,33.6,2.63,–,,–,293,–,65.4,–,–,–,–,–,–,–,–,–,–,–,–,–,–,–,–,–,–,–,–,–,–,–,–,–,–,–,–,–,–,–,–,HSS508X152.4X7.9,HSS508X152.4X7.9,79.0,9420,–,–,508,485,–,–,–,152,130,–,–,–,–,–,–,–,7.95,7.39,–,–,–,–,–,–,–,–,–,–,17.6,–,65.7,–,280.0,1430.0,1100.0,172.0,42.0,605.0,551.0,66.8,–,–,–,122000,–,1070,–,–,–,–,–,–,–,–,–,–,–,–,–,–,–,–,–,–,–,–,–,–,–,–,–,–,–,–,–,–,–,–,2.63
HSS,HSS20X6X.250,HSS20X6X1/4,–,42.84,11.8,–,–,20,19.3,–,–,–,6,5.30,–,–,–,–,–,–,–,0.25,0.233,–,–,–,–,–,–,–,–,–,–,22.8,–,82.8,–,549.0,70.7,54.9,6.83,82.9,30.0,27.6,2.66,–,,–,240,–,53.1,–,–,–,–,–,–,–,–,–,–,–,–,–,–,–,–,–,–,–,–,–,–,–,–,–,–,–,–,–,–,–,–,HSS508X152.4X6.4,HSS508X152.4X6.4,63.8,7610,–,–,508,490,–,–,–,152,135,–,–,–,–,–,–,–,6.35,5.92,–,–,–,–,–,–,–,–,–,–,22.8,–,82.8,–,229.0,1160.0,900.0,173.0,34.5,492.0,452.0,67.6,–,–,–,99900,–,870,–,–,–,–,–,–,–,–,–,–,–,–,–,–,–,–,–,–,–,–,–,–,–,–,–,–,–,–,–,–,–,–,2.66
HSS,HSS20X4X.500,HSS20X4X1/2,–,76.07,20.9,–,–,20,18.6,–,–,–,4,2.6,–,–,–,–,–,–,–,0.5,0.465,–,–,–,–,–,–,–,–,–,–,5.6,–,40,–,838.0,115.0,83.8,6.33,58.7,34.0,29.3,1.68,–,,–,195,–,63.8,–,–,–,–,–,–,–,–,–,–,–,–,–,–,–,–,–,–,–,–,–,–,–,–,–,–,–,–,–,–,–,–,HSS508X101.6X12.7,HSS508X101.6X12.7,113.0,13500,–,–,508,472,–,–,–,102,66,–,–,–,–,–,–,–,12.7,11.8,–,–,–,–,–,–,–,–,–,–,5.6,–,40,–,349.0,1880.0,1370.0,161.0,24.4,557.0,480.0,42.7,–,–,–,81200,–,1050,–,–,–,–,–,–,–,–,–,–,–,–,–,–,–,–,–,–,–,–,–,–,–,–,–,–,–,–,–,–,–,–,1.68
HSS,HSS20X4X.375,HSS20X4X3/8,–,58.1,16.0,–,–,20,19,–,–,–,4,2.95,–,–,–,–,–,–,–,0.375,0.349,–,–,–,–,–,–,–,–,–,–,8.46,–,54.3,–,657.0,89.3,65.7,6.42,47.6,26.8,23.8,1.73,–,,–,156,–,49.9,–,–,–,–,–,–,–,–,–,–,–,–,–,–,–,–,–,–,–,–,–,–,–,–,–,–,–,–,–,–,–,–,HSS508X101.6X9.5,HSS508X101.6X9.5,86.4,10300,–,–,508,483,–,–,–,102,74.9,–,–,–,–,–,–,–,9.53,8.86,–,–,–,–,–,–,–,–,–,–,8.46,–,54.3,–,273.0,1460.0,1080.0,163.0,19.8,439.0,390.0,43.9,–,–,–,64900,–,818,–,–,–,–,–,–,–,–,–,–,–,–,–,–,–,–,–,–,–,–,–,–,–,–,–,–,–,–,–,–,–,–,1.73
HSS,HSS20X4X.313,HSS20X4X5/16,–,48.86,13.4,–,–,20,19.1,–,–,–,4,3.13,–,–,–,–,–,–,–,0.3125,0.291,–,–,–,–,–,–,–,–,–,–,10.7,–,65.7,–,560.0,75.6,56.0,6.46,41.2,22.9,20.6,1.75,–,,–,134,–,42.4,–,–,–,–,–,–,–,–,–,–,–,–,–,–,–,–,–,–,–,–,–,–,–,–,–,–,–,–,–,–,–,–,HSS508X101.6X7.9,HSS508X101.6X7.9,72.7,8650,–,–,508,485,–,–,–,102,79.5,–,–,–,–,–,–,–,7.94,7.39,–,–,–,–,–,–,–,–,–,–,10.7,–,65.7,–,233.0,1240.0,918.0,164.0,17.1,375.0,338.0,44.5,–,–,–,55800,–,695,–,–,–,–,–,–,–,–,–,–,–,–,–,–,–,–,–,–,–,–,–,–,–,–,–,–,–,–,–,–,–,–,1.75
HSS,HSS20X4X.250,HSS20X4X1/4,–,39.43,10.8,–,–,20,19.3,–,–,–,4,3.3,–,–,–,–,–,–,–,0.25,0.233,–,–,–,–,–,–,–,–,–,–,14.2,–,82.8,–,458.0,61.5,45.8,6.5,34.3,18.7,17.1,1.78,–,,–,111,–,34.7,–,–,–,–,–,–,–,–,–,–,–,–,–,–,–,–,–,–,–,–,–,–,–,–,–,–,–,–,–,–,–,–,HSS508X101.6X6.4,HSS508X101.6X6.4,58.7,6970,–,–,508,490,–,–,–,102,83.8,–,–,–,–,–,–,–,6.35,5.92,–,–,–,–,–,–,–,–,–,–,14.2,–,82.8,–,191.0,1010.0,751.0,165.0,14.3,306.0,280.0,45.2,–,–,–,46200,–,569,–,–,–,–,–,–,–,–,–,–,–,–,–,–,–,–,–,–,–,–,–,–,–,–,–,–,–,–,–,–,–,–,1.78
HSS,HSS18X18X1,HSS18X18X1,–,222.63,61.3,–,–,18,15.2,–,–,–,18,15.2,–,–,–,–,–,–,–,1,0.93,–,–,–,–,–,–,–,–,–,–,16.4,–,16.4,–,2920.0,387.0,324.0,6.9,2920.0,387.0,324.0,6.9,–,,–,4740,–,539,–,–,–,–,–,–,–,–,–,–,–,–,–,–,–,–,–,–,–,–,–,–,–,–,–,–,–,–,–,–,–,–,HSS457.2X457.2X25.4,HSS457.2X457.2X25.4,331.0,39500,–,–,457,386,–,–,–,457,386,–,–,–,–,–,–,–,25.4,23.6,–,–,–,–,–,–,–,–,–,–,16.4,–,16.4,–,1220.0,6340.0,5310.0,175.0,1220.0,6340.0,5310.0,175.0,–,–,–,1970000,–,8830,–,–,–,–,–,–,–,–,–,–,–,–,–,–,–,–,–,–,–,–,–,–,–,–,–,–,–,–,–,–,–,–,6.9
HSS,HSS18X18X.875,HSS18X18X7/8,–,197.24,54.3,–,–,18,15.6,–,–,–,18,15.6,–,–,–,–,–,–,–,0.875,0.814,–,–,–,–,–,–,–,–,–,–,19.2,–,19.2,–,2630.0,346.0,292.0,6.96,2630.0,346.0,292.0,6.96,–,,–,4220,–,479,–,–,–,–,–,–,–,–,–,–,–,–,–,–,–,–,–,–,–,–,–,–,–,–,–,–,–,–,–,–,–,–,HSS457.2X457.2X22.2,HSS457.2X457.2X22.2,293.0,35000,–,–,457,396,–,–,–,457,396,–,–,–,–,–,–,–,22.2,20.7,–,–,–,–,–,–,–,–,–,–,19.2,–,19.2,–,1090.0,5670.0,4790.0,177.0,1090.0,5670.0,4790.0,177.0,–,–,–,1760000,–,7850,–,–,–,–,–,–,–,–,–,–,–,–,–,–,–,–,–,–,–,–,–,–,–,–,–,–,–,–,–,–,–,–,6.96
HSS,HSS18X18X.750,HSS18X18X3/4,–,171.16,47.1,–,–,18,15.9,–,–,–,18,15.9,–,–,–,–,–,–,–,0.75,0.698,–,–,–,–,–,–,–,–,–,–,22.8,–,22.8,–,2320.0,302.0,258.0,7.02,2320.0,302.0,258.0,7.02,–,,–,3690,–,417,–,–,–,–,–,–,–,–,–,–,–,–,–,–,–,–,–,–,–,–,–,–,–,–,–,–,–,–,–,–,–,–,HSS457.2X457.2X19.0,HSS457.2X457.2X19.0,255.0,30400,–,–,457,404,–,–,–,457,404,–,–,–,–,–,–,–,19.1,17.7,–,–,–,–,–,–,–,–,–,–,22.8,–,22.8,–,966.0,4950.0,4230.0,178.0,966.0,4950.0,4230.0,178.0,–,–,–,1540000,–,6830,–,–,–,–,–,–,–,–,–,–,–,–,–,–,–,–,–,–,–,–,–,–,–,–,–,–,–,–,–,–,–,–,7.02
HSS,HSS18X18X.625,HSS18X18X5/8,–,144.39,39.6,–,–,18,16.3,–,–,–,18,16.3,–,–,–,–,–,–,–,0.625,0.581,–,–,–,–,–,–,–,–,–,–,28.1,–,28.1,–,1980.0,257.0,220.0,7.07,1980.0,257.0,220.0,7.07,–,,–,3120,–,352,–,–,–,–,–,–,–,–,–,–,–,–,–,–,–,–,–,–,–,–,–,–,–,–,–,–,–,–,–,–,–,–,HSS457.2X457.2X15.9,HSS457.2X457.2X15.9,215.0,25500,–,–,457,414,–,–,–,457,414,–,–,–,–,–,–,–,15.9,14.8,–,–,–,–,–,–,–,–,–,–,28.1,–,28.1,–,824.0,4210.0,3610.0,180.0,824.0,4210.0,3610.0,180.0,–,–,–,1300000,–,5770,–,–,–,–,–,–,–,–,–,–,–,–,–,–,–,–,–,–,–,–,–,–,–,–,–,–,–,–,–,–,–,–,7.07
HSS,HSS18X18X.500,HSS18X18X1/2,–,116.91,32.1,–,–,18,16.6,–,–,–,18,16.6,–,–,–,–,–,–,–,0.5,0.465,–,–,–,–,–,–,–,–,–,–,35.7,–,35.7,–,1630.0,210.0,181.0,7.13,1630.0,210.0,181.0,7.13,–,,–,2540,–,286,–,–,–,–,–,–,–,–,–,–,–,–,–,–,–,–,–,–,–,–,–,–,–,–,–,–,–,–,–,–,–,–,HSS457.2X457.2X12.7,HSS457.2X457.2X12.7,174.0,20700,–,–,457,422,–,–,–,457,422,–,–,–,–,–,–,–,12.7,11.8,–,–,–,–,–,–,–,–,–,–,35.7,–,35.7,–,678.0,3440.0,2970.0,181.0,678.0,3440.0,2970.0,181.0,–,–,–,1060000,–,4690,–,–,–,–,–,–,–,–,–,–,–,–,–,–,–,–,–,–,–,–,–,–,–,–,–,–,–,–,–,–,–,–,7.13
HSS,HSS18X18X.375,HSS18X18X3/8,–,88.73,24.3,–,–,18,17,–,–,–,18,17.0,–,–,–,–,–,–,–,0.375,0.349,–,–,–,–,–,–,–,–,–,–,48.6,–,48.6,–,1250.0,160.0,139.0,7.18,1250.0,160.0,139.0,7.18,–,,–,1940,–,217,–,–,–,–,–,–,–,–,–,–,–,–,–,–,–,–,–,–,–,–,–,–,–,–,–,–,–,–,–,–,–,–,HSS457.2X457.2X9.5,HSS457.2X457.2X9.5,132.0,15700,–,–,457,432,–,–,–,457,432,–,–,–,–,–,–,–,9.53,8.86,–,–,–,–,–,–,–,–,–,–,48.6,–,48.6,–,520.0,2620.0,2280.0,182.0,520.0,2620.0,2280.0,182.0,–,–,–,807000,–,3560,–,–,–,–,–,–,–,–,–,–,–,–,–,–,–,–,–,–,–,–,–,–,–,–,–,–,–,–,–,–,–,–,7.18
HSS,HSS18X18X.313,HSS18X18X5/16,–,74.38,20.4,–,–,18,17.1,–,–,–,18,17.1,–,–,–,–,–,–,–,0.3125,0.291,–,–,–,–,–,–,–,–,–,–,58.9,–,58.9,–,1060.0,135.0,118.0,7.21,1060.0,135.0,118.0,7.21,–,,–,1630,–,182,–,–,–,–,–,–,–,–,–,–,–,–,–,–,–,–,–,–,–,–,–,–,–,–,–,–,–,–,–,–,–,–,HSS457.2X457.2X7.9,HSS457.2X457.2X7.9,111.0,13200,–,–,457,434,–,–,–,457,434,–,–,–,–,–,–,–,7.95,7.39,–,–,–,–,–,–,–,–,–,–,58.9,–,58.9,–,441.0,2210.0,1930.0,183.0,441.0,2210.0,1930.0,183.0,–,–,–,678000,–,2980,–,–,–,–,–,–,–,–,–,–,–,–,–,–,–,–,–,–,–,–,–,–,–,–,–,–,–,–,–,–,–,–,7.21
HSS,HSS18X18X.250,HSS18X18X1/4,–,59.85,16.4,–,–,18,17.3,–,–,–,18,17.3,–,–,–,–,–,–,–,0.25,0.233,–,–,–,–,–,–,–,–,–,–,74.3,–,74.3,–,860.0,109.0,95.6,7.24,860.0,109.0,95.6,7.24,–,,–,1320,–,147,–,–,–,–,–,–,–,–,–,–,–,–,–,–,–,–,–,–,–,–,–,–,–,–,–,–,–,–,–,–,–,–,HSS457.2X457.2X6.4,HSS457.2X457.2X6.4,89.1,10600,–,–,457,439,–,–,–,457,439,–,–,–,–,–,–,–,6.35,5.92,–,–,–,–,–,–,–,–,–,–,74.3,–,74.3,–,358.0,1790.0,1570.0,184.0,358.0,1790.0,1570.0,184.0,–,–,–,549000,–,2410,–,–,–,–,–,–,–,–,–,–,–,–,–,–,–,–,–,–,–,–,–,–,–,–,–,–,–,–,–,–,–,–,7.24
HSS,HSS18X10X.625,HSS18X10X5/8,–,110.36,30.3,–,–,18,16.3,–,–,–,10,8.26,–,–,–,–,–,–,–,0.625,0.581,–,–,–,–,–,–,–,–,–,–,14.2,–,28,–,1280.0,176.0,142.0,6.49,511.0,117.0,102.0,4.1,–,,–,1190,–,190,–,–,–,–,–,–,–,–,–,–,–,–,–,–,–,–,–,–,–,–,–,–,–,–,–,–,–,–,–,–,–,–,HSS457.2X254X15.9,HSS457.2X254X15.9,164.0,19500,–,–,457,414,–,–,–,254,210,–,–,–,–,–,–,–,15.9,14.8,–,–,–,–,–,–,–,–,–,–,14.2,–,28,–,533.0,2880.0,2330.0,165.0,213.0,1920.0,1670.0,104.0,–,–,–,495000,–,3110,–,–,–,–,–,–,–,–,–,–,–,–,–,–,–,–,–,–,–,–,–,–,–,–,–,–,–,–,–,–,–,–,4.1
HSS,HSS18X10X.500,HSS18X10X1/2,–,89.68,24.6,–,–,18,16.6,–,–,–,10,8.61,–,–,–,–,–,–,–,0.5,0.465,–,–,–,–,–,–,–,–,–,–,18.5,–,35.7,–,1060.0,144.0,117.0,6.55,425.0,96.2,85.0,4.16,–,,–,977,–,155,–,–,–,–,–,–,–,–,–,–,–,–,–,–,–,–,–,–,–,–,–,–,–,–,–,–,–,–,–,–,–,–,HSS457.2X254X12.7,HSS457.2X254X12.7,133.0,15900,–,–,457,422,–,–,–,254,219,–,–,–,–,–,–,–,12.7,11.8,–,–,–,–,–,–,–,–,–,–,18.5,–,35.7,–,441.0,2360.0,1920.0,166.0,177.0,1580.0,1390.0,106.0,–,–,–,407000,–,2540,–,–,–,–,–,–,–,–,–,–,–,–,–,–,–,–,–,–,–,–,–,–,–,–,–,–,–,–,–,–,–,–,4.16
HSS,HSS18X10X.375,HSS18X10X3/8,–,68.31,18.7,–,–,18,17,–,–,–,10,8.95,–,–,–,–,–,–,–,0.375,0.349,–,–,–,–,–,–,–,–,–,–,25.7,–,48.6,–,820.0,111.0,91.1,6.61,332.0,74.2,66.4,4.21,–,,–,752,–,119,–,–,–,–,–,–,–,–,–,–,–,–,–,–,–,–,–,–,–,–,–,–,–,–,–,–,–,–,–,–,–,–,HSS457.2X254X9.5,HSS457.2X254X9.5,102.0,12100,–,–,457,432,–,–,–,254,227,–,–,–,–,–,–,–,9.53,8.86,–,–,–,–,–,–,–,–,–,–,25.7,–,48.6,–,341.0,1820.0,1490.0,168.0,138.0,1220.0,1090.0,107.0,–,–,–,313000,–,1950,–,–,–,–,–,–,–,–,–,–,–,–,–,–,–,–,–,–,–,–,–,–,–,–,–,–,–,–,–,–,–,–,4.21
HSS,HSS18X10X.313,HSS18X10X5/16,–,57.36,15.7,–,–,18,17.1,–,–,–,10,9.13,–,–,–,–,–,–,–,0.3125,0.291,–,–,–,–,–,–,–,–,–,–,31.4,–,58.9,–,695.0,93.7,77.2,6.65,282.0,62.7,56.4,4.23,–,,–,635,–,100,–,–,–,–,–,–,–,–,–,–,–,–,–,–,–,–,–,–,–,–,–,–,–,–,–,–,–,–,–,–,–,–,HSS457.2X254X7.9,HSS457.2X254X7.9,85.4,10100,–,–,457,434,–,–,–,254,232,–,–,–,–,–,–,–,7.95,7.39,–,–,–,–,–,–,–,–,–,–,31.4,–,58.9,–,289.0,1540.0,1270.0,169.0,117.0,1030.0,924.0,107.0,–,–,–,264000,–,1640,–,–,–,–,–,–,–,–,–,–,–,–,–,–,–,–,–,–,–,–,–,–,–,–,–,–,–,–,–,–,–,–,4.23
HSS,HSS18X10X.250,HSS18X10X1/4,–,46.24,12.7,–,–,18,17.3,–,–,–,10,9.30,–,–,–,–,–,–,–,0.25,0.233,–,–,–,–,–,–,–,–,–,–,39.9,–,74.3,–,566.0,76.0,62.9,6.68,230.0,50.9,46.1,4.26,–,,–,515,–,80.8,–,–,–,–,–,–,–,–,–,–,–,–,–,–,–,–,–,–,–,–,–,–,–,–,–,–,–,–,–,–,–,–,HSS457.2X254X6.4,HSS457.2X254X6.4,68.8,8190,–,–,457,439,–,–,–,254,236,–,–,–,–,–,–,–,6.35,5.92,–,–,–,–,–,–,–,–,–,–,39.9,–,74.3,–,236.0,1250.0,1030.0,170.0,95.7,834.0,755.0,108.0,–,–,–,214000,–,1320,–,–,–,–,–,–,–,–,–,–,–,–,–,–,–,–,–,–,–,–,–,–,–,–,–,–,–,–,–,–,–,–,4.26
HSS,HSS18X8X.625,HSS18X8X5/8,–,101.85000000000001,28.0,–,–,18,16.3,–,–,–,8,6.26,–,–,–,–,–,–,–,0.625,0.581,–,–,–,–,–,–,–,–,–,–,10.8,–,28,–,1100.0,156.0,122.0,6.27,306.0,87.8,76.6,3.31,–,,–,797,–,149,–,–,–,–,–,–,–,–,–,–,–,–,–,–,–,–,–,–,–,–,–,–,–,–,–,–,–,–,–,–,–,–,HSS457.2X203.2X15.9,HSS457.2X203.2X15.9,152.0,18100,–,–,457,414,–,–,–,203,159,–,–,–,–,–,–,–,15.9,14.8,–,–,–,–,–,–,–,–,–,–,10.8,–,28,–,458.0,2560.0,2000.0,159.0,127.0,1440.0,1260.0,84.1,–,–,–,332000,–,2440,–,–,–,–,–,–,–,–,–,–,–,–,–,–,–,–,–,–,–,–,–,–,–,–,–,–,–,–,–,–,–,–,3.31
HSS,HSS18X8X.500,HSS18X8X1/2,–,82.88,22.8,–,–,18,16.6,–,–,–,8,6.61,–,–,–,–,–,–,–,0.5,0.465,–,–,–,–,–,–,–,–,–,–,14.2,–,35.7,–,913.0,128.0,101.0,6.33,257.0,72.5,64.2,3.36,–,,–,659,–,122,–,–,–,–,–,–,–,–,–,–,–,–,–,–,–,–,–,–,–,–,–,–,–,–,–,–,–,–,–,–,–,–,HSS457.2X203.2X12.7,HSS457.2X203.2X12.7,123.0,14700,–,–,457,422,–,–,–,203,168,–,–,–,–,–,–,–,12.7,11.8,–,–,–,–,–,–,–,–,–,–,14.2,–,35.7,–,380.0,2100.0,1660.0,161.0,107.0,1190.0,1050.0,85.3,–,–,–,274000,–,2000,–,–,–,–,–,–,–,–,–,–,–,–,–,–,–,–,–,–,–,–,–,–,–,–,–,–,–,–,–,–,–,–,3.36
HSS,HSS18X8X.375,HSS18X8X3/8,–,63.21,17.3,–,–,18,17,–,–,–,8,6.95,–,–,–,–,–,–,–,0.375,0.349,–,–,–,–,–,–,–,–,–,–,19.9,–,48.6,–,711.0,98.7,79.0,6.4,202.0,56.1,50.5,3.41,–,,–,510,–,94.1,–,–,–,–,–,–,–,–,–,–,–,–,–,–,–,–,–,–,–,–,–,–,–,–,–,–,–,–,–,–,–,–,HSS457.2X203.2X9.5,HSS457.2X203.2X9.5,94.1,11200,–,–,457,432,–,–,–,203,177,–,–,–,–,–,–,–,9.53,8.86,–,–,–,–,–,–,–,–,–,–,19.9,–,48.6,–,296.0,1620.0,1290.0,163.0,84.1,919.0,828.0,86.6,–,–,–,212000,–,1540,–,–,–,–,–,–,–,–,–,–,–,–,–,–,–,–,–,–,–,–,–,–,–,–,–,–,–,–,–,–,–,–,3.41
HSS,HSS18X8X.313,HSS18X8X5/16,–,53.11,14.6,–,–,18,17.1,–,–,–,8,7.13,–,–,–,–,–,–,–,0.3125,0.291,–,–,–,–,–,–,–,–,–,–,24.5,–,58.9,–,604.0,83.4,67.1,6.44,172.0,47.5,43.0,3.44,–,,–,432,–,79.4,–,–,–,–,–,–,–,–,–,–,–,–,–,–,–,–,–,–,–,–,–,–,–,–,–,–,–,–,–,–,–,–,HSS457.2X203.2X7.9,HSS457.2X203.2X7.9,79.0,9420,–,–,457,434,–,–,–,203,181,–,–,–,–,–,–,–,7.95,7.39,–,–,–,–,–,–,–,–,–,–,24.5,–,58.9,–,251.0,1370.0,1100.0,164.0,71.6,778.0,705.0,87.4,–,–,–,180000,–,1300,–,–,–,–,–,–,–,–,–,–,–,–,–,–,–,–,–,–,–,–,–,–,–,–,–,–,–,–,–,–,–,–,3.44
HSS,HSS18X8X.250,HSS18X8X1/4,–,42.84,11.8,–,–,18,17.3,–,–,–,8,7.30,–,–,–,–,–,–,–,0.25,0.233,–,–,–,–,–,–,–,–,–,–,31.3,–,74.3,–,492.0,67.7,54.7,6.47,141.0,38.6,35.2,3.46,–,,–,351,–,64.3,–,–,–,–,–,–,–,–,–,–,–,–,–,–,–,–,–,–,–,–,–,–,–,–,–,–,–,–,–,–,–,–,HSS457.2X203.2X6.4,HSS457.2X203.2X6.4,63.8,7610,–,–,457,439,–,–,–,203,185,–,–,–,–,–,–,–,6.35,5.92,–,–,–,–,–,–,–,–,–,–,31.3,–,74.3,–,205.0,1110.0,896.0,164.0,58.7,633.0,577.0,87.9,–,–,–,146000,–,1050,–,–,–,–,–,–,–,–,–,–,–,–,–,–,–,–,–,–,–,–,–,–,–,–,–,–,–,–,–,–,–,–,3.46
HSS,HSS18X6X.750,HSS18X6X3/4,–,109.91,30.3,–,–,18,15.9,–,–,–,6,3.91,–,–,–,–,–,–,–,0.75,0.698,–,–,–,–,–,–,–,–,–,–,5.6,–,22.8,–,1060.0,158.0,118.0,5.92,179.0,70.4,59.6,2.43,–,,–,530,–,127,–,–,–,–,–,–,–,–,–,–,–,–,–,–,–,–,–,–,–,–,–,–,–,–,–,–,–,–,–,–,–,–,HSS457.2X152.4X19.0,HSS457.2X152.4X19.0,164.0,19500,–,–,457,404,–,–,–,152,99.3,–,–,–,–,–,–,–,19.1,17.7,–,–,–,–,–,–,–,–,–,–,5.6,–,22.8,–,441.0,2590.0,1930.0,150.0,74.5,1150.0,977.0,61.7,–,–,–,221000,–,2080,–,–,–,–,–,–,–,–,–,–,–,–,–,–,–,–,–,–,–,–,–,–,–,–,–,–,–,–,–,–,–,–,2.43
HSS,HSS18X6X.625,HSS18X6X5/8,–,93.34,25.7,–,–,18,16.3,–,–,–,6,4.26,–,–,–,–,–,–,–,0.625,0.581,–,–,–,–,–,–,–,–,–,–,7.33,–,28,–,923.0,135.0,103.0,6.0,158.0,61.0,52.7,2.48,–,,–,462,–,109,–,–,–,–,–,–,–,–,–,–,–,–,–,–,–,–,–,–,–,–,–,–,–,–,–,–,–,–,–,–,–,–,HSS457.2X152.4X15.9,HSS457.2X152.4X15.9,139.0,16600,–,–,457,414,–,–,–,152,108,–,–,–,–,–,–,–,15.9,14.8,–,–,–,–,–,–,–,–,–,–,7.33,–,28,–,384.0,2210.0,1690.0,152.0,65.8,1000.0,864.0,63.0,–,–,–,192000,–,1790,–,–,–,–,–,–,–,–,–,–,–,–,–,–,–,–,–,–,–,–,–,–,–,–,–,–,–,–,–,–,–,–,2.48
HSS,HSS18X6X.500,HSS18X6X1/2,–,76.07,20.9,–,–,18,16.6,–,–,–,6,4.61,–,–,–,–,–,–,–,0.5,0.465,–,–,–,–,–,–,–,–,–,–,9.9,–,35.7,–,770.0,112.0,85.6,6.07,134.0,50.7,44.6,2.53,–,,–,387,–,89.9,–,–,–,–,–,–,–,–,–,–,–,–,–,–,–,–,–,–,–,–,–,–,–,–,–,–,–,–,–,–,–,–,HSS457.2X152.4X12.7,HSS457.2X152.4X12.7,113.0,13500,–,–,457,422,–,–,–,152,117,–,–,–,–,–,–,–,12.7,11.8,–,–,–,–,–,–,–,–,–,–,9.9,–,35.7,–,320.0,1840.0,1400.0,154.0,55.8,831.0,731.0,64.3,–,–,–,161000,–,1470,–,–,–,–,–,–,–,–,–,–,–,–,–,–,–,–,–,–,–,–,–,–,–,–,–,–,–,–,–,–,–,–,2.53
HSS,HSS18X6X.375,HSS18X6X3/8,–,58.1,16.0,–,–,18,17,–,–,–,6,4.95,–,–,–,–,–,–,–,0.375,0.349,–,–,–,–,–,–,–,–,–,–,14.2,–,48.6,–,602.0,86.4,66.9,6.15,106.0,39.5,35.5,2.58,–,,–,302,–,69.5,–,–,–,–,–,–,–,–,–,–,–,–,–,–,–,–,–,–,–,–,–,–,–,–,–,–,–,–,–,–,–,–,HSS457.2X152.4X9.5,HSS457.2X152.4X9.5,86.4,10300,–,–,457,432,–,–,–,152,126,–,–,–,–,–,–,–,9.53,8.86,–,–,–,–,–,–,–,–,–,–,14.2,–,48.6,–,251.0,1420.0,1100.0,156.0,44.1,647.0,582.0,65.5,–,–,–,126000,–,1140,–,–,–,–,–,–,–,–,–,–,–,–,–,–,–,–,–,–,–,–,–,–,–,–,–,–,–,–,–,–,–,–,2.58
HSS,HSS18X6X.313,HSS18X6X5/16,–,48.86,13.4,–,–,18,17.1,–,–,–,6,5.13,–,–,–,–,–,–,–,0.3125,0.291,–,–,–,–,–,–,–,–,–,–,17.6,–,58.9,–,513.0,73.1,57.0,6.18,91.3,33.5,30.4,2.61,–,,–,257,–,58.7,–,–,–,–,–,–,–,–,–,–,–,–,–,–,–,–,–,–,–,–,–,–,–,–,–,–,–,–,–,–,–,–,HSS457.2X152.4X7.9,HSS457.2X152.4X7.9,72.7,8650,–,–,457,434,–,–,–,152,130,–,–,–,–,–,–,–,7.94,7.39,–,–,–,–,–,–,–,–,–,–,17.6,–,58.9,–,214.0,1200.0,934.0,157.0,38.0,549.0,498.0,66.3,–,–,–,107000,–,962,–,–,–,–,–,–,–,–,–,–,–,–,–,–,–,–,–,–,–,–,–,–,–,–,–,–,–,–,–,–,–,–,2.61
HSS,HSS18X6X.250,HSS18X6X1/4,–,39.43,10.8,–,–,18,17.3,–,–,–,6,5.3,–,–,–,–,–,–,–,0.25,0.233,–,–,–,–,–,–,–,–,–,–,22.8,–,74.3,–,419.0,59.4,46.5,6.22,75.1,27.3,25.0,2.63,–,,–,210,–,47.7,–,–,–,–,–,–,–,–,–,–,–,–,–,–,–,–,–,–,–,–,–,–,–,–,–,–,–,–,–,–,–,–,HSS457.2X152.4X6.4,HSS457.2X152.4X6.4,58.7,6970,–,–,457,439,–,–,–,152,135,–,–,–,–,–,–,–,6.35,5.92,–,–,–,–,–,–,–,–,–,–,22.8,–,74.3,–,174.0,973.0,762.0,158.0,31.3,447.0,410.0,66.8,–,–,–,87400,–,782,–,–,–,–,–,–,–,–,–,–,–,–,–,–,–,–,–,–,–,–,–,–,–,–,–,–,–,–,–,–,–,–,2.63
HSS,HSS16X16X1,HSS16X16X1,–,195.4,53.8,–,–,16,13.2,–,–,–,16,13.2,–,–,–,–,–,–,–,1,0.93,–,–,–,–,–,–,–,–,–,–,14.2,–,14.2,–,1990.0,300.0,249.0,6.09,1990.0,300.0,249.0,6.09,–,,–,3270,–,419,–,–,–,–,–,–,–,–,–,–,–,–,–,–,–,–,–,–,–,–,–,–,–,–,–,–,–,–,–,–,–,–,HSS406.4X406.4X25.4,HSS406.4X406.4X25.4,291.0,34700,–,–,406,335,–,–,–,406,335,–,–,–,–,–,–,–,25.4,23.6,–,–,–,–,–,–,–,–,–,–,14.2,–,14.2,–,828.0,4920.0,4080.0,155.0,828.0,4920.0,4080.0,155.0,–,–,–,1360000,–,6870,–,–,–,–,–,–,–,–,–,–,–,–,–,–,–,–,–,–,–,–,–,–,–,–,–,–,–,–,–,–,–,–,6.09
HSS,HSS16X16X.875,HSS16X16X7/8,–,173.43,47.7,–,–,16,13.6,–,–,–,16,13.6,–,–,–,–,–,–,–,0.875,0.814,–,–,–,–,–,–,–,–,–,–,16.7,–,16.7,–,1800.0,268.0,225.0,6.14,1800.0,268.0,225.0,6.14,–,,–,2920,–,373,–,–,–,–,–,–,–,–,–,–,–,–,–,–,–,–,–,–,–,–,–,–,–,–,–,–,–,–,–,–,–,–,HSS406.4X406.4X22.2,HSS406.4X406.4X22.2,258.0,30800,–,–,406,345,–,–,–,406,345,–,–,–,–,–,–,–,22.2,20.7,–,–,–,–,–,–,–,–,–,–,16.7,–,16.7,–,749.0,4390.0,3690.0,156.0,749.0,4390.0,3690.0,156.0,–,–,–,1220000,–,6110,–,–,–,–,–,–,–,–,–,–,–,–,–,–,–,–,–,–,–,–,–,–,–,–,–,–,–,–,–,–,–,–,6.14
HSS,HSS16X16X.750,HSS16X16X3/4,–,150.75,41.5,–,–,16,13.9,–,–,–,16,13.9,–,–,–,–,–,–,–,0.75,0.698,–,–,–,–,–,–,–,–,–,–,19.9,–,19.9,–,1590.0,235.0,199.0,6.19,1590.0,235.0,199.0,6.19,–,,–,2560,–,326,–,–,–,–,–,–,–,–,–,–,–,–,–,–,–,–,–,–,–,–,–,–,–,–,–,–,–,–,–,–,–,–,HSS406.4X406.4X19.0,HSS406.4X406.4X19.0,224.0,26800,–,–,406,353,–,–,–,406,353,–,–,–,–,–,–,–,19.1,17.7,–,–,–,–,–,–,–,–,–,–,19.9,–,19.9,–,662.0,3850.0,3260.0,157.0,662.0,3850.0,3260.0,157.0,–,–,–,1070000,–,5340,–,–,–,–,–,–,–,–,–,–,–,–,–,–,–,–,–,–,–,–,–,–,–,–,–,–,–,–,–,–,–,–,6.19
HSS,HSS16X16X.625,HSS16X16X5/8,–,127.37,35.0,–,–,16,14.3,–,–,–,16,14.3,–,–,–,–,–,–,–,0.625,0.581,–,–,–,–,–,–,–,–,–,–,24.5,–,24.5,–,1370.0,200.0,171.0,6.25,1370.0,200.0,171.0,6.25,–,,–,2170,–,276,–,–,–,–,–,–,–,–,–,–,–,–,–,–,–,–,–,–,–,–,–,–,–,–,–,–,–,–,–,–,–,–,HSS406.4X406.4X15.9,HSS406.4X406.4X15.9,189.0,22600,–,–,406,363,–,–,–,406,363,–,–,–,–,–,–,–,15.9,14.8,–,–,–,–,–,–,–,–,–,–,24.5,–,24.5,–,570.0,3280.0,2800.0,159.0,570.0,3280.0,2800.0,159.0,–,–,–,903000,–,4520,–,–,–,–,–,–,–,–,–,–,–,–,–,–,–,–,–,–,–,–,–,–,–,–,–,–,–,–,–,–,–,–,6.25
HSS,HSS16X16X.500,HSS16X16X1/2,–,103.3,28.3,–,–,16,14.6,–,–,–,16,14.6,–,–,–,–,–,–,–,0.5,0.465,–,–,–,–,–,–,–,–,–,–,31.4,–,31.4,–,1130.0,164.0,141.0,6.31,1130.0,164.0,141.0,6.31,–,,–,1770,–,224,–,–,–,–,–,–,–,–,–,–,–,–,–,–,–,–,–,–,–,–,–,–,–,–,–,–,–,–,–,–,–,–,HSS406.4X406.4X12.7,HSS406.4X406.4X12.7,153.0,18300,–,–,406,371,–,–,–,406,371,–,–,–,–,–,–,–,12.7,11.8,–,–,–,–,–,–,–,–,–,–,31.4,–,31.4,–,470.0,2690.0,2310.0,160.0,470.0,2690.0,2310.0,160.0,–,–,–,737000,–,3670,–,–,–,–,–,–,–,–,–,–,–,–,–,–,–,–,–,–,–,–,–,–,–,–,–,–,–,–,–,–,–,–,6.31
HSS,HSS16X16X.375,HSS16X16X3/8,–,78.52,21.5,–,–,16,15,–,–,–,16,15,–,–,–,–,–,–,–,0.375,0.349,–,–,–,–,–,–,–,–,–,–,42.8,–,42.8,–,873.0,126.0,109.0,6.37,873.0,126.0,109.0,6.37,–,,–,1350,–,171,–,–,–,–,–,–,–,–,–,–,–,–,–,–,–,–,–,–,–,–,–,–,–,–,–,–,–,–,–,–,–,–,HSS406.4X406.4X9.5,HSS406.4X406.4X9.5,117.0,13900,–,–,406,381,–,–,–,406,381,–,–,–,–,–,–,–,9.53,8.86,–,–,–,–,–,–,–,–,–,–,42.8,–,42.8,–,363.0,2060.0,1790.0,162.0,363.0,2060.0,1790.0,162.0,–,–,–,562000,–,2800,–,–,–,–,–,–,–,–,–,–,–,–,–,–,–,–,–,–,–,–,–,–,–,–,–,–,–,–,–,–,–,–,6.37
HSS,HSS16X16X.313,HSS16X16X5/16,–,65.87,18.1,–,–,16,15.1,–,–,–,16,15.1,–,–,–,–,–,–,–,0.3125,0.291,–,–,–,–,–,–,–,–,–,–,52,–,52,–,739.0,106.0,92.3,6.39,739.0,106.0,92.3,6.39,–,,–,1140,–,144,–,–,–,–,–,–,–,–,–,–,–,–,–,–,–,–,–,–,–,–,–,–,–,–,–,–,–,–,–,–,–,–,HSS406.4X406.4X7.9,HSS406.4X406.4X7.9,97.9,11700,–,–,406,384,–,–,–,406,384,–,–,–,–,–,–,–,7.94,7.39,–,–,–,–,–,–,–,–,–,–,52,–,52,–,308.0,1740.0,1510.0,162.0,308.0,1740.0,1510.0,162.0,–,–,–,475000,–,2360,–,–,–,–,–,–,–,–,–,–,–,–,–,–,–,–,–,–,–,–,–,–,–,–,–,–,–,–,–,–,–,–,6.39
HSS,HSS16X16X.250,HSS16X16X1/4,–,53.050000000000004,14.6,–,–,16,15.3,–,–,–,16,15.3,–,–,–,–,–,–,–,0.25,0.233,–,–,–,–,–,–,–,–,–,–,65.7,–,65.7,–,600.0,85.8,75.0,6.42,600.0,85.8,75.0,6.42,–,,–,921,–,116,–,–,–,–,–,–,–,–,–,–,–,–,–,–,–,–,–,–,–,–,–,–,–,–,–,–,–,–,–,–,–,–,HSS406.4X406.4X6.4,HSS406.4X406.4X6.4,78.9,9420,–,–,406,389,–,–,–,406,389,–,–,–,–,–,–,–,6.35,5.92,–,–,–,–,–,–,–,–,–,–,65.7,–,65.7,–,250.0,1410.0,1230.0,163.0,250.0,1410.0,1230.0,163.0,–,–,–,383000,–,1900,–,–,–,–,–,–,–,–,–,–,–,–,–,–,–,–,–,–,–,–,–,–,–,–,–,–,–,–,–,–,–,–,6.42
HSS,HSS16X12X1,HSS16X12X1,–,168.18,46.4,–,–,16,13.2,–,–,–,12,9.21,–,–,–,–,–,–,–,1,0.93,–,–,–,–,–,–,–,–,–,–,9.9,–,14.2,–,1570.0,244.0,196.0,5.82,1000.0,200.0,167.0,4.64,–,,–,2030,–,307,–,–,–,–,–,–,–,–,–,–,–,–,–,–,–,–,–,–,–,–,–,–,–,–,–,–,–,–,–,–,–,–,HSS406.4X304.8X25.4,HSS406.4X304.8X25.4,250.0,29900,–,–,406,335,–,–,–,305,234,–,–,–,–,–,–,–,25.4,23.6,–,–,–,–,–,–,–,–,–,–,9.9,–,14.2,–,653.0,4000.0,3210.0,148.0,416.0,3280.0,2740.0,118.0,–,–,–,845000,–,5030,–,–,–,–,–,–,–,–,–,–,–,–,–,–,–,–,–,–,–,–,–,–,–,–,–,–,–,–,–,–,–,–,4.64
HSS,HSS16X12X.875,HSS16X12X7/8,–,149.61,41.2,–,–,16,13.6,–,–,–,12,9.56,–,–,–,–,–,–,–,0.875,0.814,–,–,–,–,–,–,–,–,–,–,11.7,–,16.7,–,1430.0,219.0,178.0,5.88,910.0,179.0,152.0,4.7,–,,–,1830,–,274,–,–,–,–,–,–,–,–,–,–,–,–,–,–,–,–,–,–,–,–,–,–,–,–,–,–,–,–,–,–,–,–,HSS406.4X304.8X22.2,HSS406.4X304.8X22.2,223.0,26600,–,–,406,345,–,–,–,305,243,–,–,–,–,–,–,–,22.2,20.7,–,–,–,–,–,–,–,–,–,–,11.7,–,16.7,–,595.0,3590.0,2920.0,149.0,379.0,2930.0,2490.0,119.0,–,–,–,762000,–,4490,–,–,–,–,–,–,–,–,–,–,–,–,–,–,–,–,–,–,–,–,–,–,–,–,–,–,–,–,–,–,–,–,4.7
HSS,HSS16X12X.750,HSS16X12X3/4,–,130.33,35.9,–,–,16,13.9,–,–,–,12,9.91,–,–,–,–,–,–,–,0.75,0.698,–,–,–,–,–,–,–,–,–,–,14.2,–,19.9,–,1270.0,193.0,159.0,5.95,810.0,158.0,135.0,4.75,–,,–,1610,–,240,–,–,–,–,–,–,–,–,–,–,–,–,–,–,–,–,–,–,–,–,–,–,–,–,–,–,–,–,–,–,–,–,HSS406.4X304.8X19.0,HSS406.4X304.8X19.0,194.0,23200,–,–,406,353,–,–,–,305,252,–,–,–,–,–,–,–,19.1,17.7,–,–,–,–,–,–,–,–,–,–,14.2,–,19.9,–,529.0,3160.0,2610.0,151.0,337.0,2590.0,2210.0,121.0,–,–,–,670000,–,3930,–,–,–,–,–,–,–,–,–,–,–,–,–,–,–,–,–,–,–,–,–,–,–,–,–,–,–,–,–,–,–,–,4.75
HSS,HSS16X12X.625,HSS16X12X5/8,–,110.36,30.3,–,–,16,14.3,–,–,–,12,10.3,–,–,–,–,–,–,–,0.625,0.581,–,–,–,–,–,–,–,–,–,–,17.7,–,24.5,–,1090.0,165.0,136.0,6.0,700.0,135.0,117.0,4.8,–,,–,1370,–,204,–,–,–,–,–,–,–,–,–,–,–,–,–,–,–,–,–,–,–,–,–,–,–,–,–,–,–,–,–,–,–,–,HSS406.4X304.8X15.9,HSS406.4X304.8X15.9,164.0,19500,–,–,406,363,–,–,–,305,262,–,–,–,–,–,–,–,15.9,14.8,–,–,–,–,–,–,–,–,–,–,17.7,–,24.5,–,454.0,2700.0,2230.0,152.0,291.0,2210.0,1920.0,122.0,–,–,–,570000,–,3340,–,–,–,–,–,–,–,–,–,–,–,–,–,–,–,–,–,–,–,–,–,–,–,–,–,–,–,–,–,–,–,–,4.8
HSS,HSS16X12X.500,HSS16X12X1/2,–,89.68,24.6,–,–,16,14.6,–,–,–,12,10.6,–,–,–,–,–,–,–,0.5,0.465,–,–,–,–,–,–,–,–,–,–,22.8,–,31.4,–,904.0,135.0,113.0,6.06,581.0,111.0,96.8,4.86,–,,–,1120,–,166,–,–,–,–,–,–,–,–,–,–,–,–,–,–,–,–,–,–,–,–,–,–,–,–,–,–,–,–,–,–,–,–,HSS406.4X304.8X12.7,HSS406.4X304.8X12.7,133.0,15900,–,–,406,371,–,–,–,305,269,–,–,–,–,–,–,–,12.7,11.8,–,–,–,–,–,–,–,–,–,–,22.8,–,31.4,–,376.0,2210.0,1850.0,154.0,242.0,1820.0,1590.0,123.0,–,–,–,466000,–,2720,–,–,–,–,–,–,–,–,–,–,–,–,–,–,–,–,–,–,–,–,–,–,–,–,–,–,–,–,–,–,–,–,4.86
HSS,HSS16X12X.375,HSS16X12X3/8,–,68.31,18.7,–,–,16,15,–,–,–,12,11,–,–,–,–,–,–,–,0.375,0.349,–,–,–,–,–,–,–,–,–,–,31.4,–,42.8,–,702.0,104.0,87.7,6.12,452.0,85.5,75.3,4.91,–,,–,862,–,127,–,–,–,–,–,–,–,–,–,–,–,–,–,–,–,–,–,–,–,–,–,–,–,–,–,–,–,–,–,–,–,–,HSS406.4X304.8X9.5,HSS406.4X304.8X9.5,102.0,12100,–,–,406,381,–,–,–,305,279,–,–,–,–,–,–,–,9.53,8.86,–,–,–,–,–,–,–,–,–,–,31.4,–,42.8,–,292.0,1700.0,1440.0,155.0,188.0,1400.0,1230.0,125.0,–,–,–,359000,–,2080,–,–,–,–,–,–,–,–,–,–,–,–,–,–,–,–,–,–,–,–,–,–,–,–,–,–,–,–,–,–,–,–,4.91
HSS,HSS16X12X.313,HSS16X12X5/16,–,57.36,15.7,–,–,16,15.1,–,–,–,12,11.1,–,–,–,–,–,–,–,0.3125,0.291,–,–,–,–,–,–,–,–,–,–,38.2,–,52,–,595.0,87.7,74.4,6.15,384.0,72.2,64.0,4.94,–,,–,727,–,107,–,–,–,–,–,–,–,–,–,–,–,–,–,–,–,–,–,–,–,–,–,–,–,–,–,–,–,–,–,–,–,–,HSS406.4X304.8X7.9,HSS406.4X304.8X7.9,85.4,10100,–,–,406,384,–,–,–,305,282,–,–,–,–,–,–,–,7.94,7.39,–,–,–,–,–,–,–,–,–,–,38.2,–,52,–,248.0,1440.0,1220.0,156.0,160.0,1180.0,1050.0,125.0,–,–,–,303000,–,1750,–,–,–,–,–,–,–,–,–,–,–,–,–,–,–,–,–,–,–,–,–,–,–,–,–,–,–,–,–,–,–,–,4.94
HSS,HSS16X10X.625,HSS16X10X5/8,–,101.85000000000001,28.0,–,–,16,14.3,–,–,–,10,8.26,–,–,–,–,–,–,–,0.625,0.581,–,–,–,–,–,–,–,–,–,–,14.2,–,24.5,–,953.0,147.0,119.0,5.84,459.0,106.0,91.8,4.05,–,,–,1010,–,168,–,–,–,–,–,–,–,–,–,–,–,–,–,–,–,–,–,–,–,–,–,–,–,–,–,–,–,–,–,–,–,–,HSS406.4X254X15.9,HSS406.4X254X15.9,152.0,18100,–,–,406,363,–,–,–,254,210,–,–,–,–,–,–,–,15.9,14.8,–,–,–,–,–,–,–,–,–,–,14.2,–,24.5,–,397.0,2410.0,1950.0,148.0,191.0,1740.0,1500.0,103.0,–,–,–,420000,–,2750,–,–,–,–,–,–,–,–,–,–,–,–,–,–,–,–,–,–,–,–,–,–,–,–,–,–,–,–,–,–,–,–,4.05
HSS,HSS16X10X.500,HSS16X10X1/2,–,82.88,22.8,–,–,16,14.6,–,–,–,10,8.61,–,–,–,–,–,–,–,0.5,0.465,–,–,–,–,–,–,–,–,–,–,18.5,–,31.4,–,792.0,121.0,99.0,5.9,383.0,87.3,76.6,4.1,–,,–,829,–,137,–,–,–,–,–,–,–,–,–,–,–,–,–,–,–,–,–,–,–,–,–,–,–,–,–,–,–,–,–,–,–,–,HSS406.4X254X12.7,HSS406.4X254X12.7,123.0,14700,–,–,406,371,–,–,–,254,219,–,–,–,–,–,–,–,12.7,11.8,–,–,–,–,–,–,–,–,–,–,18.5,–,31.4,–,330.0,1980.0,1620.0,150.0,159.0,1430.0,1260.0,104.0,–,–,–,345000,–,2250,–,–,–,–,–,–,–,–,–,–,–,–,–,–,–,–,–,–,–,–,–,–,–,–,–,–,–,–,–,–,–,–,4.1
HSS,HSS16X10X.375,HSS16X10X3/8,–,63.21,17.3,–,–,16,15,–,–,–,10,8.95,–,–,–,–,–,–,–,0.375,0.349,–,–,–,–,–,–,–,–,–,–,25.7,–,42.8,–,616.0,93.0,77.0,5.96,299.0,67.4,59.9,4.15,–,,–,639,–,105,–,–,–,–,–,–,–,–,–,–,–,–,–,–,–,–,–,–,–,–,–,–,–,–,–,–,–,–,–,–,–,–,HSS406.4X254X9.5,HSS406.4X254X9.5,94.1,11200,–,–,406,381,–,–,–,254,227,–,–,–,–,–,–,–,9.53,8.86,–,–,–,–,–,–,–,–,–,–,25.7,–,42.8,–,256.0,1520.0,1260.0,151.0,124.0,1100.0,982.0,105.0,–,–,–,266000,–,1720,–,–,–,–,–,–,–,–,–,–,–,–,–,–,–,–,–,–,–,–,–,–,–,–,–,–,–,–,–,–,–,–,4.15
HSS,HSS16X10X.313,HSS16X10X5/16,–,53.11,14.6,–,–,16,15.1,–,–,–,10,9.13,–,–,–,–,–,–,–,0.3125,0.291,–,–,–,–,–,–,–,–,–,–,31.4,–,52,–,523.0,78.6,65.4,5.99,255.0,57.0,50.9,4.18,–,,–,539,–,88.7,–,–,–,–,–,–,–,–,–,–,–,–,–,–,–,–,–,–,–,–,–,–,–,–,–,–,–,–,–,–,–,–,HSS406.4X254X7.9,HSS406.4X254X7.9,79.0,9420,–,–,406,384,–,–,–,254,232,–,–,–,–,–,–,–,7.95,7.39,–,–,–,–,–,–,–,–,–,–,31.4,–,52,–,218.0,1290.0,1070.0,152.0,106.0,934.0,834.0,106.0,–,–,–,224000,–,1450,–,–,–,–,–,–,–,–,–,–,–,–,–,–,–,–,–,–,–,–,–,–,–,–,–,–,–,–,–,–,–,–,4.18
HSS,HSS16X10X.250,HSS16X10X1/4,–,42.84,11.8,–,–,16,15.3,–,–,–,10,9.30,–,–,–,–,–,–,–,0.25,0.233,–,–,–,–,–,–,–,–,–,–,39.9,–,65.7,–,426.0,63.7,53.3,6.02,208.0,46.3,41.6,4.21,–,,–,437,–,71.7,–,–,–,–,–,–,–,–,–,–,–,–,–,–,–,–,–,–,–,–,–,–,–,–,–,–,–,–,–,–,–,–,HSS406.4X254X6.4,HSS406.4X254X6.4,63.8,7610,–,–,406,389,–,–,–,254,236,–,–,–,–,–,–,–,6.35,5.92,–,–,–,–,–,–,–,–,–,–,39.9,–,65.7,–,177.0,1040.0,873.0,153.0,86.6,759.0,682.0,107.0,–,–,–,182000,–,1170,–,–,–,–,–,–,–,–,–,–,–,–,–,–,–,–,–,–,–,–,–,–,–,–,–,–,–,–,–,–,–,–,4.21
HSS,HSS16X8X.875,HSS16X8X7/8,–,125.79,34.7,–,–,16,13.6,–,–,–,8,5.56,–,–,–,–,–,–,–,0.875,0.814,–,–,–,–,–,–,–,–,–,–,6.83,–,16.7,–,1050.0,170.0,131.0,5.5,348.0,104.0,87.0,3.17,–,,–,888,–,176,–,–,–,–,–,–,–,–,–,–,–,–,–,–,–,–,–,–,–,–,–,–,–,–,–,–,–,–,–,–,–,–,HSS406.4X203.2X22.2,HSS406.4X203.2X22.2,187.0,22400,–,–,406,345,–,–,–,203,141,–,–,–,–,–,–,–,22.2,20.7,–,–,–,–,–,–,–,–,–,–,6.83,–,16.7,–,437.0,2790.0,2150.0,140.0,145.0,1700.0,1430.0,80.5,–,–,–,370000,–,2880,–,–,–,–,–,–,–,–,–,–,–,–,–,–,–,–,–,–,–,–,–,–,–,–,–,–,–,–,–,–,–,–,3.17
HSS,HSS16X8X.750,HSS16X8X3/4,–,109.91,30.3,–,–,16,13.9,–,–,–,8,5.91,–,–,–,–,–,–,–,0.75,0.698,–,–,–,–,–,–,–,–,–,–,8.46,–,19.9,–,939.0,150.0,117.0,5.57,314.0,91.9,78.4,3.22,–,,–,790,–,155,–,–,–,–,–,–,–,–,–,–,–,–,–,–,–,–,–,–,–,–,–,–,–,–,–,–,–,–,–,–,–,–,HSS406.4X203.2X19.0,HSS406.4X203.2X19.0,164.0,19500,–,–,406,353,–,–,–,203,150,–,–,–,–,–,–,–,19.1,17.7,–,–,–,–,–,–,–,–,–,–,8.46,–,19.9,–,391.0,2460.0,1920.0,141.0,131.0,1510.0,1280.0,81.8,–,–,–,329000,–,2540,–,–,–,–,–,–,–,–,–,–,–,–,–,–,–,–,–,–,–,–,–,–,–,–,–,–,–,–,–,–,–,–,3.22
HSS,HSS16X8X.625,HSS16X8X5/8,–,93.34,25.7,–,–,16,14.3,–,–,–,8,6.26,–,–,–,–,–,–,–,0.625,0.581,–,–,–,–,–,–,–,–,–,–,10.8,–,24.5,–,815.0,129.0,102.0,5.64,274.0,79.2,68.6,3.27,–,,–,681,–,132,–,–,–,–,–,–,–,–,–,–,–,–,–,–,–,–,–,–,–,–,–,–,–,–,–,–,–,–,–,–,–,–,HSS406.4X203.2X15.9,HSS406.4X203.2X15.9,139.0,16600,–,–,406,363,–,–,–,203,159,–,–,–,–,–,–,–,15.9,14.8,–,–,–,–,–,–,–,–,–,–,10.8,–,24.5,–,339.0,2110.0,1670.0,143.0,114.0,1300.0,1120.0,83.1,–,–,–,283000,–,2160,–,–,–,–,–,–,–,–,–,–,–,–,–,–,–,–,–,–,–,–,–,–,–,–,–,–,–,–,–,–,–,–,3.27
HSS,HSS16X8X.500,HSS16X8X1/2,–,76.07,20.9,–,–,16,14.6,–,–,–,8,6.6,–,–,–,–,–,–,–,0.5,0.465,–,–,–,–,–,–,–,–,–,–,14.2,–,31.4,–,679.0,106.0,84.9,5.7,230.0,65.5,57.6,3.32,–,,–,563,–,108,–,–,–,–,–,–,–,–,–,–,–,–,–,–,–,–,–,–,–,–,–,–,–,–,–,–,–,–,–,–,–,–,HSS406.4X203.2X12.7,HSS406.4X203.2X12.7,113.0,13500,–,–,406,371,–,–,–,203,168,–,–,–,–,–,–,–,12.7,11.8,–,–,–,–,–,–,–,–,–,–,14.2,–,31.4,–,283.0,1740.0,1390.0,145.0,95.7,1070.0,944.0,84.3,–,–,–,234000,–,1770,–,–,–,–,–,–,–,–,–,–,–,–,–,–,–,–,–,–,–,–,–,–,–,–,–,–,–,–,–,–,–,–,3.32
HSS,HSS16X8X.375,HSS16X8X3/8,–,58.1,16.0,–,–,16,15,–,–,–,8,6.95,–,–,–,–,–,–,–,0.375,0.349,–,–,–,–,–,–,–,–,–,–,19.9,–,42.8,–,531.0,82.1,66.3,5.77,181.0,50.8,45.3,3.37,–,,–,436,–,83.4,–,–,–,–,–,–,–,–,–,–,–,–,–,–,–,–,–,–,–,–,–,–,–,–,–,–,–,–,–,–,–,–,HSS406.4X203.2X9.5,HSS406.4X203.2X9.5,86.4,10300,–,–,406,381,–,–,–,203,177,–,–,–,–,–,–,–,9.53,8.86,–,–,–,–,–,–,–,–,–,–,19.9,–,42.8,–,221.0,1350.0,1090.0,147.0,75.3,832.0,742.0,85.6,–,–,–,181000,–,1370,–,–,–,–,–,–,–,–,–,–,–,–,–,–,–,–,–,–,–,–,–,–,–,–,–,–,–,–,–,–,–,–,3.37
HSS,HSS16X8X.313,HSS16X8X5/16,–,48.86,13.4,–,–,16,15.1,–,–,–,8,7.13,–,–,–,–,–,–,–,0.3125,0.291,–,–,–,–,–,–,–,–,–,–,24.5,–,52,–,451.0,69.4,56.4,5.8,155.0,43.0,38.7,3.4,–,,–,369,–,70.4,–,–,–,–,–,–,–,–,–,–,–,–,–,–,–,–,–,–,–,–,–,–,–,–,–,–,–,–,–,–,–,–,HSS406.4X203.2X7.9,HSS406.4X203.2X7.9,72.7,8650,–,–,406,384,–,–,–,203,181,–,–,–,–,–,–,–,7.94,7.39,–,–,–,–,–,–,–,–,–,–,24.5,–,52,–,188.0,1140.0,924.0,147.0,64.5,705.0,634.0,86.4,–,–,–,154000,–,1150,–,–,–,–,–,–,–,–,–,–,–,–,–,–,–,–,–,–,–,–,–,–,–,–,–,–,–,–,–,–,–,–,3.4
HSS,HSS16X8X.250,HSS16X8X1/4,–,39.43,10.8,–,–,16,15.3,–,–,–,8,7.3,–,–,–,–,–,–,–,0.25,0.233,–,–,–,–,–,–,–,–,–,–,31.3,–,65.7,–,368.0,56.4,46.1,5.83,127.0,35.0,31.7,3.42,–,,–,300,–,57,–,–,–,–,–,–,–,–,–,–,–,–,–,–,–,–,–,–,–,–,–,–,–,–,–,–,–,–,–,–,–,–,HSS406.4X203.2X6.4,HSS406.4X203.2X6.4,58.7,6970,–,–,406,389,–,–,–,203,185,–,–,–,–,–,–,–,6.35,5.92,–,–,–,–,–,–,–,–,–,–,31.3,–,65.7,–,153.0,924.0,755.0,148.0,52.9,574.0,519.0,86.9,–,–,–,125000,–,934,–,–,–,–,–,–,–,–,–,–,–,–,–,–,–,–,–,–,–,–,–,–,–,–,–,–,–,–,–,–,–,–,3.42
HSS,HSS16X6X.625,HSS16X6X5/8,–,84.84,23.3,–,–,16,14.3,–,–,–,6,4.26,–,–,–,–,–,–,–,0.625,0.581,–,–,–,–,–,–,–,–,–,–,7.33,–,24.5,–,677.0,111.0,84.6,5.38,141.0,54.7,46.9,2.46,–,,–,398,–,96.3,–,–,–,–,–,–,–,–,–,–,–,–,–,–,–,–,–,–,–,–,–,–,–,–,–,–,–,–,–,–,–,–,HSS406.4X152.4X15.9,HSS406.4X152.4X15.9,126.0,15000,–,–,406,363,–,–,–,152,108,–,–,–,–,–,–,–,15.9,14.8,–,–,–,–,–,–,–,–,–,–,7.33,–,24.5,–,282.0,1820.0,1390.0,137.0,58.7,896.0,769.0,62.5,–,–,–,166000,–,1580,–,–,–,–,–,–,–,–,–,–,–,–,–,–,–,–,–,–,–,–,–,–,–,–,–,–,–,–,–,–,–,–,2.46
HSS,HSS16X6X.500,HSS16X6X1/2,–,69.27,19.0,–,–,16,14.6,–,–,–,6,4.61,–,–,–,–,–,–,–,0.5,0.465,–,–,–,–,–,–,–,–,–,–,9.9,–,31.4,–,567.0,91.7,70.9,5.46,120.0,45.5,39.9,2.51,–,,–,333,–,79.6,–,–,–,–,–,–,–,–,–,–,–,–,–,–,–,–,–,–,–,–,–,–,–,–,–,–,–,–,–,–,–,–,HSS406.4X152.4X12.7,HSS406.4X152.4X12.7,103.0,12300,–,–,406,371,–,–,–,152,117,–,–,–,–,–,–,–,12.7,11.8,–,–,–,–,–,–,–,–,–,–,9.9,–,31.4,–,236.0,1500.0,1160.0,139.0,49.9,746.0,654.0,63.8,–,–,–,139000,–,1300,–,–,–,–,–,–,–,–,–,–,–,–,–,–,–,–,–,–,–,–,–,–,–,–,–,–,–,–,–,–,–,–,2.51
HSS,HSS16X6X.375,HSS16X6X3/8,–,53.0,14.6,–,–,16,15,–,–,–,6,4.95,–,–,–,–,–,–,–,0.375,0.349,–,–,–,–,–,–,–,–,–,–,14.2,–,42.8,–,445.0,71.1,55.6,5.53,95.3,35.5,31.8,2.56,–,,–,260,–,61.6,–,–,–,–,–,–,–,–,–,–,–,–,–,–,–,–,–,–,–,–,–,–,–,–,–,–,–,–,–,–,–,–,HSS406.4X152.4X9.5,HSS406.4X152.4X9.5,78.9,9420,–,–,406,381,–,–,–,152,126,–,–,–,–,–,–,–,9.53,8.86,–,–,–,–,–,–,–,–,–,–,14.2,–,42.8,–,185.0,1170.0,911.0,140.0,39.7,582.0,521.0,65.0,–,–,–,108000,–,1010,–,–,–,–,–,–,–,–,–,–,–,–,–,–,–,–,–,–,–,–,–,–,–,–,–,–,–,–,–,–,–,–,2.56
HSS,HSS16X6X.313,HSS16X6X5/16,–,44.6,12.2,–,–,16,15.1,–,–,–,6,5.13,–,–,–,–,–,–,–,0.3125,0.291,–,–,–,–,–,–,–,–,–,–,17.6,–,52,–,379.0,60.3,47.4,5.57,81.8,30.2,27.3,2.58,–,,–,222,–,52.1,–,–,–,–,–,–,–,–,–,–,–,–,–,–,–,–,–,–,–,–,–,–,–,–,–,–,–,–,–,–,–,–,HSS406.4X152.4X7.9,HSS406.4X152.4X7.9,66.4,7870,–,–,406,384,–,–,–,152,130,–,–,–,–,–,–,–,7.95,7.39,–,–,–,–,–,–,–,–,–,–,17.6,–,52,–,158.0,988.0,777.0,141.0,34.0,495.0,447.0,65.5,–,–,–,92400,–,854,–,–,–,–,–,–,–,–,–,–,–,–,–,–,–,–,–,–,–,–,–,–,–,–,–,–,–,–,–,–,–,–,2.58
HSS,HSS16X6X.250,HSS16X6X1/4,–,36.03,9.9,–,–,16,15.3,–,–,–,6,5.30,–,–,–,–,–,–,–,0.25,0.233,–,–,–,–,–,–,–,–,–,–,22.8,–,65.7,–,311.0,49.0,38.8,5.6,67.4,24.7,22.5,2.61,–,,–,181,–,42.3,–,–,–,–,–,–,–,–,–,–,–,–,–,–,–,–,–,–,–,–,–,–,–,–,–,–,–,–,–,–,–,–,HSS406.4X152.4X6.4,HSS406.4X152.4X6.4,53.6,6390,–,–,406,389,–,–,–,152,135,–,–,–,–,–,–,–,6.35,5.92,–,–,–,–,–,–,–,–,–,–,22.8,–,65.7,–,129.0,803.0,636.0,142.0,28.1,405.0,369.0,66.3,–,–,–,75300,–,693,–,–,–,–,–,–,–,–,–,–,–,–,–,–,–,–,–,–,–,–,–,–,–,–,–,–,–,–,–,–,–,–,2.61
HSS,HSS16X6X.188,HSS16X6X3/16,–,27.29,7.46,–,–,16,15.5,–,–,–,6,5.48,–,–,–,–,–,–,–,0.1875,0.174,–,–,–,–,–,–,–,–,–,–,31.5,–,89,–,237.0,37.2,29.6,5.64,51.8,18.8,17.3,2.64,–,,–,138,–,32.1,–,–,–,–,–,–,–,–,–,–,–,–,–,–,–,–,–,–,–,–,–,–,–,–,–,–,–,–,–,–,–,–,HSS406.4X152.4X4.8,HSS406.4X152.4X4.8,40.6,4810,–,–,406,394,–,–,–,152,139,–,–,–,–,–,–,–,4.78,4.42,–,–,–,–,–,–,–,–,–,–,31.5,–,89,–,98.6,610.0,485.0,143.0,21.6,308.0,283.0,67.1,–,–,–,57400,–,526,–,–,–,–,–,–,–,–,–,–,–,–,–,–,–,–,–,–,–,–,–,–,–,–,–,–,–,–,–,–,–,–,2.64
HSS,HSS16X4X.625,HSS16X4X5/8,–,76.33,21.0,–,–,16,14.3,–,–,–,4,2.26,–,–,–,–,–,–,–,0.625,0.581,–,–,–,–,–,–,–,–,–,–,3.88,–,24.5,–,539.0,92.9,67.3,5.06,54.1,32.5,27.0,1.6,–,,–,174,–,60.5,–,–,–,–,–,–,–,–,–,–,–,–,–,–,–,–,–,–,–,–,–,–,–,–,–,–,–,–,–,–,–,–,HSS406.4X101.6X15.9,HSS406.4X101.6X15.9,113.0,13500,–,–,406,363,–,–,–,102,57.4,–,–,–,–,–,–,–,15.9,14.8,–,–,–,–,–,–,–,–,–,–,3.88,–,24.5,–,224.0,1520.0,1100.0,129.0,22.5,533.0,442.0,40.6,–,–,–,72400,–,991,–,–,–,–,–,–,–,–,–,–,–,–,–,–,–,–,–,–,–,–,–,–,–,–,–,–,–,–,–,–,–,–,1.6
HSS,HSS16X4X.500,HSS16X4X1/2,–,62.46,17.2,–,–,16,14.6,–,–,–,4,2.6,–,–,–,–,–,–,–,0.5,0.465,–,–,–,–,–,–,–,–,–,–,5.6,–,31.4,–,455.0,77.3,56.9,5.15,47.0,27.4,23.5,1.65,–,,–,150,–,50.7,–,–,–,–,–,–,–,–,–,–,–,–,–,–,–,–,–,–,–,–,–,–,–,–,–,–,–,–,–,–,–,–,HSS406.4X101.6X12.7,HSS406.4X101.6X12.7,92.7,11100,–,–,406,371,–,–,–,102,66,–,–,–,–,–,–,–,12.7,11.8,–,–,–,–,–,–,–,–,–,–,5.6,–,31.4,–,189.0,1270.0,932.0,131.0,19.6,449.0,385.0,41.9,–,–,–,62400,–,831,–,–,–,–,–,–,–,–,–,–,–,–,–,–,–,–,–,–,–,–,–,–,–,–,–,–,–,–,–,–,–,–,1.65
HSS,HSS16X4X.375,HSS16X4X3/8,–,47.9,13.2,–,–,16,15,–,–,–,4,2.95,–,–,–,–,–,–,–,0.375,0.349,–,–,–,–,–,–,–,–,–,–,8.46,–,42.8,–,360.0,60.2,45.0,5.23,38.3,21.7,19.1,1.71,–,,–,120,–,39.7,–,–,–,–,–,–,–,–,–,–,–,–,–,–,–,–,–,–,–,–,–,–,–,–,–,–,–,–,–,–,–,–,HSS406.4X101.6X9.5,HSS406.4X101.6X9.5,71.2,8520,–,–,406,381,–,–,–,102,74.9,–,–,–,–,–,–,–,9.53,8.86,–,–,–,–,–,–,–,–,–,–,8.46,–,42.8,–,150.0,987.0,737.0,133.0,15.9,356.0,313.0,43.4,–,–,–,49900,–,651,–,–,–,–,–,–,–,–,–,–,–,–,–,–,–,–,–,–,–,–,–,–,–,–,–,–,–,–,–,–,–,–,1.71
HSS,HSS16X4X.313,HSS16X4X5/16,–,40.35,11.1,–,–,16,15.1,–,–,–,4,3.13,–,–,–,–,–,–,–,0.3125,0.291,–,–,–,–,–,–,–,–,–,–,10.7,–,52,–,308.0,51.1,38.5,5.27,33.2,18.5,16.6,1.73,–,,–,103,–,33.8,–,–,–,–,–,–,–,–,–,–,–,–,–,–,–,–,–,–,–,–,–,–,–,–,–,–,–,–,–,–,–,–,HSS406.4X101.6X7.9,HSS406.4X101.6X7.9,60.0,7160,–,–,406,384,–,–,–,102,79.5,–,–,–,–,–,–,–,7.94,7.39,–,–,–,–,–,–,–,–,–,–,10.7,–,52,–,128.0,837.0,631.0,134.0,13.8,303.0,272.0,43.9,–,–,–,42900,–,554,–,–,–,–,–,–,–,–,–,–,–,–,–,–,–,–,–,–,–,–,–,–,–,–,–,–,–,–,–,–,–,–,1.73
HSS,HSS16X4X.250,HSS16X4X1/4,–,32.63,8.96,–,–,16,15.3,–,–,–,4,3.3,–,–,–,–,–,–,–,0.25,0.233,–,–,–,–,–,–,–,–,–,–,14.2,–,65.7,–,253.0,41.7,31.6,5.31,27.7,15.2,13.8,1.76,–,,–,85.2,–,27.6,–,–,–,–,–,–,–,–,–,–,–,–,–,–,–,–,–,–,–,–,–,–,–,–,–,–,–,–,–,–,–,–,HSS406.4X101.6X6.4,HSS406.4X101.6X6.4,48.6,5780,–,–,406,389,–,–,–,102,83.8,–,–,–,–,–,–,–,6.35,5.92,–,–,–,–,–,–,–,–,–,–,14.2,–,65.7,–,105.0,683.0,518.0,135.0,11.5,249.0,226.0,44.7,–,–,–,35500,–,452,–,–,–,–,–,–,–,–,–,–,–,–,–,–,–,–,–,–,–,–,–,–,–,–,–,–,–,–,–,–,–,–,1.76
HSS,HSS16X4X.188,HSS16X4X3/16,–,24.73,6.76,–,–,16,15.5,–,–,–,4,3.48,–,–,–,–,–,–,–,0.1875,0.174,–,–,–,–,–,–,–,–,–,–,20,–,89,–,193.0,31.7,24.2,5.35,21.5,11.7,10.8,1.78,–,,–,65.5,–,21.1,–,–,–,–,–,–,–,–,–,–,–,–,–,–,–,–,–,–,–,–,–,–,–,–,–,–,–,–,–,–,–,–,HSS406.4X101.6X4.8,HSS406.4X101.6X4.8,36.7,4360,–,–,406,394,–,–,–,102,88.4,–,–,–,–,–,–,–,4.76,4.42,–,–,–,–,–,–,–,–,–,–,20,–,89,–,80.3,519.0,397.0,136.0,8.95,192.0,177.0,45.2,–,–,–,27300,–,346,–,–,–,–,–,–,–,–,–,–,–,–,–,–,–,–,–,–,–,–,–,–,–,–,–,–,–,–,–,–,–,–,1.78
HSS,HSS14X14X1,HSS14X14X1,–,168.18,46.4,–,–,14,11.2,–,–,–,14,11.2,–,–,–,–,–,–,–,1,0.93,–,–,–,–,–,–,–,–,–,–,12.1,–,12.1,–,1290.0,224.0,184.0,5.27,1290.0,224.0,184.0,5.27,–,,–,2130,–,315,–,–,–,–,–,–,–,–,–,–,–,–,–,–,–,–,–,–,–,–,–,–,–,–,–,–,–,–,–,–,–,–,HSS355.6X355.6X25.4,HSS355.6X355.6X25.4,250.0,29900,–,–,356,284,–,–,–,356,284,–,–,–,–,–,–,–,25.4,23.6,–,–,–,–,–,–,–,–,–,–,12.1,–,12.1,–,537.0,3670.0,3020.0,134.0,537.0,3670.0,3020.0,134.0,–,–,–,887000,–,5160,–,–,–,–,–,–,–,–,–,–,–,–,–,–,–,–,–,–,–,–,–,–,–,–,–,–,–,–,–,–,–,–,5.27
HSS,HSS14X14X.875,HSS14X14X7/8,–,149.61,41.2,–,–,14,11.6,–,–,–,14,11.6,–,–,–,–,–,–,–,0.875,0.814,–,–,–,–,–,–,–,–,–,–,14.3,–,14.3,–,1170.0,201.0,167.0,5.33,1170.0,201.0,167.0,5.33,–,,–,1910,–,281,–,–,–,–,–,–,–,–,–,–,–,–,–,–,–,–,–,–,–,–,–,–,–,–,–,–,–,–,–,–,–,–,HSS355.6X355.6X22.2,HSS355.6X355.6X22.2,223.0,26600,–,–,356,295,–,–,–,356,295,–,–,–,–,–,–,–,22.2,20.7,–,–,–,–,–,–,–,–,–,–,14.3,–,14.3,–,487.0,3290.0,2740.0,135.0,487.0,3290.0,2740.0,135.0,–,–,–,795000,–,4610,–,–,–,–,–,–,–,–,–,–,–,–,–,–,–,–,–,–,–,–,–,–,–,–,–,–,–,–,–,–,–,–,5.33
HSS,HSS14X14X.750,HSS14X14X3/4,–,130.33,35.9,–,–,14,11.9,–,–,–,14,11.9,–,–,–,–,–,–,–,0.75,0.698,–,–,–,–,–,–,–,–,–,–,17,–,17,–,1040.0,177.0,149.0,5.38,1040.0,177.0,149.0,5.38,–,,–,1680,–,246,–,–,–,–,–,–,–,–,–,–,–,–,–,–,–,–,–,–,–,–,–,–,–,–,–,–,–,–,–,–,–,–,HSS355.6X355.6X19.0,HSS355.6X355.6X19.0,194.0,23200,–,–,356,302,–,–,–,356,302,–,–,–,–,–,–,–,19.1,17.7,–,–,–,–,–,–,–,–,–,–,17,–,17,–,433.0,2900.0,2440.0,137.0,433.0,2900.0,2440.0,137.0,–,–,–,699000,–,4030,–,–,–,–,–,–,–,–,–,–,–,–,–,–,–,–,–,–,–,–,–,–,–,–,–,–,–,–,–,–,–,–,5.38
HSS,HSS14X14X.625,HSS14X14X5/8,–,110.36,30.3,–,–,14,12.3,–,–,–,14,12.3,–,–,–,–,–,–,–,0.625,0.581,–,–,–,–,–,–,–,–,–,–,21.1,–,21.1,–,897.0,151.0,128.0,5.44,897.0,151.0,128.0,5.44,–,,–,1430,–,208,–,–,–,–,–,–,–,–,–,–,–,–,–,–,–,–,–,–,–,–,–,–,–,–,–,–,–,–,–,–,–,–,HSS355.6X355.6X15.9,HSS355.6X355.6X15.9,164.0,19500,–,–,356,312,–,–,–,356,312,–,–,–,–,–,–,–,15.9,14.8,–,–,–,–,–,–,–,–,–,–,21.1,–,21.1,–,373.0,2470.0,2100.0,138.0,373.0,2470.0,2100.0,138.0,–,–,–,595000,–,3410,–,–,–,–,–,–,–,–,–,–,–,–,–,–,–,–,–,–,–,–,–,–,–,–,–,–,–,–,–,–,–,–,5.44
HSS,HSS14X14X.500,HSS14X14X1/2,–,89.68,24.6,–,–,14,12.6,–,–,–,14,12.6,–,–,–,–,–,–,–,0.5,0.465,–,–,–,–,–,–,–,–,–,–,27.1,–,27.1,–,743.0,124.0,106.0,5.49,743.0,124.0,106.0,5.49,–,,–,1170,–,170,–,–,–,–,–,–,–,–,–,–,–,–,–,–,–,–,–,–,–,–,–,–,–,–,–,–,–,–,–,–,–,–,HSS355.6X355.6X12.7,HSS355.6X355.6X12.7,133.0,15900,–,–,356,320,–,–,–,356,320,–,–,–,–,–,–,–,12.7,11.8,–,–,–,–,–,–,–,–,–,–,27.1,–,27.1,–,309.0,2030.0,1740.0,139.0,309.0,2030.0,1740.0,139.0,–,–,–,487000,–,2790,–,–,–,–,–,–,–,–,–,–,–,–,–,–,–,–,–,–,–,–,–,–,–,–,–,–,–,–,–,–,–,–,5.49
HSS,HSS14X14X.375,HSS14X14X3/8,–,68.31,18.7,–,–,14,13,–,–,–,14,13,–,–,–,–,–,–,–,0.375,0.349,–,–,–,–,–,–,–,–,–,–,37.1,–,37.1,–,577.0,95.4,82.5,5.55,577.0,95.4,82.5,5.55,–,,–,900,–,130,–,–,–,–,–,–,–,–,–,–,–,–,–,–,–,–,–,–,–,–,–,–,–,–,–,–,–,–,–,–,–,–,HSS355.6X355.6X9.5,HSS355.6X355.6X9.5,102.0,12100,–,–,356,330,–,–,–,356,330,–,–,–,–,–,–,–,9.53,8.86,–,–,–,–,–,–,–,–,–,–,37.1,–,37.1,–,240.0,1560.0,1350.0,141.0,240.0,1560.0,1350.0,141.0,–,–,–,375000,–,2130,–,–,–,–,–,–,–,–,–,–,–,–,–,–,–,–,–,–,–,–,–,–,–,–,–,–,–,–,–,–,–,–,5.55
HSS,HSS14X14X.313,HSS14X14X5/16,–,57.36,15.7,–,–,14,13.1,–,–,–,14,13.1,–,–,–,–,–,–,–,0.3125,0.291,–,–,–,–,–,–,–,–,–,–,45.1,–,45.1,–,490.0,80.5,69.9,5.58,490.0,80.5,69.9,5.58,–,,–,759,–,109,–,–,–,–,–,–,–,–,–,–,–,–,–,–,–,–,–,–,–,–,–,–,–,–,–,–,–,–,–,–,–,–,HSS355.6X355.6X7.9,HSS355.6X355.6X7.9,85.3,10100,–,–,356,333,–,–,–,356,333,–,–,–,–,–,–,–,7.94,7.39,–,–,–,–,–,–,–,–,–,–,45.1,–,45.1,–,204.0,1320.0,1150.0,142.0,204.0,1320.0,1150.0,142.0,–,–,–,316000,–,1790,–,–,–,–,–,–,–,–,–,–,–,–,–,–,–,–,–,–,–,–,–,–,–,–,–,–,–,–,–,–,–,–,5.58
HSS,HSS14X14X.250,HSS14X14X1/4,–,46.24,12.7,–,–,14,13.3,–,–,–,14,13.3,–,–,–,–,–,–,–,0.25,0.233,–,–,–,–,–,–,–,–,–,–,57.1,–,57.1,–,399.0,65.3,57.0,5.6,399.0,65.3,57.0,5.6,–,,–,614,–,88.3,–,–,–,–,–,–,–,–,–,–,–,–,–,–,–,–,–,–,–,–,–,–,–,–,–,–,–,–,–,–,–,–,HSS355.6X355.6X6.4,HSS355.6X355.6X6.4,68.8,8190,–,–,356,338,–,–,–,356,338,–,–,–,–,–,–,–,6.35,5.92,–,–,–,–,–,–,–,–,–,–,57.1,–,57.1,–,166.0,1070.0,934.0,142.0,166.0,1070.0,934.0,142.0,–,–,–,256000,–,1450,–,–,–,–,–,–,–,–,–,–,–,–,–,–,–,–,–,–,–,–,–,–,–,–,–,–,–,–,–,–,–,–,5.6
HSS,HSS14X12X.625,HSS14X12X5/8,–,101.85000000000001,28.0,–,–,14,12.3,–,–,–,12,10.3,–,–,–,–,–,–,–,0.625,0.581,–,–,–,–,–,–,–,–,–,–,17.7,–,21.1,–,792.0,135.0,113.0,5.32,624.0,122.0,104.0,4.72,–,,–,1120,–,177,–,–,–,–,–,–,–,–,–,–,–,–,–,–,–,–,–,–,–,–,–,–,–,–,–,–,–,–,–,–,–,–,HSS355.6X304.8X15.9,HSS355.6X304.8X15.9,152.0,18100,–,–,356,312,–,–,–,305,262,–,–,–,–,–,–,–,15.9,14.8,–,–,–,–,–,–,–,–,–,–,17.7,–,21.1,–,330.0,2210.0,1850.0,135.0,260.0,2000.0,1700.0,120.0,–,–,–,466000,–,2900,–,–,–,–,–,–,–,–,–,–,–,–,–,–,–,–,–,–,–,–,–,–,–,–,–,–,–,–,–,–,–,–,4.72
HSS,HSS14X12X.500,HSS14X12X1/2,–,82.88,22.8,–,–,14,12.6,–,–,–,12,10.6,–,–,–,–,–,–,–,0.5,0.465,–,–,–,–,–,–,–,–,–,–,22.8,–,27.1,–,658.0,111.0,94.0,5.38,519.0,100.0,86.5,4.78,–,,–,921,–,145,–,–,–,–,–,–,–,–,–,–,–,–,–,–,–,–,–,–,–,–,–,–,–,–,–,–,–,–,–,–,–,–,HSS355.6X304.8X12.7,HSS355.6X304.8X12.7,123.0,14700,–,–,356,320,–,–,–,305,269,–,–,–,–,–,–,–,12.7,11.8,–,–,–,–,–,–,–,–,–,–,22.8,–,27.1,–,274.0,1820.0,1540.0,137.0,216.0,1640.0,1420.0,121.0,–,–,–,383000,–,2380,–,–,–,–,–,–,–,–,–,–,–,–,–,–,–,–,–,–,–,–,–,–,–,–,–,–,–,–,–,–,–,–,4.78
HSS,HSS14X12X.375,HSS14X12X3/8,–,63.21,17.3,–,–,14,13,–,–,–,12,11.0,–,–,–,–,–,–,–,0.375,0.349,–,–,–,–,–,–,–,–,–,–,31.4,–,37.1,–,512.0,85.9,73.2,5.43,405.0,77.4,67.4,4.83,–,,–,708,–,111,–,–,–,–,–,–,–,–,–,–,–,–,–,–,–,–,–,–,–,–,–,–,–,–,–,–,–,–,–,–,–,–,HSS355.6X304.8X9.5,HSS355.6X304.8X9.5,94.1,11200,–,–,356,330,–,–,–,305,279,–,–,–,–,–,–,–,9.53,8.86,–,–,–,–,–,–,–,–,–,–,31.4,–,37.1,–,213.0,1410.0,1200.0,138.0,169.0,1270.0,1100.0,123.0,–,–,–,295000,–,1820,–,–,–,–,–,–,–,–,–,–,–,–,–,–,–,–,–,–,–,–,–,–,–,–,–,–,–,–,–,–,–,–,4.83
HSS,HSS14X12X.313,HSS14X12X5/16,–,53.11,14.6,–,–,14,13.1,–,–,–,12,11.1,–,–,–,–,–,–,–,0.3125,0.291,–,–,–,–,–,–,–,–,–,–,38.2,–,45.1,–,435.0,72.6,62.1,5.46,344.0,65.4,57.3,4.86,–,,–,598,–,93.3,–,–,–,–,–,–,–,–,–,–,–,–,–,–,–,–,–,–,–,–,–,–,–,–,–,–,–,–,–,–,–,–,HSS355.6X304.8X7.9,HSS355.6X304.8X7.9,79.0,9420,–,–,356,333,–,–,–,305,282,–,–,–,–,–,–,–,7.95,7.39,–,–,–,–,–,–,–,–,–,–,38.2,–,45.1,–,181.0,1190.0,1020.0,139.0,143.0,1070.0,939.0,123.0,–,–,–,249000,–,1530,–,–,–,–,–,–,–,–,–,–,–,–,–,–,–,–,–,–,–,–,–,–,–,–,–,–,–,–,–,–,–,–,4.86
HSS,HSS14X12X.250,HSS14X12X1/4,–,42.84,11.8,–,–,14,13.3,–,–,–,12,11.3,–,–,–,–,–,–,–,0.25,0.233,–,–,–,–,–,–,–,–,–,–,48.5,–,57.1,–,354.0,58.9,50.6,5.49,280.0,53.0,46.7,4.88,–,,–,484,–,75.4,–,–,–,–,–,–,–,–,–,–,–,–,–,–,–,–,–,–,–,–,–,–,–,–,–,–,–,–,–,–,–,–,HSS355.6X304.8X6.4,HSS355.6X304.8X6.4,63.8,7610,–,–,356,338,–,–,–,305,287,–,–,–,–,–,–,–,6.35,5.92,–,–,–,–,–,–,–,–,–,–,48.5,–,57.1,–,147.0,965.0,829.0,139.0,117.0,869.0,765.0,124.0,–,–,–,201000,–,1240,–,–,–,–,–,–,–,–,–,–,–,–,–,–,–,–,–,–,–,–,–,–,–,–,–,–,–,–,–,–,–,–,4.88
HSS,HSS14X10X.875,HSS14X10X7/8,–,125.79,34.7,–,–,14,11.6,–,–,–,10,7.56,–,–,–,–,–,–,–,0.875,0.814,–,–,–,–,–,–,–,–,–,–,9.29,–,14.2,–,886.0,158.0,127.0,5.05,522.0,125.0,104.0,3.88,–,,–,1100,–,195,–,–,–,–,–,–,–,–,–,–,–,–,–,–,–,–,–,–,–,–,–,–,–,–,–,–,–,–,–,–,–,–,HSS355.6X254X22.2,HSS355.6X254X22.2,187.0,22400,–,–,356,295,–,–,–,254,192,–,–,–,–,–,–,–,22.2,20.7,–,–,–,–,–,–,–,–,–,–,9.29,–,14.2,–,369.0,2590.0,2080.0,128.0,217.0,2050.0,1700.0,98.6,–,–,–,458000,–,3200,–,–,–,–,–,–,–,–,–,–,–,–,–,–,–,–,–,–,–,–,–,–,–,–,–,–,–,–,–,–,–,–,3.88
HSS,HSS14X10X.750,HSS14X10X3/4,–,109.91,30.3,–,–,14,11.9,–,–,–,10,7.91,–,–,–,–,–,–,–,0.75,0.698,–,–,–,–,–,–,–,–,–,–,11.3,–,17.1,–,792.0,140.0,113.0,5.11,468.0,111.0,93.6,3.93,–,,–,970,–,171,–,–,–,–,–,–,–,–,–,–,–,–,–,–,–,–,–,–,–,–,–,–,–,–,–,–,–,–,–,–,–,–,HSS355.6X254X19.0,HSS355.6X254X19.0,164.0,19500,–,–,356,302,–,–,–,254,201,–,–,–,–,–,–,–,19.1,17.7,–,–,–,–,–,–,–,–,–,–,11.3,–,17.1,–,330.0,2290.0,1850.0,130.0,195.0,1820.0,1530.0,99.8,–,–,–,404000,–,2800,–,–,–,–,–,–,–,–,–,–,–,–,–,–,–,–,–,–,–,–,–,–,–,–,–,–,–,–,–,–,–,–,3.93
HSS,HSS14X10X.625,HSS14X10X5/8,–,93.34,25.7,–,–,14,12.3,–,–,–,10,8.26,–,–,–,–,–,–,–,0.625,0.581,–,–,–,–,–,–,–,–,–,–,14.2,–,21.1,–,687.0,120.0,98.2,5.17,407.0,95.1,81.5,3.98,–,,–,832,–,146,–,–,–,–,–,–,–,–,–,–,–,–,–,–,–,–,–,–,–,–,–,–,–,–,–,–,–,–,–,–,–,–,HSS355.6X254X15.9,HSS355.6X254X15.9,139.0,16600,–,–,356,312,–,–,–,254,210,–,–,–,–,–,–,–,15.9,14.8,–,–,–,–,–,–,–,–,–,–,14.2,–,21.1,–,286.0,1970.0,1610.0,131.0,169.0,1560.0,1340.0,101.0,–,–,–,346000,–,2390,–,–,–,–,–,–,–,–,–,–,–,–,–,–,–,–,–,–,–,–,–,–,–,–,–,–,–,–,–,–,–,–,3.98
HSS,HSS14X10X.500,HSS14X10X1/2,–,76.07,20.9,–,–,14,12.6,–,–,–,10,8.6,–,–,–,–,–,–,–,0.5,0.465,–,–,–,–,–,–,–,–,–,–,18.5,–,27.1,–,573.0,98.8,81.8,5.23,341.0,78.5,68.1,4.04,–,,–,685,–,120,–,–,–,–,–,–,–,–,–,–,–,–,–,–,–,–,–,–,–,–,–,–,–,–,–,–,–,–,–,–,–,–,HSS355.6X254X12.7,HSS355.6X254X12.7,113.0,13500,–,–,356,320,–,–,–,254,218,–,–,–,–,–,–,–,12.7,11.8,–,–,–,–,–,–,–,–,–,–,18.5,–,27.1,–,239.0,1620.0,1340.0,133.0,142.0,1290.0,1120.0,103.0,–,–,–,285000,–,1970,–,–,–,–,–,–,–,–,–,–,–,–,–,–,–,–,–,–,–,–,–,–,–,–,–,–,–,–,–,–,–,–,4.04
HSS,HSS14X10X.375,HSS14X10X3/8,–,58.1,16.0,–,–,14,13,–,–,–,10,8.95,–,–,–,–,–,–,–,0.375,0.349,–,–,–,–,–,–,–,–,–,–,25.7,–,37.1,–,447.0,76.3,63.9,5.29,267.0,60.7,53.4,4.09,–,,–,528,–,91.8,–,–,–,–,–,–,–,–,–,–,–,–,–,–,–,–,–,–,–,–,–,–,–,–,–,–,–,–,–,–,–,–,HSS355.6X254X9.5,HSS355.6X254X9.5,86.4,10300,–,–,356,330,–,–,–,254,227,–,–,–,–,–,–,–,9.53,8.86,–,–,–,–,–,–,–,–,–,–,25.7,–,37.1,–,186.0,1250.0,1050.0,134.0,111.0,995.0,875.0,104.0,–,–,–,220000,–,1500,–,–,–,–,–,–,–,–,–,–,–,–,–,–,–,–,–,–,–,–,–,–,–,–,–,–,–,–,–,–,–,–,4.09
HSS,HSS14X10X.313,HSS14X10X5/16,–,48.86,13.4,–,–,14,13.1,–,–,–,10,9.13,–,–,–,–,–,–,–,0.3125,0.291,–,–,–,–,–,–,–,–,–,–,31.4,–,45.1,–,380.0,64.6,54.3,5.32,227.0,51.4,45.5,4.12,–,,–,446,–,77.4,–,–,–,–,–,–,–,–,–,–,–,–,–,–,–,–,–,–,–,–,–,–,–,–,–,–,–,–,–,–,–,–,HSS355.6X254X7.9,HSS355.6X254X7.9,72.7,8650,–,–,356,333,–,–,–,254,232,–,–,–,–,–,–,–,7.94,7.39,–,–,–,–,–,–,–,–,–,–,31.4,–,45.1,–,158.0,1060.0,890.0,135.0,94.5,842.0,746.0,105.0,–,–,–,186000,–,1270,–,–,–,–,–,–,–,–,–,–,–,–,–,–,–,–,–,–,–,–,–,–,–,–,–,–,–,–,–,–,–,–,4.12
HSS,HSS14X10X.250,HSS14X10X1/4,–,39.43,10.8,–,–,14,13.3,–,–,–,10,9.3,–,–,–,–,–,–,–,0.25,0.233,–,–,–,–,–,–,–,–,–,–,39.9,–,57.1,–,310.0,52.4,44.3,5.35,186.0,41.8,37.2,4.14,–,,–,362,–,62.6,–,–,–,–,–,–,–,–,–,–,–,–,–,–,–,–,–,–,–,–,–,–,–,–,–,–,–,–,–,–,–,–,HSS355.6X254X6.4,HSS355.6X254X6.4,58.7,6970,–,–,356,338,–,–,–,254,236,–,–,–,–,–,–,–,6.35,5.92,–,–,–,–,–,–,–,–,–,–,39.9,–,57.1,–,129.0,859.0,726.0,136.0,77.4,685.0,610.0,105.0,–,–,–,151000,–,1030,–,–,–,–,–,–,–,–,–,–,–,–,–,–,–,–,–,–,–,–,–,–,–,–,–,–,–,–,–,–,–,–,4.14
HSS,HSS14X8X.625,HSS14X8X5/8,–,84.84,23.3,–,–,14,12.3,–,–,–,8,6.26,–,–,–,–,–,–,–,0.625,0.581,–,–,–,–,–,–,–,–,–,–,10.8,–,21.1,–,582.0,104.0,83.2,5.0,242.0,70.5,60.6,3.22,–,,–,566,–,115,–,–,–,–,–,–,–,–,–,–,–,–,–,–,–,–,–,–,–,–,–,–,–,–,–,–,–,–,–,–,–,–,HSS355.6X203.2X15.9,HSS355.6X203.2X15.9,126.0,15000,–,–,356,312,–,–,–,203,159,–,–,–,–,–,–,–,15.9,14.8,–,–,–,–,–,–,–,–,–,–,10.8,–,21.1,–,242.0,1700.0,1360.0,127.0,101.0,1160.0,993.0,81.8,–,–,–,236000,–,1880,–,–,–,–,–,–,–,–,–,–,–,–,–,–,–,–,–,–,–,–,–,–,–,–,–,–,–,–,–,–,–,–,3.22
HSS,HSS14X8X.500,HSS14X8X1/2,–,69.27,19.0,–,–,14,12.6,–,–,–,8,6.61,–,–,–,–,–,–,–,0.5,0.465,–,–,–,–,–,–,–,–,–,–,14.2,–,27.1,–,487.0,86.2,69.6,5.06,204.0,58.5,51.0,3.27,–,,–,469,–,94.5,–,–,–,–,–,–,–,–,–,–,–,–,–,–,–,–,–,–,–,–,–,–,–,–,–,–,–,–,–,–,–,–,HSS355.6X203.2X12.7,HSS355.6X203.2X12.7,103.0,12300,–,–,356,320,–,–,–,203,168,–,–,–,–,–,–,–,12.7,11.8,–,–,–,–,–,–,–,–,–,–,14.2,–,27.1,–,203.0,1410.0,1140.0,129.0,84.9,959.0,836.0,83.1,–,–,–,195000,–,1550,–,–,–,–,–,–,–,–,–,–,–,–,–,–,–,–,–,–,–,–,–,–,–,–,–,–,–,–,–,–,–,–,3.27
HSS,HSS14X8X.375,HSS14X8X3/8,–,53.0,14.6,–,–,14,13,–,–,–,8,6.95,–,–,–,–,–,–,–,0.375,0.349,–,–,–,–,–,–,–,–,–,–,19.9,–,37.1,–,382.0,66.8,54.6,5.12,161.0,45.5,40.2,3.32,–,,–,363,–,72.7,–,–,–,–,–,–,–,–,–,–,–,–,–,–,–,–,–,–,–,–,–,–,–,–,–,–,–,–,–,–,–,–,HSS355.6X203.2X9.5,HSS355.6X203.2X9.5,78.9,9420,–,–,356,330,–,–,–,203,177,–,–,–,–,–,–,–,9.53,8.86,–,–,–,–,–,–,–,–,–,–,19.9,–,37.1,–,159.0,1090.0,895.0,130.0,67.0,746.0,659.0,84.3,–,–,–,151000,–,1190,–,–,–,–,–,–,–,–,–,–,–,–,–,–,–,–,–,–,–,–,–,–,–,–,–,–,–,–,–,–,–,–,3.32
HSS,HSS14X8X.313,HSS14X8X5/16,–,44.6,12.2,–,–,14,13.1,–,–,–,8,7.13,–,–,–,–,–,–,–,0.3125,0.291,–,–,–,–,–,–,–,–,–,–,24.5,–,45.1,–,325.0,56.6,46.5,5.15,138.0,38.6,34.4,3.35,–,,–,308,–,61.4,–,–,–,–,–,–,–,–,–,–,–,–,–,–,–,–,–,–,–,–,–,–,–,–,–,–,–,–,–,–,–,–,HSS355.6X203.2X7.9,HSS355.6X203.2X7.9,66.4,7870,–,–,356,333,–,–,–,203,181,–,–,–,–,–,–,–,7.95,7.39,–,–,–,–,–,–,–,–,–,–,24.5,–,45.1,–,135.0,928.0,762.0,131.0,57.4,633.0,564.0,85.1,–,–,–,128000,–,1010,–,–,–,–,–,–,–,–,–,–,–,–,–,–,–,–,–,–,–,–,–,–,–,–,–,–,–,–,–,–,–,–,3.35
HSS,HSS14X8X.250,HSS14X8X1/4,–,36.03,9.9,–,–,14,13.3,–,–,–,8,7.30,–,–,–,–,–,–,–,0.25,0.233,–,–,–,–,–,–,–,–,–,–,31.3,–,57.1,–,266.0,46.0,38.0,5.19,113.0,31.4,28.2,3.38,–,,–,250,–,49.8,–,–,–,–,–,–,–,–,–,–,–,–,–,–,–,–,–,–,–,–,–,–,–,–,–,–,–,–,–,–,–,–,HSS355.6X203.2X6.4,HSS355.6X203.2X6.4,53.6,6390,–,–,356,338,–,–,–,203,185,–,–,–,–,–,–,–,6.35,5.92,–,–,–,–,–,–,–,–,–,–,31.3,–,57.1,–,111.0,754.0,623.0,132.0,47.0,515.0,462.0,85.9,–,–,–,104000,–,816,–,–,–,–,–,–,–,–,–,–,–,–,–,–,–,–,–,–,–,–,–,–,–,–,–,–,–,–,–,–,–,–,3.38
HSS,HSS14X8X.188,HSS14X8X3/16,–,27.29,7.46,–,–,14,13.5,–,–,–,8,7.48,–,–,–,–,–,–,–,0.1875,0.174,–,–,–,–,–,–,–,–,–,–,43,–,77.5,–,203.0,34.9,29.0,5.22,86.4,23.8,21.6,3.4,–,,–,190,–,37.6,–,–,–,–,–,–,–,–,–,–,–,–,–,–,–,–,–,–,–,–,–,–,–,–,–,–,–,–,–,–,–,–,HSS355.6X203.2X4.8,HSS355.6X203.2X4.8,40.6,4810,–,–,356,343,–,–,–,203,190,–,–,–,–,–,–,–,4.78,4.42,–,–,–,–,–,–,–,–,–,–,43,–,77.5,–,84.5,572.0,475.0,133.0,36.0,390.0,354.0,86.4,–,–,–,79100,–,616,–,–,–,–,–,–,–,–,–,–,–,–,–,–,–,–,–,–,–,–,–,–,–,–,–,–,–,–,–,–,–,–,3.4
HSS,HSS14X6X.625,HSS14X6X5/8,–,76.33,21.0,–,–,14,12.3,–,–,–,6,4.26,–,–,–,–,–,–,–,0.625,0.581,–,–,–,–,–,–,–,–,–,–,7.33,–,21.1,–,478.0,88.7,68.3,4.77,124.0,48.4,41.2,2.43,–,,–,334,–,83.7,–,–,–,–,–,–,–,–,–,–,–,–,–,–,–,–,–,–,–,–,–,–,–,–,–,–,–,–,–,–,–,–,HSS355.6X152.4X15.9,HSS355.6X152.4X15.9,113.0,13500,–,–,356,312,–,–,–,152,108,–,–,–,–,–,–,–,15.9,14.8,–,–,–,–,–,–,–,–,–,–,7.33,–,21.1,–,199.0,1450.0,1120.0,121.0,51.6,793.0,675.0,61.7,–,–,–,139000,–,1370,–,–,–,–,–,–,–,–,–,–,–,–,–,–,–,–,–,–,–,–,–,–,–,–,–,–,–,–,–,–,–,–,2.43
HSS,HSS14X6X.500,HSS14X6X1/2,–,62.46,17.2,–,–,14,12.6,–,–,–,6,4.61,–,–,–,–,–,–,–,0.5,0.465,–,–,–,–,–,–,–,–,–,–,9.9,–,27.1,–,402.0,73.6,57.4,4.84,105.0,40.4,35.1,2.48,–,,–,279,–,69.3,–,–,–,–,–,–,–,–,–,–,–,–,–,–,–,–,–,–,–,–,–,–,–,–,–,–,–,–,–,–,–,–,HSS355.6X152.4X12.7,HSS355.6X152.4X12.7,92.7,11100,–,–,356,320,–,–,–,152,117,–,–,–,–,–,–,–,12.7,11.8,–,–,–,–,–,–,–,–,–,–,9.9,–,27.1,–,167.0,1210.0,941.0,123.0,43.7,662.0,575.0,63.0,–,–,–,116000,–,1140,–,–,–,–,–,–,–,–,–,–,–,–,–,–,–,–,–,–,–,–,–,–,–,–,–,–,–,–,–,–,–,–,2.48
HSS,HSS14X6X.375,HSS14X6X3/8,–,47.9,13.2,–,–,14,13,–,–,–,6,4.95,–,–,–,–,–,–,–,0.375,0.349,–,–,–,–,–,–,–,–,–,–,14.2,–,37.1,–,317.0,57.3,45.3,4.91,84.1,31.6,28.0,2.53,–,,–,219,–,53.7,–,–,–,–,–,–,–,–,–,–,–,–,–,–,–,–,–,–,–,–,–,–,–,–,–,–,–,–,–,–,–,–,HSS355.6X152.4X9.5,HSS355.6X152.4X9.5,71.2,8520,–,–,356,330,–,–,–,152,126,–,–,–,–,–,–,–,9.53,8.86,–,–,–,–,–,–,–,–,–,–,14.2,–,37.1,–,132.0,939.0,742.0,125.0,35.0,518.0,459.0,64.3,–,–,–,91200,–,880,–,–,–,–,–,–,–,–,–,–,–,–,–,–,–,–,–,–,–,–,–,–,–,–,–,–,–,–,–,–,–,–,2.53
HSS,HSS14X6X.313,HSS14X6X5/16,–,40.35,11.1,–,–,14,13.1,–,–,–,6,5.13,–,–,–,–,–,–,–,0.3125,0.291,–,–,–,–,–,–,–,–,–,–,17.6,–,45.1,–,271.0,48.6,38.7,4.94,72.3,26.9,24.1,2.55,–,,–,186,–,45.5,–,–,–,–,–,–,–,–,–,–,–,–,–,–,–,–,–,–,–,–,–,–,–,–,–,–,–,–,–,–,–,–,HSS355.6X152.4X7.9,HSS355.6X152.4X7.9,60.0,7160,–,–,356,333,–,–,–,152,130,–,–,–,–,–,–,–,7.94,7.39,–,–,–,–,–,–,–,–,–,–,17.6,–,45.1,–,113.0,796.0,634.0,125.0,30.1,441.0,395.0,64.8,–,–,–,77400,–,746,–,–,–,–,–,–,–,–,–,–,–,–,–,–,–,–,–,–,–,–,–,–,–,–,–,–,–,–,–,–,–,–,2.55
HSS,HSS14X6X.250,HSS14X6X1/4,–,32.63,8.96,–,–,14,13.3,–,–,–,6,5.3,–,–,–,–,–,–,–,0.25,0.233,–,–,–,–,–,–,–,–,–,–,22.8,–,57.1,–,222.0,39.6,31.7,4.98,59.6,22.0,19.9,2.58,–,,–,152,–,36.9,–,–,–,–,–,–,–,–,–,–,–,–,–,–,–,–,–,–,–,–,–,–,–,–,–,–,–,–,–,–,–,–,HSS355.6X152.4X6.4,HSS355.6X152.4X6.4,48.6,5780,–,–,356,338,–,–,–,152,135,–,–,–,–,–,–,–,6.35,5.92,–,–,–,–,–,–,–,–,–,–,22.8,–,57.1,–,92.4,649.0,519.0,126.0,24.8,361.0,326.0,65.5,–,–,–,63300,–,605,–,–,–,–,–,–,–,–,–,–,–,–,–,–,–,–,–,–,–,–,–,–,–,–,–,–,–,–,–,–,–,–,2.58
HSS,HSS14X6X.188,HSS14X6X3/16,–,24.73,6.76,–,–,14,13.5,–,–,–,6,5.48,–,–,–,–,–,–,–,0.1875,0.174,–,–,–,–,–,–,–,–,–,–,31.5,–,77.5,–,170.0,30.1,24.3,5.01,45.9,16.7,15.3,2.61,–,,–,116,–,28,–,–,–,–,–,–,–,–,–,–,–,–,–,–,–,–,–,–,–,–,–,–,–,–,–,–,–,–,–,–,–,–,HSS355.6X152.4X4.8,HSS355.6X152.4X4.8,36.7,4360,–,–,356,343,–,–,–,152,139,–,–,–,–,–,–,–,4.76,4.42,–,–,–,–,–,–,–,–,–,–,31.5,–,77.5,–,70.8,493.0,398.0,127.0,19.1,274.0,251.0,66.3,–,–,–,48300,–,459,–,–,–,–,–,–,–,–,–,–,–,–,–,–,–,–,–,–,–,–,–,–,–,–,–,–,–,–,–,–,–,–,2.61
HSS,HSS14X4X.625,HSS14X4X5/8,–,67.82,18.7,–,–,14,12.3,–,–,–,4,2.26,–,–,–,–,–,–,–,0.625,0.581,–,–,–,–,–,–,–,–,–,–,3.88,–,21.1,–,373.0,73.1,53.3,4.47,47.2,28.5,23.6,1.59,–,,–,148,–,52.6,–,–,–,–,–,–,–,–,–,–,–,–,–,–,–,–,–,–,–,–,–,–,–,–,–,–,–,–,–,–,–,–,HSS355.6X101.6X15.9,HSS355.6X101.6X15.9,101.0,12100,–,–,356,312,–,–,–,102,57.4,–,–,–,–,–,–,–,15.9,14.8,–,–,–,–,–,–,–,–,–,–,3.88,–,21.1,–,155.0,1200.0,873.0,114.0,19.6,467.0,387.0,40.4,–,–,–,61600,–,862,–,–,–,–,–,–,–,–,–,–,–,–,–,–,–,–,–,–,–,–,–,–,–,–,–,–,–,–,–,–,–,–,1.59
HSS,HSS14X4X.500,HSS14X4X1/2,–,55.66,15.3,–,–,14,12.6,–,–,–,4,2.6,–,–,–,–,–,–,–,0.5,0.465,–,–,–,–,–,–,–,–,–,–,5.6,–,27.1,–,317.0,61.0,45.3,4.55,41.2,24.1,20.6,1.64,–,,–,127,–,44.1,–,–,–,–,–,–,–,–,–,–,–,–,–,–,–,–,–,–,–,–,–,–,–,–,–,–,–,–,–,–,–,–,HSS355.6X101.6X12.7,HSS355.6X101.6X12.7,82.6,9870,–,–,356,320,–,–,–,102,66,–,–,–,–,–,–,–,12.7,11.8,–,–,–,–,–,–,–,–,–,–,5.6,–,27.1,–,132.0,1000.0,742.0,116.0,17.1,395.0,338.0,41.7,–,–,–,52900,–,723,–,–,–,–,–,–,–,–,–,–,–,–,–,–,–,–,–,–,–,–,–,–,–,–,–,–,–,–,–,–,–,–,1.64
HSS,HSS14X4X.375,HSS14X4X3/8,–,42.79,11.8,–,–,14,13,–,–,–,4,2.95,–,–,–,–,–,–,–,0.375,0.349,–,–,–,–,–,–,–,–,–,–,8.46,–,37.1,–,252.0,47.8,36.0,4.63,33.6,19.1,16.8,1.69,–,,–,102,–,34.6,–,–,–,–,–,–,–,–,–,–,–,–,–,–,–,–,–,–,–,–,–,–,–,–,–,–,–,–,–,–,–,–,HSS355.6X101.6X9.5,HSS355.6X101.6X9.5,63.6,7610,–,–,356,330,–,–,–,102,74.9,–,–,–,–,–,–,–,9.53,8.86,–,–,–,–,–,–,–,–,–,–,8.46,–,37.1,–,105.0,783.0,590.0,118.0,14.0,313.0,275.0,42.9,–,–,–,42500,–,567,–,–,–,–,–,–,–,–,–,–,–,–,–,–,–,–,–,–,–,–,–,–,–,–,–,–,–,–,–,–,–,–,1.69
HSS,HSS14X4X.313,HSS14X4X5/16,–,36.1,9.92,–,–,14,13.1,–,–,–,4,3.13,–,–,–,–,–,–,–,0.3125,0.291,–,–,–,–,–,–,–,–,–,–,10.7,–,45.1,–,216.0,40.6,30.9,4.67,29.2,16.4,14.6,1.72,–,,–,87.7,–,29.5,–,–,–,–,–,–,–,–,–,–,–,–,–,–,–,–,–,–,–,–,–,–,–,–,–,–,–,–,–,–,–,–,HSS355.6X101.6X7.9,HSS355.6X101.6X7.9,53.7,6400,–,–,356,333,–,–,–,102,79.5,–,–,–,–,–,–,–,7.94,7.39,–,–,–,–,–,–,–,–,–,–,10.7,–,45.1,–,89.9,665.0,506.0,119.0,12.2,269.0,239.0,43.7,–,–,–,36500,–,483,–,–,–,–,–,–,–,–,–,–,–,–,–,–,–,–,–,–,–,–,–,–,–,–,–,–,–,–,–,–,–,–,1.72
HSS,HSS14X4X.250,HSS14X4X1/4,–,29.23,8.03,–,–,14,13.3,–,–,–,4,3.3,–,–,–,–,–,–,–,0.25,0.233,–,–,–,–,–,–,–,–,–,–,14.2,–,57.1,–,178.0,33.2,25.4,4.71,24.4,13.5,12.2,1.74,–,,–,72.4,–,24.1,–,–,–,–,–,–,–,–,–,–,–,–,–,–,–,–,–,–,–,–,–,–,–,–,–,–,–,–,–,–,–,–,HSS355.6X101.6X6.4,HSS355.6X101.6X6.4,43.5,5180,–,–,356,338,–,–,–,102,83.8,–,–,–,–,–,–,–,6.35,5.92,–,–,–,–,–,–,–,–,–,–,14.2,–,57.1,–,74.1,544.0,416.0,120.0,10.2,221.0,200.0,44.2,–,–,–,30100,–,395,–,–,–,–,–,–,–,–,–,–,–,–,–,–,–,–,–,–,–,–,–,–,–,–,–,–,–,–,–,–,–,–,1.74
HSS,HSS14X4X.188,HSS14X4X3/16,–,22.18,6.06,–,–,14,13.5,–,–,–,4,3.48,–,–,–,–,–,–,–,0.1875,0.174,–,–,–,–,–,–,–,–,–,–,20,–,77.5,–,137.0,25.3,19.5,4.74,19.0,10.3,9.48,1.77,–,,–,55.8,–,18.4,–,–,–,–,–,–,–,–,–,–,–,–,–,–,–,–,–,–,–,–,–,–,–,–,–,–,–,–,–,–,–,–,HSS355.6X101.6X4.8,HSS355.6X101.6X4.8,32.9,3910,–,–,356,343,–,–,–,102,88.4,–,–,–,–,–,–,–,4.76,4.42,–,–,–,–,–,–,–,–,–,–,20,–,77.5,–,57.0,415.0,320.0,120.0,7.91,169.0,155.0,45.0,–,–,–,23200,–,302,–,–,–,–,–,–,–,–,–,–,–,–,–,–,–,–,–,–,–,–,–,–,–,–,–,–,–,–,–,–,–,–,1.77
HSS,HSS12X12X1,HSS12X12X1,–,140.96,39.0,–,–,12,9.21,–,–,–,12,9.21,–,–,–,–,–,–,–,1,0.93,–,–,–,–,–,–,–,–,–,–,9.9,–,9.9,–,772.0,158.0,129.0,4.45,772.0,158.0,129.0,4.45,–,,–,1300,–,225,–,–,–,–,–,–,–,–,–,–,–,–,–,–,–,–,–,–,–,–,–,–,–,–,–,–,–,–,–,–,–,–,HSS304.8X304.8X25.4,HSS304.8X304.8X25.4,210.0,25200,–,–,305,234,–,–,–,305,234,–,–,–,–,–,–,–,25.4,23.6,–,–,–,–,–,–,–,–,–,–,9.9,–,9.9,–,321.0,2590.0,2110.0,113.0,321.0,2590.0,2110.0,113.0,–,–,–,541000,–,3690,–,–,–,–,–,–,–,–,–,–,–,–,–,–,–,–,–,–,–,–,–,–,–,–,–,–,–,–,–,–,–,–,4.45
HSS,HSS12X12X.875,HSS12X12X7/8,–,125.79,34.7,–,–,12,9.56,–,–,–,12,9.56,–,–,–,–,–,–,–,0.875,0.814,–,–,–,–,–,–,–,–,–,–,11.7,–,11.7,–,706.0,143.0,118.0,4.51,706.0,143.0,118.0,4.51,–,,–,1170,–,202,–,–,–,–,–,–,–,–,–,–,–,–,–,–,–,–,–,–,–,–,–,–,–,–,–,–,–,–,–,–,–,–,HSS304.8X304.8X22.2,HSS304.8X304.8X22.2,187.0,22400,–,–,305,243,–,–,–,305,243,–,–,–,–,–,–,–,22.2,20.7,–,–,–,–,–,–,–,–,–,–,11.7,–,11.7,–,294.0,2340.0,1930.0,115.0,294.0,2340.0,1930.0,115.0,–,–,–,487000,–,3310,–,–,–,–,–,–,–,–,–,–,–,–,–,–,–,–,–,–,–,–,–,–,–,–,–,–,–,–,–,–,–,–,4.51
HSS,HSS12X12X.750,HSS12X12X3/4,–,109.91,30.3,–,–,12,9.91,–,–,–,12,9.91,–,–,–,–,–,–,–,0.75,0.698,–,–,–,–,–,–,–,–,–,–,14.2,–,14.2,–,631.0,127.0,105.0,4.56,631.0,127.0,105.0,4.56,–,,–,1030,–,177,–,–,–,–,–,–,–,–,–,–,–,–,–,–,–,–,–,–,–,–,–,–,–,–,–,–,–,–,–,–,–,–,HSS304.8X304.8X19.0,HSS304.8X304.8X19.0,164.0,19500,–,–,305,252,–,–,–,305,252,–,–,–,–,–,–,–,19.1,17.7,–,–,–,–,–,–,–,–,–,–,14.2,–,14.2,–,263.0,2080.0,1720.0,116.0,263.0,2080.0,1720.0,116.0,–,–,–,429000,–,2900,–,–,–,–,–,–,–,–,–,–,–,–,–,–,–,–,–,–,–,–,–,–,–,–,–,–,–,–,–,–,–,–,4.56
HSS,HSS12X12X.625,HSS12X12X5/8,–,93.34,25.7,–,–,12,10.3,–,–,–,12,10.3,–,–,–,–,–,–,–,0.625,0.581,–,–,–,–,–,–,–,–,–,–,17.7,–,17.7,–,548.0,109.0,91.4,4.62,548.0,109.0,91.4,4.62,–,,–,885,–,151,–,–,–,–,–,–,–,–,–,–,–,–,–,–,–,–,–,–,–,–,–,–,–,–,–,–,–,–,–,–,–,–,HSS304.8X304.8X15.9,HSS304.8X304.8X15.9,139.0,16600,–,–,305,262,–,–,–,305,262,–,–,–,–,–,–,–,15.9,14.8,–,–,–,–,–,–,–,–,–,–,17.7,–,17.7,–,228.0,1790.0,1500.0,117.0,228.0,1790.0,1500.0,117.0,–,–,–,368000,–,2470,–,–,–,–,–,–,–,–,–,–,–,–,–,–,–,–,–,–,–,–,–,–,–,–,–,–,–,–,–,–,–,–,4.62
HSS,HSS12X12X.500,HSS12X12X1/2,–,76.07,20.9,–,–,12,10.6,–,–,–,12,10.6,–,–,–,–,–,–,–,0.5,0.465,–,–,–,–,–,–,–,–,–,–,22.8,–,22.8,–,457.0,89.6,76.2,4.68,457.0,89.6,76.2,4.68,–,,–,728,–,123,–,–,–,–,–,–,–,–,–,–,–,–,–,–,–,–,–,–,–,–,–,–,–,–,–,–,–,–,–,–,–,–,HSS304.8X304.8X12.7,HSS304.8X304.8X12.7,113.0,13500,–,–,305,269,–,–,–,305,269,–,–,–,–,–,–,–,12.7,11.8,–,–,–,–,–,–,–,–,–,–,22.8,–,22.8,–,190.0,1470.0,1250.0,119.0,190.0,1470.0,1250.0,119.0,–,–,–,303000,–,2020,–,–,–,–,–,–,–,–,–,–,–,–,–,–,–,–,–,–,–,–,–,–,–,–,–,–,–,–,–,–,–,–,4.68
HSS,HSS12X12X.375,HSS12X12X3/8,–,58.1,16.0,–,–,12,11,–,–,–,12,11,–,–,–,–,–,–,–,0.375,0.349,–,–,–,–,–,–,–,–,–,–,31.4,–,31.4,–,357.0,69.2,59.5,4.73,357.0,69.2,59.5,4.73,–,,–,561,–,94.6,–,–,–,–,–,–,–,–,–,–,–,–,–,–,–,–,–,–,–,–,–,–,–,–,–,–,–,–,–,–,–,–,HSS304.8X304.8X9.5,HSS304.8X304.8X9.5,86.3,10300,–,–,305,279,–,–,–,305,279,–,–,–,–,–,–,–,9.53,8.86,–,–,–,–,–,–,–,–,–,–,31.4,–,31.4,–,149.0,1130.0,975.0,120.0,149.0,1130.0,975.0,120.0,–,–,–,234000,–,1550,–,–,–,–,–,–,–,–,–,–,–,–,–,–,–,–,–,–,–,–,–,–,–,–,–,–,–,–,–,–,–,–,4.73
HSS,HSS12X12X.313,HSS12X12X5/16,–,48.86,13.4,–,–,12,11.1,–,–,–,12,11.1,–,–,–,–,–,–,–,0.3125,0.291,–,–,–,–,–,–,–,–,–,–,38.2,–,38.2,–,304.0,58.6,50.7,4.76,304.0,58.6,50.7,4.76,–,,–,474,–,79.7,–,–,–,–,–,–,–,–,–,–,–,–,–,–,–,–,–,–,–,–,–,–,–,–,–,–,–,–,–,–,–,–,HSS304.8X304.8X7.9,HSS304.8X304.8X7.9,72.6,8650,–,–,305,282,–,–,–,305,282,–,–,–,–,–,–,–,7.94,7.39,–,–,–,–,–,–,–,–,–,–,38.2,–,38.2,–,127.0,960.0,831.0,121.0,127.0,960.0,831.0,121.0,–,–,–,197000,–,1310,–,–,–,–,–,–,–,–,–,–,–,–,–,–,–,–,–,–,–,–,–,–,–,–,–,–,–,–,–,–,–,–,4.76
HSS,HSS12X12X.250,HSS12X12X1/4,–,39.43,10.8,–,–,12,11.3,–,–,–,12,11.3,–,–,–,–,–,–,–,0.25,0.233,–,–,–,–,–,–,–,–,–,–,48.5,–,48.5,–,248.0,47.6,41.4,4.79,248.0,47.6,41.4,4.79,–,,–,384,–,64.5,–,–,–,–,–,–,–,–,–,–,–,–,–,–,–,–,–,–,–,–,–,–,–,–,–,–,–,–,–,–,–,–,HSS304.8X304.8X6.4,HSS304.8X304.8X6.4,58.6,6970,–,–,305,287,–,–,–,305,287,–,–,–,–,–,–,–,6.35,5.92,–,–,–,–,–,–,–,–,–,–,48.5,–,48.5,–,103.0,780.0,678.0,122.0,103.0,780.0,678.0,122.0,–,–,–,160000,–,1060,–,–,–,–,–,–,–,–,–,–,–,–,–,–,–,–,–,–,–,–,–,–,–,–,–,–,–,–,–,–,–,–,4.79
HSS,HSS12X12X.188,HSS12X12X3/16,–,29.84,8.15,–,–,12,11.5,–,–,–,12,11.5,–,–,–,–,–,–,–,0.1875,0.174,–,–,–,–,–,–,–,–,–,–,66,–,66,–,189.0,36.0,31.5,4.82,189.0,36.0,31.5,4.82,–,,–,290,–,48.6,–,–,–,–,–,–,–,–,–,–,–,–,–,–,–,–,–,–,–,–,–,–,–,–,–,–,–,–,–,–,–,–,HSS304.8X304.8X4.8,HSS304.8X304.8X4.8,44.4,5260,–,–,305,292,–,–,–,305,292,–,–,–,–,–,–,–,4.76,4.42,–,–,–,–,–,–,–,–,–,–,66,–,66,–,78.7,590.0,516.0,122.0,78.7,590.0,516.0,122.0,–,–,–,121000,–,796,–,–,–,–,–,–,–,–,–,–,–,–,–,–,–,–,–,–,–,–,–,–,–,–,–,–,–,–,–,–,–,–,4.82
HSS,HSS12X10X.625,HSS12X10X5/8,–,84.84,23.3,–,–,12,10.3,–,–,–,10,8.26,–,–,–,–,–,–,–,0.625,0.581,–,–,–,–,–,–,–,–,–,–,14.2,–,17.7,–,472.0,95.3,78.7,4.5,356.0,84.1,71.2,3.9,–,,–,661,–,124,–,–,–,–,–,–,–,–,–,–,–,–,–,–,–,–,–,–,–,–,–,–,–,–,–,–,–,–,–,–,–,–,HSS304.8X254X15.9,HSS304.8X254X15.9,126.0,15000,–,–,305,262,–,–,–,254,210,–,–,–,–,–,–,–,15.9,14.8,–,–,–,–,–,–,–,–,–,–,14.2,–,17.7,–,196.0,1560.0,1290.0,114.0,148.0,1380.0,1170.0,99.1,–,–,–,275000,–,2030,–,–,–,–,–,–,–,–,–,–,–,–,–,–,–,–,–,–,–,–,–,–,–,–,–,–,–,–,–,–,–,–,3.9
HSS,HSS12X10X.500,HSS12X10X1/2,–,69.27,19.0,–,–,12,10.6,–,–,–,10,8.6,–,–,–,–,–,–,–,0.5,0.465,–,–,–,–,–,–,–,–,–,–,18.5,–,22.8,–,395.0,78.8,65.9,4.56,298.0,69.6,59.7,3.96,–,,–,545,–,102,–,–,–,–,–,–,–,–,–,–,–,–,–,–,–,–,–,–,–,–,–,–,–,–,–,–,–,–,–,–,–,–,HSS304.8X254X12.7,HSS304.8X254X12.7,103.0,12300,–,–,305,269,–,–,–,254,218,–,–,–,–,–,–,–,12.7,11.8,–,–,–,–,–,–,–,–,–,–,18.5,–,22.8,–,164.0,1290.0,1080.0,116.0,124.0,1140.0,978.0,101.0,–,–,–,227000,–,1670,–,–,–,–,–,–,–,–,–,–,–,–,–,–,–,–,–,–,–,–,–,–,–,–,–,–,–,–,–,–,–,–,3.96
HSS,HSS12X10X.375,HSS12X10X3/8,–,53.0,14.6,–,–,12,11,–,–,–,10,8.95,–,–,–,–,–,–,–,0.375,0.349,–,–,–,–,–,–,–,–,–,–,25.7,–,31.4,–,310.0,61.1,51.6,4.61,234.0,54.0,46.9,4.01,–,,–,421,–,78.3,–,–,–,–,–,–,–,–,–,–,–,–,–,–,–,–,–,–,–,–,–,–,–,–,–,–,–,–,–,–,–,–,HSS304.8X254X9.5,HSS304.8X254X9.5,78.8,9420,–,–,305,279,–,–,–,254,227,–,–,–,–,–,–,–,9.53,8.86,–,–,–,–,–,–,–,–,–,–,25.7,–,31.4,–,129.0,1000.0,846.0,117.0,97.4,885.0,769.0,102.0,–,–,–,175000,–,1280,–,–,–,–,–,–,–,–,–,–,–,–,–,–,–,–,–,–,–,–,–,–,–,–,–,–,–,–,–,–,–,–,4.01
HSS,HSS12X10X.313,HSS12X10X5/16,–,44.6,12.2,–,–,12,11.1,–,–,–,10,9.13,–,–,–,–,–,–,–,0.3125,0.291,–,–,–,–,–,–,–,–,–,–,31.4,–,38.2,–,264.0,51.7,44.0,4.64,200.0,45.7,40.0,4.04,–,,–,356,–,66.1,–,–,–,–,–,–,–,–,–,–,–,–,–,–,–,–,–,–,–,–,–,–,–,–,–,–,–,–,–,–,–,–,HSS304.8X254X7.9,HSS304.8X254X7.9,66.4,7870,–,–,305,282,–,–,–,254,232,–,–,–,–,–,–,–,7.94,7.39,–,–,–,–,–,–,–,–,–,–,31.4,–,38.2,–,110.0,847.0,721.0,118.0,83.2,749.0,655.0,103.0,–,–,–,148000,–,1080,–,–,–,–,–,–,–,–,–,–,–,–,–,–,–,–,–,–,–,–,–,–,–,–,–,–,–,–,–,–,–,–,4.04
HSS,HSS12X10X.250,HSS12X10X1/4,–,36.03,9.9,–,–,12,11.3,–,–,–,10,9.3,–,–,–,–,–,–,–,0.25,0.233,–,–,–,–,–,–,–,–,–,–,39.9,–,48.5,–,216.0,42.1,36.0,4.67,164.0,37.2,32.7,4.07,–,,–,289,–,53.5,–,–,–,–,–,–,–,–,–,–,–,–,–,–,–,–,–,–,–,–,–,–,–,–,–,–,–,–,–,–,–,–,HSS304.8X254X6.4,HSS304.8X254X6.4,53.6,6390,–,–,305,287,–,–,–,254,236,–,–,–,–,–,–,–,6.35,5.92,–,–,–,–,–,–,–,–,–,–,39.9,–,48.5,–,89.9,690.0,590.0,119.0,68.3,610.0,536.0,103.0,–,–,–,120000,–,877,–,–,–,–,–,–,–,–,–,–,–,–,–,–,–,–,–,–,–,–,–,–,–,–,–,–,–,–,–,–,–,–,4.07
HSS,HSS12X10X.188,HSS12X10X3/16,–,27.29,7.46,–,–,12,11.5,–,–,–,10,9.48,–,–,–,–,–,–,–,0.1875,0.174,–,–,–,–,–,–,–,–,–,–,54.5,–,66,–,165.0,31.9,27.5,4.7,125.0,28.2,25.0,4.09,–,,–,219,–,40.4,–,–,–,–,–,–,–,–,–,–,–,–,–,–,–,–,–,–,–,–,–,–,–,–,–,–,–,–,–,–,–,–,HSS304.8X254X4.8,HSS304.8X254X4.8,40.6,4810,–,–,305,292,–,–,–,254,241,–,–,–,–,–,–,–,4.78,4.42,–,–,–,–,–,–,–,–,–,–,54.5,–,66,–,68.7,523.0,451.0,119.0,52.0,462.0,410.0,104.0,–,–,–,91200,–,662,–,–,–,–,–,–,–,–,–,–,–,–,–,–,–,–,–,–,–,–,–,–,–,–,–,–,–,–,–,–,–,–,4.09
HSS,HSS12X8X.625,HSS12X8X5/8,–,76.33,21.0,–,–,12,10.3,–,–,–,8,6.26,–,–,–,–,–,–,–,0.625,0.581,–,–,–,–,–,–,–,–,–,–,10.8,–,17.7,–,397.0,82.1,66.1,4.34,210.0,61.9,52.5,3.16,–,,–,454,–,97.7,–,–,–,–,–,–,–,–,–,–,–,–,–,–,–,–,–,–,–,–,–,–,–,–,–,–,–,–,–,–,–,–,HSS304.8X203.2X15.9,HSS304.8X203.2X15.9,113.0,13500,–,–,305,262,–,–,–,203,159,–,–,–,–,–,–,–,15.9,14.8,–,–,–,–,–,–,–,–,–,–,10.8,–,17.7,–,165.0,1350.0,1080.0,110.0,87.4,1010.0,860.0,80.3,–,–,–,189000,–,1600,–,–,–,–,–,–,–,–,–,–,–,–,–,–,–,–,–,–,–,–,–,–,–,–,–,–,–,–,–,–,–,–,3.16
HSS,HSS12X8X.500,HSS12X8X1/2,–,62.46,17.2,–,–,12,10.6,–,–,–,8,6.6,–,–,–,–,–,–,–,0.5,0.465,–,–,–,–,–,–,–,–,–,–,14.2,–,22.8,–,333.0,68.1,55.6,4.41,178.0,51.5,44.4,3.21,–,,–,377,–,80.4,–,–,–,–,–,–,–,–,–,–,–,–,–,–,–,–,–,–,–,–,–,–,–,–,–,–,–,–,–,–,–,–,HSS304.8X203.2X12.7,HSS304.8X203.2X12.7,92.7,11100,–,–,305,269,–,–,–,203,168,–,–,–,–,–,–,–,12.7,11.8,–,–,–,–,–,–,–,–,–,–,14.2,–,22.8,–,139.0,1120.0,911.0,112.0,74.1,844.0,728.0,81.5,–,–,–,157000,–,1320,–,–,–,–,–,–,–,–,–,–,–,–,–,–,–,–,–,–,–,–,–,–,–,–,–,–,–,–,–,–,–,–,3.21
HSS,HSS12X8X.375,HSS12X8X3/8,–,47.9,13.2,–,–,12,11,–,–,–,8,6.95,–,–,–,–,–,–,–,0.375,0.349,–,–,–,–,–,–,–,–,–,–,19.9,–,31.4,–,262.0,53.0,43.7,4.47,140.0,40.1,35.1,3.27,–,,–,293,–,62.1,–,–,–,–,–,–,–,–,–,–,–,–,–,–,–,–,–,–,–,–,–,–,–,–,–,–,–,–,–,–,–,–,HSS304.8X203.2X9.5,HSS304.8X203.2X9.5,71.2,8520,–,–,305,279,–,–,–,203,177,–,–,–,–,–,–,–,9.53,8.86,–,–,–,–,–,–,–,–,–,–,19.9,–,31.4,–,109.0,869.0,716.0,114.0,58.3,657.0,575.0,83.1,–,–,–,122000,–,1020,–,–,–,–,–,–,–,–,–,–,–,–,–,–,–,–,–,–,–,–,–,–,–,–,–,–,–,–,–,–,–,–,3.27
HSS,HSS12X8X.313,HSS12X8X5/16,–,40.35,11.1,–,–,12,11.1,–,–,–,8,7.13,–,–,–,–,–,–,–,0.3125,0.291,–,–,–,–,–,–,–,–,–,–,24.5,–,38.2,–,224.0,44.9,37.4,4.5,120.0,34.1,30.1,3.29,–,,–,248,–,52.4,–,–,–,–,–,–,–,–,–,–,–,–,–,–,–,–,–,–,–,–,–,–,–,–,–,–,–,–,–,–,–,–,HSS304.8X203.2X7.9,HSS304.8X203.2X7.9,60.1,7160,–,–,305,282,–,–,–,203,181,–,–,–,–,–,–,–,7.94,7.39,–,–,–,–,–,–,–,–,–,–,24.5,–,38.2,–,93.2,736.0,613.0,114.0,49.9,559.0,493.0,83.6,–,–,–,103000,–,859,–,–,–,–,–,–,–,–,–,–,–,–,–,–,–,–,–,–,–,–,–,–,–,–,–,–,–,–,–,–,–,–,3.29
HSS,HSS12X8X.250,HSS12X8X1/4,–,32.63,8.96,–,–,12,11.3,–,–,–,8,7.3,–,–,–,–,–,–,–,0.25,0.233,–,–,–,–,–,–,–,–,–,–,31.3,–,48.5,–,184.0,36.6,30.6,4.53,98.8,27.8,24.7,3.32,–,,–,202,–,42.5,–,–,–,–,–,–,–,–,–,–,–,–,–,–,–,–,–,–,–,–,–,–,–,–,–,–,–,–,–,–,–,–,HSS304.8X203.2X6.4,HSS304.8X203.2X6.4,48.5,5780,–,–,305,287,–,–,–,203,185,–,–,–,–,–,–,–,6.35,5.92,–,–,–,–,–,–,–,–,–,–,31.3,–,48.5,–,76.6,600.0,501.0,115.0,41.1,456.0,405.0,84.3,–,–,–,84100,–,696,–,–,–,–,–,–,–,–,–,–,–,–,–,–,–,–,–,–,–,–,–,–,–,–,–,–,–,–,–,–,–,–,3.32
HSS,HSS12X8X.188,HSS12X8X3/16,–,24.73,6.76,–,–,12,11.5,–,–,–,8,7.48,–,–,–,–,–,–,–,0.1875,0.174,–,–,–,–,–,–,–,–,–,–,43,–,66,–,140.0,27.8,23.4,4.56,75.7,21.1,18.9,3.35,–,,–,153,–,32.2,–,–,–,–,–,–,–,–,–,–,–,–,–,–,–,–,–,–,–,–,–,–,–,–,–,–,–,–,–,–,–,–,HSS304.8X203.2X4.8,HSS304.8X203.2X4.8,36.9,4360,–,–,305,292,–,–,–,203,190,–,–,–,–,–,–,–,4.77,4.42,–,–,–,–,–,–,–,–,–,–,43,–,66,–,58.3,456.0,383.0,116.0,31.5,346.0,310.0,85.1,–,–,–,63700,–,528,–,–,–,–,–,–,–,–,–,–,–,–,–,–,–,–,–,–,–,–,–,–,–,–,–,–,–,–,–,–,–,–,3.35
HSS,HSS12X6X.625,HSS12X6X5/8,–,67.82,18.7,–,–,12,10.3,–,–,–,6,4.26,–,–,–,–,–,–,–,0.625,0.581,–,–,–,–,–,–,–,–,–,–,7.33,–,17.7,–,321.0,68.8,53.4,4.14,107.0,42.1,35.5,2.39,–,,–,271,–,71.1,–,–,–,–,–,–,–,–,–,–,–,–,–,–,–,–,–,–,–,–,–,–,–,–,–,–,–,–,–,–,–,–,HSS304.8X152.4X15.9,HSS304.8X152.4X15.9,101.0,12100,–,–,305,262,–,–,–,152,108,–,–,–,–,–,–,–,15.9,14.8,–,–,–,–,–,–,–,–,–,–,7.33,–,17.7,–,134.0,1130.0,875.0,105.0,44.5,690.0,582.0,60.7,–,–,–,113000,–,1170,–,–,–,–,–,–,–,–,–,–,–,–,–,–,–,–,–,–,–,–,–,–,–,–,–,–,–,–,–,–,–,–,2.39
HSS,HSS12X6X.500,HSS12X6X1/2,–,55.66,15.3,–,–,12,10.6,–,–,–,6,4.61,–,–,–,–,–,–,–,0.5,0.465,–,–,–,–,–,–,–,–,–,–,9.9,–,22.8,–,271.0,57.4,45.2,4.21,91.1,35.2,30.4,2.44,–,,–,227,–,59,–,–,–,–,–,–,–,–,–,–,–,–,–,–,–,–,–,–,–,–,–,–,–,–,–,–,–,–,–,–,–,–,HSS304.8X152.4X12.7,HSS304.8X152.4X12.7,82.6,9870,–,–,305,269,–,–,–,152,117,–,–,–,–,–,–,–,12.7,11.8,–,–,–,–,–,–,–,–,–,–,9.9,–,22.8,–,113.0,941.0,741.0,107.0,37.9,577.0,498.0,62.0,–,–,–,94500,–,967,–,–,–,–,–,–,–,–,–,–,–,–,–,–,–,–,–,–,–,–,–,–,–,–,–,–,–,–,–,–,–,–,2.44
HSS,HSS12X6X.375,HSS12X6X3/8,–,42.79,11.8,–,–,12,11,–,–,–,6,4.95,–,–,–,–,–,–,–,0.375,0.349,–,–,–,–,–,–,–,–,–,–,14.2,–,31.4,–,215.0,44.8,35.9,4.28,72.9,27.7,24.3,2.49,–,,–,178,–,45.8,–,–,–,–,–,–,–,–,–,–,–,–,–,–,–,–,–,–,–,–,–,–,–,–,–,–,–,–,–,–,–,–,HSS304.8X152.4X9.5,HSS304.8X152.4X9.5,63.6,7610,–,–,305,279,–,–,–,152,126,–,–,–,–,–,–,–,9.53,8.86,–,–,–,–,–,–,–,–,–,–,14.2,–,31.4,–,89.5,734.0,588.0,109.0,30.3,454.0,398.0,63.2,–,–,–,74100,–,751,–,–,–,–,–,–,–,–,–,–,–,–,–,–,–,–,–,–,–,–,–,–,–,–,–,–,–,–,–,–,–,–,2.49
HSS,HSS12X6X.313,HSS12X6X5/16,–,36.1,9.92,–,–,12,11.1,–,–,–,6,5.13,–,–,–,–,–,–,–,0.3125,0.291,–,–,–,–,–,–,–,–,–,–,17.6,–,38.2,–,184.0,38.1,30.7,4.31,62.8,23.6,20.9,2.52,–,,–,152,–,38.8,–,–,–,–,–,–,–,–,–,–,–,–,–,–,–,–,–,–,–,–,–,–,–,–,–,–,–,–,–,–,–,–,HSS304.8X152.4X7.9,HSS304.8X152.4X7.9,53.7,6400,–,–,305,282,–,–,–,152,130,–,–,–,–,–,–,–,7.94,7.39,–,–,–,–,–,–,–,–,–,–,17.6,–,38.2,–,76.6,624.0,503.0,109.0,26.1,387.0,342.0,64.0,–,–,–,63300,–,636,–,–,–,–,–,–,–,–,–,–,–,–,–,–,–,–,–,–,–,–,–,–,–,–,–,–,–,–,–,–,–,–,2.52
HSS,HSS12X6X.250,HSS12X6X1/4,–,29.23,8.03,–,–,12,11.3,–,–,–,6,5.3,–,–,–,–,–,–,–,0.25,0.233,–,–,–,–,–,–,–,–,–,–,22.8,–,48.5,–,151.0,31.1,25.2,4.34,51.9,19.3,17.3,2.54,–,,–,124,–,31.6,–,–,–,–,–,–,–,–,–,–,–,–,–,–,–,–,–,–,–,–,–,–,–,–,–,–,–,–,–,–,–,–,HSS304.8X152.4X6.4,HSS304.8X152.4X6.4,43.4,5180,–,–,305,287,–,–,–,152,135,–,–,–,–,–,–,–,6.35,5.92,–,–,–,–,–,–,–,–,–,–,22.8,–,48.5,–,62.9,510.0,413.0,110.0,21.6,316.0,283.0,64.5,–,–,–,51600,–,518,–,–,–,–,–,–,–,–,–,–,–,–,–,–,–,–,–,–,–,–,–,–,–,–,–,–,–,–,–,–,–,–,2.54
HSS,HSS12X6X.188,HSS12X6X3/16,–,22.18,6.06,–,–,12,11.5,–,–,–,6,5.48,–,–,–,–,–,–,–,0.1875,0.174,–,–,–,–,–,–,–,–,–,–,31.5,–,66,–,116.0,23.7,19.4,4.38,40.0,14.7,13.3,2.57,–,,–,94.6,–,24,–,–,–,–,–,–,–,–,–,–,–,–,–,–,–,–,–,–,–,–,–,–,–,–,–,–,–,–,–,–,–,–,HSS304.8X152.4X4.8,HSS304.8X152.4X4.8,33.1,3910,–,–,305,292,–,–,–,152,139,–,–,–,–,–,–,–,4.76,4.42,–,–,–,–,–,–,–,–,–,–,31.5,–,66,–,48.3,388.0,318.0,111.0,16.6,241.0,218.0,65.3,–,–,–,39400,–,393,–,–,–,–,–,–,–,–,–,–,–,–,–,–,–,–,–,–,–,–,–,–,–,–,–,–,–,–,–,–,–,–,2.57
HSS,HSS12X4X.625,HSS12X4X5/8,–,59.32,16.4,–,–,12,10.3,–,–,–,4,2.26,–,–,–,–,–,–,–,0.625,0.581,–,–,–,–,–,–,–,–,–,–,3.88,–,17.7,–,245.0,55.5,40.8,3.87,40.4,24.5,20.2,1.57,–,,–,122,–,44.6,–,–,–,–,–,–,–,–,–,–,–,–,–,–,–,–,–,–,–,–,–,–,–,–,–,–,–,–,–,–,–,–,HSS304.8X101.6X15.9,HSS304.8X101.6X15.9,88.0,10600,–,–,305,262,–,–,–,102,57.4,–,–,–,–,–,–,–,15.9,14.8,–,–,–,–,–,–,–,–,–,–,3.88,–,17.7,–,102.0,909.0,669.0,98.3,16.8,401.0,331.0,39.9,–,–,–,50800,–,731,–,–,–,–,–,–,–,–,–,–,–,–,–,–,–,–,–,–,–,–,–,–,–,–,–,–,–,–,–,–,–,–,1.57
HSS,HSS12X4X.500,HSS12X4X1/2,–,48.85,13.5,–,–,12,10.6,–,–,–,4,2.6,–,–,–,–,–,–,–,0.5,0.465,–,–,–,–,–,–,–,–,–,–,5.6,–,22.8,–,210.0,46.7,34.9,3.95,35.3,20.9,17.7,1.62,–,,–,105,–,37.5,–,–,–,–,–,–,–,–,–,–,–,–,–,–,–,–,–,–,–,–,–,–,–,–,–,–,–,–,–,–,–,–,HSS304.8X101.6X12.7,HSS304.8X101.6X12.7,72.5,8710,–,–,305,269,–,–,–,102,66,–,–,–,–,–,–,–,12.7,11.8,–,–,–,–,–,–,–,–,–,–,5.6,–,22.8,–,87.4,765.0,572.0,100.0,14.7,342.0,290.0,41.1,–,–,–,43700,–,615,–,–,–,–,–,–,–,–,–,–,–,–,–,–,–,–,–,–,–,–,–,–,–,–,–,–,–,–,–,–,–,–,1.62
HSS,HSS12X4X.375,HSS12X4X3/8,–,37.69,10.4,–,–,12,11,–,–,–,4,2.95,–,–,–,–,–,–,–,0.375,0.349,–,–,–,–,–,–,–,–,–,–,8.46,–,31.4,–,168.0,36.7,28.0,4.02,28.9,16.6,14.5,1.67,–,,–,84.1,–,29.5,–,–,–,–,–,–,–,–,–,–,–,–,–,–,–,–,–,–,–,–,–,–,–,–,–,–,–,–,–,–,–,–,HSS304.8X101.6X9.5,HSS304.8X101.6X9.5,56.0,6710,–,–,305,279,–,–,–,102,74.9,–,–,–,–,–,–,–,9.53,8.86,–,–,–,–,–,–,–,–,–,–,8.46,–,31.4,–,69.9,601.0,459.0,102.0,12.0,272.0,238.0,42.4,–,–,–,35000,–,483,–,–,–,–,–,–,–,–,–,–,–,–,–,–,–,–,–,–,–,–,–,–,–,–,–,–,–,–,–,–,–,–,1.67
HSS,HSS12X4X.313,HSS12X4X5/16,–,31.84,8.76,–,–,12,11.1,–,–,–,4,3.13,–,–,–,–,–,–,–,0.3125,0.291,–,–,–,–,–,–,–,–,–,–,10.7,–,38.2,–,144.0,31.3,24.1,4.06,25.2,14.2,12.6,1.7,–,,–,72.4,–,25.2,–,–,–,–,–,–,–,–,–,–,–,–,–,–,–,–,–,–,–,–,–,–,–,–,–,–,–,–,–,–,–,–,HSS304.8X101.6X7.9,HSS304.8X101.6X7.9,47.4,5650,–,–,305,282,–,–,–,102,79.5,–,–,–,–,–,–,–,7.94,7.39,–,–,–,–,–,–,–,–,–,–,10.7,–,38.2,–,59.9,513.0,395.0,103.0,10.5,233.0,206.0,43.2,–,–,–,30100,–,413,–,–,–,–,–,–,–,–,–,–,–,–,–,–,–,–,–,–,–,–,–,–,–,–,–,–,–,–,–,–,–,–,1.7
HSS,HSS12X4X.250,HSS12X4X1/4,–,25.82,7.1,–,–,12,11.3,–,–,–,4,3.3,–,–,–,–,–,–,–,0.25,0.233,–,–,–,–,–,–,–,–,–,–,14.2,–,48.5,–,119.0,25.6,19.9,4.1,21.0,11.7,10.5,1.72,–,,–,59.8,–,20.6,–,–,–,–,–,–,–,–,–,–,–,–,–,–,–,–,–,–,–,–,–,–,–,–,–,–,–,–,–,–,–,–,HSS304.8X101.6X6.4,HSS304.8X101.6X6.4,38.4,4580,–,–,305,287,–,–,–,102,83.8,–,–,–,–,–,–,–,6.35,5.92,–,–,–,–,–,–,–,–,–,–,14.2,–,48.5,–,49.5,420.0,326.0,104.0,8.74,192.0,172.0,43.7,–,–,–,24900,–,338,–,–,–,–,–,–,–,–,–,–,–,–,–,–,–,–,–,–,–,–,–,–,–,–,–,–,–,–,–,–,–,–,1.72
HSS,HSS12X4X.188,HSS12X4X3/16,–,19.63,5.37,–,–,12,11.5,–,–,–,4,3.48,–,–,–,–,–,–,–,0.1875,0.174,–,–,–,–,–,–,–,–,–,–,20,–,66,–,91.8,19.6,15.3,4.13,16.4,9.0,8.2,1.75,–,,–,46.1,–,15.7,–,–,–,–,–,–,–,–,–,–,–,–,–,–,–,–,–,–,–,–,–,–,–,–,–,–,–,–,–,–,–,–,HSS304.8X101.6X4.8,HSS304.8X101.6X4.8,29.3,3460,–,–,305,292,–,–,–,102,88.4,–,–,–,–,–,–,–,4.76,4.42,–,–,–,–,–,–,–,–,–,–,20,–,66,–,38.2,321.0,251.0,105.0,6.83,147.0,134.0,44.5,–,–,–,19200,–,257,–,–,–,–,–,–,–,–,–,–,–,–,–,–,–,–,–,–,–,–,–,–,–,–,–,–,–,–,–,–,–,–,1.75
HSS,HSS12X3X.313,HSS12X3X5/16,–,29.72,8.17,–,–,12,11.1,–,–,–,3,2.13,–,–,–,–,–,–,–,0.3125,0.291,–,–,–,–,–,–,–,–,–,–,7.31,–,38.2,–,124.0,27.9,20.7,3.9,13.1,10.0,8.73,1.27,–,,–,41.3,–,18.4,–,–,–,–,–,–,–,–,–,–,–,–,–,–,–,–,–,–,–,–,–,–,–,–,–,–,–,–,–,–,–,–,HSS304.8X76.2X7.9,HSS304.8X76.2X7.9,44.2,5270,–,–,305,282,–,–,–,76.2,54.1,–,–,–,–,–,–,–,7.94,7.39,–,–,–,–,–,–,–,–,–,–,7.31,–,38.2,–,51.6,457.0,339.0,99.1,5.45,164.0,143.0,32.3,–,–,–,17200,–,302,–,–,–,–,–,–,–,–,–,–,–,–,–,–,–,–,–,–,–,–,–,–,–,–,–,–,–,–,–,–,–,–,1.27
HSS,HSS12X3X.250,HSS12X3X1/4,–,24.12,6.63,–,–,12,11.3,–,–,–,3,2.3,–,–,–,–,–,–,–,0.25,0.233,–,–,–,–,–,–,–,–,–,–,9.88,–,48.5,–,103.0,22.9,17.2,3.94,11.1,8.28,7.38,1.29,–,,–,34.5,–,15.1,–,–,–,–,–,–,–,–,–,–,–,–,–,–,–,–,–,–,–,–,–,–,–,–,–,–,–,–,–,–,–,–,HSS304.8X76.2X6.4,HSS304.8X76.2X6.4,35.8,4280,–,–,305,287,–,–,–,76.2,58.4,–,–,–,–,–,–,–,6.35,5.92,–,–,–,–,–,–,–,–,–,–,9.88,–,48.5,–,42.9,375.0,282.0,100.0,4.62,136.0,121.0,32.8,–,–,–,14400,–,247,–,–,–,–,–,–,–,–,–,–,–,–,–,–,–,–,–,–,–,–,–,–,–,–,–,–,–,–,–,–,–,–,1.29
HSS,HSS12X3X.188,HSS12X3X3/16,–,18.35,5.02,–,–,12,11.5,–,–,–,3,2.48,–,–,–,–,–,–,–,0.1875,0.174,–,–,–,–,–,–,–,–,–,–,14.2,–,66,–,79.6,17.5,13.3,3.98,8.72,6.4,5.81,1.32,–,,–,26.8,–,11.6,–,–,–,–,–,–,–,–,–,–,–,–,–,–,–,–,–,–,–,–,–,–,–,–,–,–,–,–,–,–,–,–,HSS304.8X76.2X4.8,HSS304.8X76.2X4.8,27.4,3240,–,–,305,292,–,–,–,76.2,63,–,–,–,–,–,–,–,4.76,4.42,–,–,–,–,–,–,–,–,–,–,14.2,–,66,–,33.1,287.0,218.0,101.0,3.63,105.0,95.2,33.5,–,–,–,11200,–,190,–,–,–,–,–,–,–,–,–,–,–,–,–,–,–,–,–,–,–,–,–,–,–,–,–,–,–,–,–,–,–,–,1.32
HSS,HSS12X2X.313,HSS12X2X5/16,–,27.59,7.59,–,–,12,11.1,–,–,–,2,1.13,–,–,–,–,–,–,–,0.3125,0.291,–,–,–,–,–,–,–,–,–,–,3.87,–,38.2,–,104.0,24.5,17.4,3.71,5.1,6.05,5.1,0.82,–,,–,17.6,–,11.6,–,–,–,–,–,–,–,–,–,–,–,–,–,–,–,–,–,–,–,–,–,–,–,–,–,–,–,–,–,–,–,–,HSS304.8X50.8X7.9,HSS304.8X50.8X7.9,41.0,4900,–,–,305,282,–,–,–,50.8,28.7,–,–,–,–,–,–,–,7.94,7.39,–,–,–,–,–,–,–,–,–,–,3.87,–,38.2,–,43.3,401.0,285.0,94.2,2.12,99.1,83.6,20.8,–,–,–,7330,–,190,–,–,–,–,–,–,–,–,–,–,–,–,–,–,–,–,–,–,–,–,–,–,–,–,–,–,–,–,–,–,–,–,0.82
HSS,HSS12X2X.250,HSS12X2X1/4,–,22.42,6.17,–,–,12,11.3,–,–,–,2,1.3,–,–,–,–,–,–,–,0.25,0.233,–,–,–,–,–,–,–,–,–,–,5.58,–,48.5,–,86.9,20.1,14.5,3.75,4.41,5.08,4.41,0.845,–,,–,15.1,–,9.64,–,–,–,–,–,–,–,–,–,–,–,–,–,–,–,–,–,–,–,–,–,–,–,–,–,–,–,–,–,–,–,–,HSS304.8X50.8X6.4,HSS304.8X50.8X6.4,33.3,3980,–,–,305,287,–,–,–,50.8,33,–,–,–,–,–,–,–,6.35,5.92,–,–,–,–,–,–,–,–,–,–,5.58,–,48.5,–,36.2,329.0,238.0,95.3,1.84,83.2,72.3,21.5,–,–,–,6290,–,158,–,–,–,–,–,–,–,–,–,–,–,–,–,–,–,–,–,–,–,–,–,–,–,–,–,–,–,–,–,–,–,–,0.845
HSS,HSS12X2X.188,HSS12X2X3/16,–,17.08,4.67,–,–,12,11.5,–,–,–,2,1.48,–,–,–,–,–,–,–,0.1875,0.174,–,–,–,–,–,–,–,–,–,–,8.49,–,66,–,67.4,15.5,11.2,3.8,3.55,3.97,3.55,0.872,–,,–,12,–,7.49,–,–,–,–,–,–,–,–,–,–,–,–,–,–,–,–,–,–,–,–,–,–,–,–,–,–,–,–,–,–,–,–,HSS304.8X50.8X4.8,HSS304.8X50.8X4.8,25.4,3010,–,–,305,292,–,–,–,50.8,37.6,–,–,–,–,–,–,–,4.76,4.42,–,–,–,–,–,–,–,–,–,–,8.49,–,66,–,28.1,254.0,184.0,96.5,1.48,65.1,58.2,22.1,–,–,–,4990,–,123,–,–,–,–,–,–,–,–,–,–,–,–,–,–,–,–,–,–,–,–,–,–,–,–,–,–,–,–,–,–,–,–,0.872
HSS,HSS10X10X.750,HSS10X10X3/4,–,89.5,24.7,–,–,10,7.91,–,–,–,10,7.91,–,–,–,–,–,–,–,0.75,0.698,–,–,–,–,–,–,–,–,–,–,11.3,–,11.3,–,347.0,84.7,69.4,3.75,347.0,84.7,69.4,3.75,–,,–,578,–,119,–,–,–,–,–,–,–,–,–,–,–,–,–,–,–,–,–,–,–,–,–,–,–,–,–,–,–,–,–,–,–,–,HSS254X254X19.0,HSS254X254X19.0,133.0,15900,–,–,254,201,–,–,–,254,201,–,–,–,–,–,–,–,19.1,17.7,–,–,–,–,–,–,–,–,–,–,11.3,–,11.3,–,144.0,1390.0,1140.0,95.3,144.0,1390.0,1140.0,95.3,–,–,–,241000,–,1950,–,–,–,–,–,–,–,–,–,–,–,–,–,–,–,–,–,–,–,–,–,–,–,–,–,–,–,–,–,–,–,–,3.75
HSS,HSS10X10X.625,HSS10X10X5/8,–,76.33,21.0,–,–,10,8.26,–,–,–,10,8.26,–,–,–,–,–,–,–,0.625,0.581,–,–,–,–,–,–,–,–,–,–,14.2,–,14.2,–,304.0,73.2,60.8,3.8,304.0,73.2,60.8,3.8,–,,–,498,–,102,–,–,–,–,–,–,–,–,–,–,–,–,–,–,–,–,–,–,–,–,–,–,–,–,–,–,–,–,–,–,–,–,HSS254X254X15.9,HSS254X254X15.9,113.0,13500,–,–,254,210,–,–,–,254,210,–,–,–,–,–,–,–,15.9,14.8,–,–,–,–,–,–,–,–,–,–,14.2,–,14.2,–,127.0,1200.0,996.0,96.5,127.0,1200.0,996.0,96.5,–,–,–,207000,–,1670,–,–,–,–,–,–,–,–,–,–,–,–,–,–,–,–,–,–,–,–,–,–,–,–,–,–,–,–,–,–,–,–,3.8
HSS,HSS10X10X.500,HSS10X10X1/2,–,62.46,17.2,–,–,10,8.6,–,–,–,10,8.6,–,–,–,–,–,–,–,0.5,0.465,–,–,–,–,–,–,–,–,–,–,18.5,–,18.5,–,256.0,60.7,51.2,3.86,256.0,60.7,51.2,3.86,–,,–,412,–,84.2,–,–,–,–,–,–,–,–,–,–,–,–,–,–,–,–,–,–,–,–,–,–,–,–,–,–,–,–,–,–,–,–,HSS254X254X12.7,HSS254X254X12.7,92.7,11100,–,–,254,218,–,–,–,254,218,–,–,–,–,–,–,–,12.7,11.8,–,–,–,–,–,–,–,–,–,–,18.5,–,18.5,–,107.0,995.0,839.0,98.0,107.0,995.0,839.0,98.0,–,–,–,171000,–,1380,–,–,–,–,–,–,–,–,–,–,–,–,–,–,–,–,–,–,–,–,–,–,–,–,–,–,–,–,–,–,–,–,3.86
HSS,HSS10X10X.375,HSS10X10X3/8,–,47.9,13.2,–,–,10,8.95,–,–,–,10,8.95,–,–,–,–,–,–,–,0.375,0.349,–,–,–,–,–,–,–,–,–,–,25.7,–,25.7,–,202.0,47.2,40.4,3.92,202.0,47.2,40.4,3.92,–,,–,320,–,64.8,–,–,–,–,–,–,–,–,–,–,–,–,–,–,–,–,–,–,–,–,–,–,–,–,–,–,–,–,–,–,–,–,HSS254X254X9.5,HSS254X254X9.5,71.2,8520,–,–,254,227,–,–,–,254,227,–,–,–,–,–,–,–,9.53,8.86,–,–,–,–,–,–,–,–,–,–,25.7,–,25.7,–,84.1,773.0,662.0,99.6,84.1,773.0,662.0,99.6,–,–,–,133000,–,1060,–,–,–,–,–,–,–,–,–,–,–,–,–,–,–,–,–,–,–,–,–,–,–,–,–,–,–,–,–,–,–,–,3.92
HSS,HSS10X10X.313,HSS10X10X5/16,–,40.35,11.1,–,–,10,9.13,–,–,–,10,9.13,–,–,–,–,–,–,–,0.3125,0.291,–,–,–,–,–,–,–,–,–,–,31.4,–,31.4,–,172.0,40.1,34.5,3.94,172.0,40.1,34.5,3.94,–,,–,271,–,54.8,–,–,–,–,–,–,–,–,–,–,–,–,–,–,–,–,–,–,–,–,–,–,–,–,–,–,–,–,–,–,–,–,HSS254X254X7.9,HSS254X254X7.9,60.0,7160,–,–,254,232,–,–,–,254,232,–,–,–,–,–,–,–,7.94,7.39,–,–,–,–,–,–,–,–,–,–,31.4,–,31.4,–,71.6,657.0,565.0,100.0,71.6,657.0,565.0,100.0,–,–,–,113000,–,898,–,–,–,–,–,–,–,–,–,–,–,–,–,–,–,–,–,–,–,–,–,–,–,–,–,–,–,–,–,–,–,–,3.94
HSS,HSS10X10X.250,HSS10X10X1/4,–,32.63,8.96,–,–,10,9.3,–,–,–,10,9.3,–,–,–,–,–,–,–,0.25,0.233,–,–,–,–,–,–,–,–,–,–,39.9,–,39.9,–,141.0,32.7,28.3,3.97,141.0,32.7,28.3,3.97,–,,–,220,–,44.4,–,–,–,–,–,–,–,–,–,–,–,–,–,–,–,–,–,–,–,–,–,–,–,–,–,–,–,–,–,–,–,–,HSS254X254X6.4,HSS254X254X6.4,48.5,5780,–,–,254,236,–,–,–,254,236,–,–,–,–,–,–,–,6.35,5.92,–,–,–,–,–,–,–,–,–,–,39.9,–,39.9,–,58.7,536.0,464.0,101.0,58.7,536.0,464.0,101.0,–,–,–,91600,–,728,–,–,–,–,–,–,–,–,–,–,–,–,–,–,–,–,–,–,–,–,–,–,–,–,–,–,–,–,–,–,–,–,3.97
HSS,HSS10X10X.188,HSS10X10X3/16,–,24.73,6.76,–,–,10,9.48,–,–,–,10,9.48,–,–,–,–,–,–,–,0.1875,0.174,–,–,–,–,–,–,–,–,–,–,54.5,–,54.5,–,108.0,24.8,21.6,4.0,108.0,24.8,21.6,4.0,–,,–,167,–,33.6,–,–,–,–,–,–,–,–,–,–,–,–,–,–,–,–,–,–,–,–,–,–,–,–,–,–,–,–,–,–,–,–,HSS254X254X4.8,HSS254X254X4.8,36.8,4360,–,–,254,241,–,–,–,254,241,–,–,–,–,–,–,–,4.76,4.42,–,–,–,–,–,–,–,–,–,–,54.5,–,54.5,–,45.0,406.0,354.0,102.0,45.0,406.0,354.0,102.0,–,–,–,69500,–,551,–,–,–,–,–,–,–,–,–,–,–,–,–,–,–,–,–,–,–,–,–,–,–,–,–,–,–,–,–,–,–,–,4.0
HSS,HSS10X8X.625,HSS10X8X5/8,–,67.82,18.7,–,–,10,8.26,–,–,–,8,6.26,–,–,–,–,–,–,–,0.625,0.581,–,–,–,–,–,–,–,–,–,–,10.8,–,14.2,–,253.0,62.2,50.5,3.68,178.0,53.3,44.5,3.09,–,,–,346,–,80.4,–,–,–,–,–,–,–,–,–,–,–,–,–,–,–,–,–,–,–,–,–,–,–,–,–,–,–,–,–,–,–,–,HSS254X203.2X15.9,HSS254X203.2X15.9,101.0,12100,–,–,254,210,–,–,–,203,159,–,–,–,–,–,–,–,15.9,14.8,–,–,–,–,–,–,–,–,–,–,10.8,–,14.2,–,105.0,1020.0,828.0,93.5,74.1,873.0,729.0,78.5,–,–,–,144000,–,1320,–,–,–,–,–,–,–,–,–,–,–,–,–,–,–,–,–,–,–,–,–,–,–,–,–,–,–,–,–,–,–,–,3.09
HSS,HSS10X8X.500,HSS10X8X1/2,–,55.66,15.3,–,–,10,8.6,–,–,–,8,6.6,–,–,–,–,–,–,–,0.5,0.465,–,–,–,–,–,–,–,–,–,–,14.2,–,18.5,–,214.0,51.9,42.7,3.73,151.0,44.5,37.8,3.14,–,,–,288,–,66.4,–,–,–,–,–,–,–,–,–,–,–,–,–,–,–,–,–,–,–,–,–,–,–,–,–,–,–,–,–,–,–,–,HSS254X203.2X12.7,HSS254X203.2X12.7,82.6,9870,–,–,254,218,–,–,–,203,168,–,–,–,–,–,–,–,12.7,11.8,–,–,–,–,–,–,–,–,–,–,14.2,–,18.5,–,89.1,850.0,700.0,94.7,62.9,729.0,619.0,79.8,–,–,–,120000,–,1090,–,–,–,–,–,–,–,–,–,–,–,–,–,–,–,–,–,–,–,–,–,–,–,–,–,–,–,–,–,–,–,–,3.14
HSS,HSS10X8X.375,HSS10X8X3/8,–,42.79,11.8,–,–,10,8.95,–,–,–,8,6.95,–,–,–,–,–,–,–,0.375,0.349,–,–,–,–,–,–,–,–,–,–,19.9,–,25.7,–,169.0,40.5,33.9,3.79,120.0,34.8,30.0,3.19,–,,–,224,–,51.4,–,–,–,–,–,–,–,–,–,–,–,–,–,–,–,–,–,–,–,–,–,–,–,–,–,–,–,–,–,–,–,–,HSS254X203.2X9.5,HSS254X203.2X9.5,63.6,7610,–,–,254,227,–,–,–,203,177,–,–,–,–,–,–,–,9.53,8.86,–,–,–,–,–,–,–,–,–,–,19.9,–,25.7,–,70.3,664.0,556.0,96.3,49.9,570.0,492.0,81.0,–,–,–,93200,–,842,–,–,–,–,–,–,–,–,–,–,–,–,–,–,–,–,–,–,–,–,–,–,–,–,–,–,–,–,–,–,–,–,3.19
HSS,HSS10X8X.313,HSS10X8X5/16,–,36.1,9.92,–,–,10,9.13,–,–,–,8,7.13,–,–,–,–,–,–,–,0.3125,0.291,–,–,–,–,–,–,–,–,–,–,24.5,–,31.4,–,145.0,34.4,29.0,3.82,103.0,29.6,25.7,3.22,–,,–,190,–,43.5,–,–,–,–,–,–,–,–,–,–,–,–,–,–,–,–,–,–,–,–,–,–,–,–,–,–,–,–,–,–,–,–,HSS254X203.2X7.9,HSS254X203.2X7.9,53.7,6400,–,–,254,232,–,–,–,203,181,–,–,–,–,–,–,–,7.94,7.39,–,–,–,–,–,–,–,–,–,–,24.5,–,31.4,–,60.4,564.0,475.0,97.0,42.9,485.0,421.0,81.8,–,–,–,79100,–,713,–,–,–,–,–,–,–,–,–,–,–,–,–,–,–,–,–,–,–,–,–,–,–,–,–,–,–,–,–,–,–,–,3.22
HSS,HSS10X8X.250,HSS10X8X1/4,–,29.23,8.03,–,–,10,9.3,–,–,–,8,7.3,–,–,–,–,–,–,–,0.25,0.233,–,–,–,–,–,–,–,–,–,–,31.3,–,39.9,–,119.0,28.1,23.8,3.85,84.7,24.2,21.2,3.25,–,,–,155,–,35.3,–,–,–,–,–,–,–,–,–,–,–,–,–,–,–,–,–,–,–,–,–,–,–,–,–,–,–,–,–,–,–,–,HSS254X203.2X6.4,HSS254X203.2X6.4,43.4,5180,–,–,254,236,–,–,–,203,185,–,–,–,–,–,–,–,6.35,5.92,–,–,–,–,–,–,–,–,–,–,31.3,–,39.9,–,49.5,460.0,390.0,97.8,35.3,397.0,347.0,82.6,–,–,–,64500,–,578,–,–,–,–,–,–,–,–,–,–,–,–,–,–,–,–,–,–,–,–,–,–,–,–,–,–,–,–,–,–,–,–,3.25
HSS,HSS10X8X.188,HSS10X8X3/16,–,22.18,6.06,–,–,10,9.48,–,–,–,8,7.48,–,–,–,–,–,–,–,0.1875,0.174,–,–,–,–,–,–,–,–,–,–,43,–,54.5,–,91.4,21.4,18.3,3.88,65.1,18.4,16.3,3.28,–,,–,118,–,26.7,–,–,–,–,–,–,–,–,–,–,–,–,–,–,–,–,–,–,–,–,–,–,–,–,–,–,–,–,–,–,–,–,HSS254X203.2X4.8,HSS254X203.2X4.8,33.1,3910,–,–,254,241,–,–,–,203,190,–,–,–,–,–,–,–,4.76,4.42,–,–,–,–,–,–,–,–,–,–,43,–,54.5,–,38.0,351.0,300.0,98.6,27.1,302.0,267.0,83.3,–,–,–,49100,–,438,–,–,–,–,–,–,–,–,–,–,–,–,–,–,–,–,–,–,–,–,–,–,–,–,–,–,–,–,–,–,–,–,3.28
HSS,HSS10X6X.625,HSS10X6X5/8,–,59.32,16.4,–,–,10,8.26,–,–,–,6,4.26,–,–,–,–,–,–,–,0.625,0.581,–,–,–,–,–,–,–,–,–,–,7.33,–,14.2,–,201.0,51.3,40.2,3.5,89.4,35.8,29.8,2.34,–,,–,209,–,58.6,–,–,–,–,–,–,–,–,–,–,–,–,–,–,–,–,–,–,–,–,–,–,–,–,–,–,–,–,–,–,–,–,HSS254X152.4X15.9,HSS254X152.4X15.9,88.0,10600,–,–,254,210,–,–,–,152,108,–,–,–,–,–,–,–,15.9,14.8,–,–,–,–,–,–,–,–,–,–,7.33,–,14.2,–,83.7,841.0,659.0,88.9,37.2,587.0,488.0,59.4,–,–,–,87000,–,960,–,–,–,–,–,–,–,–,–,–,–,–,–,–,–,–,–,–,–,–,–,–,–,–,–,–,–,–,–,–,–,–,2.34
HSS,HSS10X6X.500,HSS10X6X1/2,–,48.85,13.5,–,–,10,8.6,–,–,–,6,4.61,–,–,–,–,–,–,–,0.5,0.465,–,–,–,–,–,–,–,–,–,–,9.9,–,18.5,–,171.0,43.0,34.3,3.57,76.8,30.1,25.6,2.39,–,,–,176,–,48.7,–,–,–,–,–,–,–,–,–,–,–,–,–,–,–,–,–,–,–,–,–,–,–,–,–,–,–,–,–,–,–,–,HSS254X152.4X12.7,HSS254X152.4X12.7,72.5,8710,–,–,254,218,–,–,–,152,117,–,–,–,–,–,–,–,12.7,11.8,–,–,–,–,–,–,–,–,–,–,9.9,–,18.5,–,71.2,705.0,562.0,90.7,32.0,493.0,420.0,60.7,–,–,–,73300,–,798,–,–,–,–,–,–,–,–,–,–,–,–,–,–,–,–,–,–,–,–,–,–,–,–,–,–,–,–,–,–,–,–,2.39
HSS,HSS10X6X.375,HSS10X6X3/8,–,37.69,10.4,–,–,10,8.95,–,–,–,6,4.95,–,–,–,–,–,–,–,0.375,0.349,–,–,–,–,–,–,–,–,–,–,14.2,–,25.7,–,137.0,33.8,27.4,3.63,61.8,23.7,20.6,2.44,–,,–,139,–,37.9,–,–,–,–,–,–,–,–,–,–,–,–,–,–,–,–,–,–,–,–,–,–,–,–,–,–,–,–,–,–,–,–,HSS254X152.4X9.5,HSS254X152.4X9.5,56.0,6710,–,–,254,227,–,–,–,152,126,–,–,–,–,–,–,–,9.53,8.86,–,–,–,–,–,–,–,–,–,–,14.2,–,25.7,–,57.0,554.0,449.0,92.2,25.7,388.0,338.0,62.0,–,–,–,57900,–,621,–,–,–,–,–,–,–,–,–,–,–,–,–,–,–,–,–,–,–,–,–,–,–,–,–,–,–,–,–,–,–,–,2.44
HSS,HSS10X6X.313,HSS10X6X5/16,–,31.84,8.76,–,–,10,9.13,–,–,–,6,5.13,–,–,–,–,–,–,–,0.3125,0.291,–,–,–,–,–,–,–,–,–,–,17.6,–,31.4,–,118.0,28.8,23.5,3.66,53.3,20.2,17.8,2.47,–,,–,118,–,32.2,–,–,–,–,–,–,–,–,–,–,–,–,–,–,–,–,–,–,–,–,–,–,–,–,–,–,–,–,–,–,–,–,HSS254X152.4X7.9,HSS254X152.4X7.9,47.4,5650,–,–,254,232,–,–,–,152,130,–,–,–,–,–,–,–,7.94,7.39,–,–,–,–,–,–,–,–,–,–,17.6,–,31.4,–,49.1,472.0,385.0,93.0,22.2,331.0,292.0,62.7,–,–,–,49100,–,528,–,–,–,–,–,–,–,–,–,–,–,–,–,–,–,–,–,–,–,–,–,–,–,–,–,–,–,–,–,–,–,–,2.47
HSS,HSS10X6X.250,HSS10X6X1/4,–,25.82,7.1,–,–,10,9.3,–,–,–,6,5.3,–,–,–,–,–,–,–,0.25,0.233,–,–,–,–,–,–,–,–,–,–,22.8,–,39.9,–,96.9,23.6,19.4,3.69,44.1,16.6,14.7,2.49,–,,–,96.7,–,26.2,–,–,–,–,–,–,–,–,–,–,–,–,–,–,–,–,–,–,–,–,–,–,–,–,–,–,–,–,–,–,–,–,HSS254X152.4X6.4,HSS254X152.4X6.4,38.4,4580,–,–,254,236,–,–,–,152,135,–,–,–,–,–,–,–,6.35,5.92,–,–,–,–,–,–,–,–,–,–,22.8,–,39.9,–,40.3,387.0,318.0,93.7,18.4,272.0,241.0,63.2,–,–,–,40200,–,429,–,–,–,–,–,–,–,–,–,–,–,–,–,–,–,–,–,–,–,–,–,–,–,–,–,–,–,–,–,–,–,–,2.49
HSS,HSS10X6X.188,HSS10X6X3/16,–,19.63,5.37,–,–,10,9.48,–,–,–,6,5.48,–,–,–,–,–,–,–,0.1875,0.174,–,–,–,–,–,–,–,–,–,–,31.5,–,54.5,–,74.6,18.0,14.9,3.73,34.1,12.7,11.4,2.52,–,,–,73.8,–,19.9,–,–,–,–,–,–,–,–,–,–,–,–,–,–,–,–,–,–,–,–,–,–,–,–,–,–,–,–,–,–,–,–,HSS254X152.4X4.8,HSS254X152.4X4.8,29.3,3460,–,–,254,241,–,–,–,152,139,–,–,–,–,–,–,–,4.76,4.42,–,–,–,–,–,–,–,–,–,–,31.5,–,54.5,–,31.1,295.0,244.0,94.7,14.2,208.0,187.0,64.0,–,–,–,30700,–,326,–,–,–,–,–,–,–,–,–,–,–,–,–,–,–,–,–,–,–,–,–,–,–,–,–,–,–,–,–,–,–,–,2.52
HSS,HSS10X5X.375,HSS10X5X3/8,–,35.13,9.67,–,–,10,8.95,–,–,–,5,3.95,–,–,–,–,–,–,–,0.375,0.349,–,–,–,–,–,–,–,–,–,–,11.3,–,25.7,–,120.0,30.4,24.1,3.53,40.6,18.7,16.2,2.05,–,,–,100,–,31.2,–,–,–,–,–,–,–,–,–,–,–,–,–,–,–,–,–,–,–,–,–,–,–,–,–,–,–,–,–,–,–,–,HSS254X127X9.5,HSS254X127X9.5,52.2,6240,–,–,254,227,–,–,–,127,100,–,–,–,–,–,–,–,9.53,8.86,–,–,–,–,–,–,–,–,–,–,11.3,–,25.7,–,49.9,498.0,395.0,89.7,16.9,306.0,265.0,52.1,–,–,–,41600,–,511,–,–,–,–,–,–,–,–,–,–,–,–,–,–,–,–,–,–,–,–,–,–,–,–,–,–,–,–,–,–,–,–,2.05
HSS,HSS10X5X.313,HSS10X5X5/16,–,29.72,8.17,–,–,10,9.13,–,–,–,5,4.13,–,–,–,–,–,–,–,0.3125,0.291,–,–,–,–,–,–,–,–,–,–,14.2,–,31.4,–,104.0,26.0,20.8,3.56,35.2,16.0,14.1,2.07,–,,–,86,–,26.5,–,–,–,–,–,–,–,–,–,–,–,–,–,–,–,–,–,–,–,–,–,–,–,–,–,–,–,–,–,–,–,–,HSS254X127X7.9,HSS254X127X7.9,44.2,5270,–,–,254,232,–,–,–,127,105,–,–,–,–,–,–,–,7.94,7.39,–,–,–,–,–,–,–,–,–,–,14.2,–,31.4,–,43.3,426.0,341.0,90.4,14.7,262.0,231.0,52.6,–,–,–,35800,–,434,–,–,–,–,–,–,–,–,–,–,–,–,–,–,–,–,–,–,–,–,–,–,–,–,–,–,–,–,–,–,–,–,2.07
HSS,HSS10X5X.250,HSS10X5X1/4,–,24.12,6.63,–,–,10,9.3,–,–,–,5,4.3,–,–,–,–,–,–,–,0.25,0.233,–,–,–,–,–,–,–,–,–,–,18.5,–,39.9,–,85.8,21.3,17.2,3.6,29.3,13.2,11.7,2.1,–,,–,70.7,–,21.6,–,–,–,–,–,–,–,–,–,–,–,–,–,–,–,–,–,–,–,–,–,–,–,–,–,–,–,–,–,–,–,–,HSS254X127X6.4,HSS254X127X6.4,35.8,4280,–,–,254,236,–,–,–,127,109,–,–,–,–,–,–,–,6.35,5.92,–,–,–,–,–,–,–,–,–,–,18.5,–,39.9,–,35.7,349.0,282.0,91.4,12.2,216.0,192.0,53.3,–,–,–,29400,–,354,–,–,–,–,–,–,–,–,–,–,–,–,–,–,–,–,–,–,–,–,–,–,–,–,–,–,–,–,–,–,–,–,2.1
HSS,HSS10X4X.625,HSS10X4X5/8,–,50.81,14.0,–,–,10,8.26,–,–,–,4,2.26,–,–,–,–,–,–,–,0.625,0.581,–,–,–,–,–,–,–,–,–,–,3.88,–,14.2,–,149.0,40.3,29.9,3.26,33.5,20.6,16.8,1.54,–,,–,95.7,–,36.7,–,–,–,–,–,–,–,–,–,–,–,–,–,–,–,–,–,–,–,–,–,–,–,–,–,–,–,–,–,–,–,–,HSS254X101.6X15.9,HSS254X101.6X15.9,75.3,9030,–,–,254,210,–,–,–,102,57.4,–,–,–,–,–,–,–,15.9,14.8,–,–,–,–,–,–,–,–,–,–,3.88,–,14.2,–,62.0,660.0,490.0,82.8,13.9,338.0,275.0,39.1,–,–,–,39800,–,601,–,–,–,–,–,–,–,–,–,–,–,–,–,–,–,–,–,–,–,–,–,–,–,–,–,–,–,–,–,–,–,–,1.54
HSS,HSS10X4X.500,HSS10X4X1/2,–,42.05,11.6,–,–,10,8.6,–,–,–,4,2.6,–,–,–,–,–,–,–,0.5,0.465,–,–,–,–,–,–,–,–,–,–,5.6,–,18.5,–,129.0,34.1,25.8,3.34,29.5,17.6,14.7,1.59,–,,–,82.6,–,31,–,–,–,–,–,–,–,–,–,–,–,–,–,–,–,–,–,–,–,–,–,–,–,–,–,–,–,–,–,–,–,–,HSS254X101.6X12.7,HSS254X101.6X12.7,62.4,7480,–,–,254,218,–,–,–,102,66,–,–,–,–,–,–,–,12.7,11.8,–,–,–,–,–,–,–,–,–,–,5.6,–,18.5,–,53.7,559.0,423.0,84.8,12.3,288.0,241.0,40.4,–,–,–,34400,–,508,–,–,–,–,–,–,–,–,–,–,–,–,–,–,–,–,–,–,–,–,–,–,–,–,–,–,–,–,–,–,–,–,1.59
HSS,HSS10X4X.375,HSS10X4X3/8,–,32.58,8.97,–,–,10,8.95,–,–,–,4,2.95,–,–,–,–,–,–,–,0.375,0.349,–,–,–,–,–,–,–,–,–,–,8.46,–,25.7,–,104.0,27.0,20.8,3.41,24.3,14.0,12.1,1.64,–,,–,66.5,–,24.4,–,–,–,–,–,–,–,–,–,–,–,–,–,–,–,–,–,–,–,–,–,–,–,–,–,–,–,–,–,–,–,–,HSS254X101.6X9.5,HSS254X101.6X9.5,48.4,5790,–,–,254,227,–,–,–,102,74.9,–,–,–,–,–,–,–,9.53,8.86,–,–,–,–,–,–,–,–,–,–,8.46,–,25.7,–,43.3,442.0,341.0,86.6,10.1,229.0,198.0,41.7,–,–,–,27700,–,400,–,–,–,–,–,–,–,–,–,–,–,–,–,–,–,–,–,–,–,–,–,–,–,–,–,–,–,–,–,–,–,–,1.64
HSS,HSS10X4X.313,HSS10X4X5/16,–,27.59,7.59,–,–,10,9.13,–,–,–,4,3.13,–,–,–,–,–,–,–,0.3125,0.291,–,–,–,–,–,–,–,–,–,–,10.7,–,31.4,–,90.1,23.1,18.0,3.44,21.2,12.1,10.6,1.67,–,,–,57.3,–,20.9,–,–,–,–,–,–,–,–,–,–,–,–,–,–,–,–,–,–,–,–,–,–,–,–,–,–,–,–,–,–,–,–,HSS254X101.6X7.9,HSS254X101.6X7.9,41.0,4900,–,–,254,232,–,–,–,102,79.5,–,–,–,–,–,–,–,7.94,7.39,–,–,–,–,–,–,–,–,–,–,10.7,–,31.4,–,37.5,379.0,295.0,87.4,8.82,198.0,174.0,42.4,–,–,–,23900,–,342,–,–,–,–,–,–,–,–,–,–,–,–,–,–,–,–,–,–,–,–,–,–,–,–,–,–,–,–,–,–,–,–,1.67
HSS,HSS10X4X.250,HSS10X4X1/4,–,22.42,6.17,–,–,10,9.3,–,–,–,4,3.3,–,–,–,–,–,–,–,0.25,0.233,–,–,–,–,–,–,–,–,–,–,14.2,–,39.9,–,74.7,19.0,14.9,3.48,17.7,10.0,8.87,1.7,–,,–,47.4,–,17.1,–,–,–,–,–,–,–,–,–,–,–,–,–,–,–,–,–,–,–,–,–,–,–,–,–,–,–,–,–,–,–,–,HSS254X101.6X6.4,HSS254X101.6X6.4,33.3,3980,–,–,254,236,–,–,–,102,83.8,–,–,–,–,–,–,–,6.35,5.92,–,–,–,–,–,–,–,–,–,–,14.2,–,39.9,–,31.1,311.0,244.0,88.4,7.37,164.0,145.0,43.2,–,–,–,19700,–,280,–,–,–,–,–,–,–,–,–,–,–,–,–,–,–,–,–,–,–,–,–,–,–,–,–,–,–,–,–,–,–,–,1.7
HSS,HSS10X4X.188,HSS10X4X3/16,–,17.08,4.67,–,–,10,9.48,–,–,–,4,3.48,–,–,–,–,–,–,–,0.1875,0.174,–,–,–,–,–,–,–,–,–,–,20,–,54.5,–,57.8,14.6,11.6,3.52,13.9,7.66,6.93,1.72,–,,–,36.5,–,13.1,–,–,–,–,–,–,–,–,–,–,–,–,–,–,–,–,–,–,–,–,–,–,–,–,–,–,–,–,–,–,–,–,HSS254X101.6X4.8,HSS254X101.6X4.8,25.4,3010,–,–,254,241,–,–,–,102,88.4,–,–,–,–,–,–,–,4.76,4.42,–,–,–,–,–,–,–,–,–,–,20,–,54.5,–,24.1,239.0,190.0,89.4,5.79,126.0,114.0,43.7,–,–,–,15200,–,215,–,–,–,–,–,–,–,–,–,–,–,–,–,–,–,–,–,–,–,–,–,–,–,–,–,–,–,–,–,–,–,–,1.72
HSS,HSS10X4X.125,HSS10X4X1/8,–,11.56,3.16,–,–,10,9.65,–,–,–,4,3.65,–,–,–,–,–,–,–,0.125,0.116,–,–,–,–,–,–,–,–,–,–,31.5,–,83.2,–,39.8,10.0,7.97,3.55,9.65,5.26,4.83,1.75,–,,–,25.1,–,8.9,–,–,–,–,–,–,–,–,–,–,–,–,–,–,–,–,–,–,–,–,–,–,–,–,–,–,–,–,–,–,–,–,HSS254X101.6X3.2,HSS254X101.6X3.2,17.2,2040,–,–,254,245,–,–,–,102,92.7,–,–,–,–,–,–,–,3.18,2.95,–,–,–,–,–,–,–,–,–,–,31.5,–,83.2,–,16.6,164.0,131.0,90.2,4.02,86.2,79.1,44.5,–,–,–,10400,–,146,–,–,–,–,–,–,–,–,–,–,–,–,–,–,–,–,–,–,–,–,–,–,–,–,–,–,–,–,–,–,–,–,1.75
HSS,HSS10X3-1/2X.375,HSS10X3-1/2X3/8,–,31.31,8.62,–,–,10,8.95,–,–,–,3.5,2.45,–,–,–,–,–,–,–,0.375,0.349,–,–,–,–,–,–,–,–,–,–,7.03,–,25.7,–,96.1,25.3,19.2,3.34,17.8,11.8,10.2,1.44,–,,–,51.5,–,21.1,–,–,–,–,–,–,–,–,–,–,–,–,–,–,–,–,–,–,–,–,–,–,–,–,–,–,–,–,–,–,–,–,HSS254X88.9X9.5,HSS254X88.9X9.5,46.5,5560,–,–,254,227,–,–,–,88.9,62.2,–,–,–,–,–,–,–,9.53,8.86,–,–,–,–,–,–,–,–,–,–,7.03,–,25.7,–,40.0,415.0,315.0,84.8,7.41,193.0,167.0,36.6,–,–,–,21400,–,346,–,–,–,–,–,–,–,–,–,–,–,–,–,–,–,–,–,–,–,–,–,–,–,–,–,–,–,–,–,–,–,–,1.44
HSS,HSS10X3-1/2X.313,HSS10X3-1/2X5/16,–,26.53,7.3,–,–,10,9.13,–,–,–,3.5,2.63,–,–,–,–,–,–,–,0.3125,0.291,–,–,–,–,–,–,–,–,–,–,9.03,–,31.4,–,83.2,21.7,16.6,3.38,15.6,10.2,8.92,1.46,–,,–,44.6,–,18,–,–,–,–,–,–,–,–,–,–,–,–,–,–,–,–,–,–,–,–,–,–,–,–,–,–,–,–,–,–,–,–,HSS254X88.9X7.9,HSS254X88.9X7.9,39.5,4710,–,–,254,232,–,–,–,88.9,66.8,–,–,–,–,–,–,–,7.94,7.39,–,–,–,–,–,–,–,–,–,–,9.03,–,31.4,–,34.6,356.0,272.0,85.9,6.49,167.0,146.0,37.1,–,–,–,18600,–,295,–,–,–,–,–,–,–,–,–,–,–,–,–,–,–,–,–,–,–,–,–,–,–,–,–,–,–,–,–,–,–,–,1.46
HSS,HSS10X3-1/2X.250,HSS10X3-1/2X1/4,–,21.57,5.93,–,–,10,9.3,–,–,–,3.5,2.8,–,–,–,–,–,–,–,0.25,0.233,–,–,–,–,–,–,–,–,–,–,12,–,39.9,–,69.1,17.9,13.8,3.41,13.1,8.45,7.51,1.49,–,,–,37,–,14.8,–,–,–,–,–,–,–,–,–,–,–,–,–,–,–,–,–,–,–,–,–,–,–,–,–,–,–,–,–,–,–,–,HSS254X88.9X6.4,HSS254X88.9X6.4,32.0,3830,–,–,254,236,–,–,–,88.9,71.1,–,–,–,–,–,–,–,6.35,5.92,–,–,–,–,–,–,–,–,–,–,12,–,39.9,–,28.8,293.0,226.0,86.6,5.45,138.0,123.0,37.8,–,–,–,15400,–,243,–,–,–,–,–,–,–,–,–,–,–,–,–,–,–,–,–,–,–,–,–,–,–,–,–,–,–,–,–,–,–,–,1.49
HSS,HSS10X3-1/2X.188,HSS10X3-1/2X3/16,–,16.44,4.5,–,–,10,9.48,–,–,–,3.5,2.98,–,–,–,–,–,–,–,0.1875,0.174,–,–,–,–,–,–,–,–,–,–,17.1,–,54.5,–,53.6,13.7,10.7,3.45,10.3,6.52,5.89,1.51,–,,–,28.6,–,11.4,–,–,–,–,–,–,–,–,–,–,–,–,–,–,–,–,–,–,–,–,–,–,–,–,–,–,–,–,–,–,–,–,HSS254X88.9X4.8,HSS254X88.9X4.8,24.5,2900,–,–,254,241,–,–,–,88.9,75.7,–,–,–,–,–,–,–,4.76,4.42,–,–,–,–,–,–,–,–,–,–,17.1,–,54.5,–,22.3,225.0,175.0,87.6,4.29,107.0,96.5,38.4,–,–,–,11900,–,187,–,–,–,–,–,–,–,–,–,–,–,–,–,–,–,–,–,–,–,–,–,–,–,–,–,–,–,–,–,–,–,–,1.51
HSS,HSS10X3X.375,HSS10X3X3/8,–,30.03,8.27,–,–,10,8.95,–,–,–,3,1.95,–,–,–,–,–,–,–,0.375,0.349,–,–,–,–,–,–,–,–,–,–,5.6,–,25.7,–,88.0,23.7,17.6,3.26,12.4,9.73,8.28,1.22,–,,–,37.8,–,17.7,–,–,–,–,–,–,–,–,–,–,–,–,–,–,–,–,–,–,–,–,–,–,–,–,–,–,–,–,–,–,–,–,HSS254X76.2X9.5,HSS254X76.2X9.5,44.6,5340,–,–,254,227,–,–,–,76.2,49.5,–,–,–,–,–,–,–,9.53,8.86,–,–,–,–,–,–,–,–,–,–,5.6,–,25.7,–,36.6,388.0,288.0,82.8,5.16,159.0,136.0,31.0,–,–,–,15700,–,290,–,–,–,–,–,–,–,–,–,–,–,–,–,–,–,–,–,–,–,–,–,–,–,–,–,–,–,–,–,–,–,–,1.22
HSS,HSS10X3X.313,HSS10X3X5/16,–,25.46,7.01,–,–,10,9.13,–,–,–,3,2.13,–,–,–,–,–,–,–,0.3125,0.291,–,–,–,–,–,–,–,–,–,–,7.31,–,31.4,–,76.3,20.3,15.3,3.3,11.0,8.42,7.3,1.25,–,,–,33,–,15.2,–,–,–,–,–,–,–,–,–,–,–,–,–,–,–,–,–,–,–,–,–,–,–,–,–,–,–,–,–,–,–,–,HSS254X76.2X7.9,HSS254X76.2X7.9,37.9,4520,–,–,254,232,–,–,–,76.2,54.1,–,–,–,–,–,–,–,7.94,7.39,–,–,–,–,–,–,–,–,–,–,7.31,–,31.4,–,31.8,333.0,251.0,83.8,4.58,138.0,120.0,31.8,–,–,–,13700,–,249,–,–,–,–,–,–,–,–,–,–,–,–,–,–,–,–,–,–,–,–,–,–,–,–,–,–,–,–,–,–,–,–,1.25
HSS,HSS10X3X.250,HSS10X3X1/4,–,20.72,5.7,–,–,10,9.3,–,–,–,3,2.3,–,–,–,–,–,–,–,0.25,0.233,–,–,–,–,–,–,–,–,–,–,9.88,–,39.9,–,63.6,16.7,12.7,3.34,9.28,6.99,6.19,1.28,–,,–,27.6,–,12.5,–,–,–,–,–,–,–,–,–,–,–,–,–,–,–,–,–,–,–,–,–,–,–,–,–,–,–,–,–,–,–,–,HSS254X76.2X6.4,HSS254X76.2X6.4,30.8,3680,–,–,254,236,–,–,–,76.2,58.4,–,–,–,–,–,–,–,6.35,5.92,–,–,–,–,–,–,–,–,–,–,9.88,–,39.9,–,26.5,274.0,208.0,84.8,3.86,115.0,101.0,32.5,–,–,–,11500,–,205,–,–,–,–,–,–,–,–,–,–,–,–,–,–,–,–,–,–,–,–,–,–,–,–,–,–,–,–,–,–,–,–,1.28
HSS,HSS10X3X.188,HSS10X3X3/16,–,15.8,4.32,–,–,10,9.48,–,–,–,3,2.48,–,–,–,–,–,–,–,0.1875,0.174,–,–,–,–,–,–,–,–,–,–,14.2,–,54.5,–,49.4,12.8,9.87,3.38,7.33,5.41,4.89,1.3,–,,–,21.5,–,9.64,–,–,–,–,–,–,–,–,–,–,–,–,–,–,–,–,–,–,–,–,–,–,–,–,–,–,–,–,–,–,–,–,HSS254X76.2X4.8,HSS254X76.2X4.8,23.5,2790,–,–,254,241,–,–,–,76.2,63,–,–,–,–,–,–,–,4.76,4.42,–,–,–,–,–,–,–,–,–,–,14.2,–,54.5,–,20.6,210.0,162.0,85.9,3.05,88.7,80.1,33.0,–,–,–,8950,–,158,–,–,–,–,–,–,–,–,–,–,–,–,–,–,–,–,–,–,–,–,–,–,–,–,–,–,–,–,–,–,–,–,1.3
HSS,HSS10X3X.125,HSS10X3X1/8,–,10.71,2.93,–,–,10,9.65,–,–,–,3,2.65,–,–,–,–,–,–,–,0.125,0.116,–,–,–,–,–,–,–,–,–,–,22.9,–,83.2,–,34.2,8.8,6.83,3.42,5.16,3.74,3.44,1.33,–,,–,14.9,–,6.61,–,–,–,–,–,–,–,–,–,–,–,–,–,–,–,–,–,–,–,–,–,–,–,–,–,–,–,–,–,–,–,–,HSS254X76.2X3.2,HSS254X76.2X3.2,15.9,1890,–,–,254,245,–,–,–,76.2,67.3,–,–,–,–,–,–,–,3.18,2.95,–,–,–,–,–,–,–,–,–,–,22.9,–,83.2,–,14.2,144.0,112.0,86.9,2.15,61.3,56.4,33.8,–,–,–,6200,–,108,–,–,–,–,–,–,–,–,–,–,–,–,–,–,–,–,–,–,–,–,–,–,–,–,–,–,–,–,–,–,–,–,1.33
HSS,HSS10X2X.375,HSS10X2X3/8,–,27.48,7.58,–,–,10,8.95,–,–,–,2,0.953,–,–,–,–,–,–,–,0.375,0.349,–,–,–,–,–,–,–,–,–,–,2.73,–,25.7,–,71.7,20.3,14.3,3.08,4.7,5.76,4.7,0.787,–,,–,15.9,–,11,–,–,–,–,–,–,–,–,–,–,–,–,–,–,–,–,–,–,–,–,–,–,–,–,–,–,–,–,–,–,–,–,HSS254X50.8X9.5,HSS254X50.8X9.5,40.8,4890,–,–,254,227,–,–,–,50.8,24.2,–,–,–,–,–,–,–,9.53,8.86,–,–,–,–,–,–,–,–,–,–,2.73,–,25.7,–,29.8,333.0,234.0,78.2,1.96,94.4,77.0,20.0,–,–,–,6620,–,180,–,–,–,–,–,–,–,–,–,–,–,–,–,–,–,–,–,–,–,–,–,–,–,–,–,–,–,–,–,–,–,–,0.787
HSS,HSS10X2X.313,HSS10X2X5/16,–,23.34,6.43,–,–,10,9.13,–,–,–,2,1.13,–,–,–,–,–,–,–,0.3125,0.291,–,–,–,–,–,–,–,–,–,–,3.87,–,31.4,–,62.6,17.5,12.5,3.12,4.24,5.06,4.24,0.812,–,,–,14.2,–,9.56,–,–,–,–,–,–,–,–,–,–,–,–,–,–,–,–,–,–,–,–,–,–,–,–,–,–,–,–,–,–,–,–,HSS254X50.8X7.9,HSS254X50.8X7.9,34.7,4150,–,–,254,232,–,–,–,50.8,28.7,–,–,–,–,–,–,–,7.94,7.39,–,–,–,–,–,–,–,–,–,–,3.87,–,31.4,–,26.1,287.0,205.0,79.2,1.76,82.9,69.5,20.6,–,–,–,5910,–,157,–,–,–,–,–,–,–,–,–,–,–,–,–,–,–,–,–,–,–,–,–,–,–,–,–,–,–,–,–,–,–,–,0.812
HSS,HSS10X2X.250,HSS10X2X1/4,–,19.02,5.24,–,–,10,9.3,–,–,–,2,1.3,–,–,–,–,–,–,–,0.25,0.233,–,–,–,–,–,–,–,–,–,–,5.58,–,39.9,–,52.5,14.4,10.5,3.17,3.67,4.26,3.67,0.838,–,,–,12.2,–,7.99,–,–,–,–,–,–,–,–,–,–,–,–,–,–,–,–,–,–,–,–,–,–,–,–,–,–,–,–,–,–,–,–,HSS254X50.8X6.4,HSS254X50.8X6.4,28.3,3380,–,–,254,236,–,–,–,50.8,33,–,–,–,–,–,–,–,6.35,5.92,–,–,–,–,–,–,–,–,–,–,5.58,–,39.9,–,21.9,236.0,172.0,80.5,1.53,69.8,60.1,21.3,–,–,–,5080,–,131,–,–,–,–,–,–,–,–,–,–,–,–,–,–,–,–,–,–,–,–,–,–,–,–,–,–,–,–,–,–,–,–,0.838
HSS,HSS10X2X.188,HSS10X2X3/16,–,14.53,3.98,–,–,10,9.48,–,–,–,2,1.48,–,–,–,–,–,–,–,0.1875,0.174,–,–,–,–,–,–,–,–,–,–,8.49,–,54.5,–,41.0,11.1,8.19,3.21,2.97,3.34,2.97,0.864,–,,–,9.74,–,6.22,–,–,–,–,–,–,–,–,–,–,–,–,–,–,–,–,–,–,–,–,–,–,–,–,–,–,–,–,–,–,–,–,HSS254X50.8X4.8,HSS254X50.8X4.8,21.6,2570,–,–,254,241,–,–,–,50.8,37.6,–,–,–,–,–,–,–,4.76,4.42,–,–,–,–,–,–,–,–,–,–,8.49,–,54.5,–,17.1,182.0,134.0,81.5,1.24,54.7,48.7,21.9,–,–,–,4050,–,102,–,–,–,–,–,–,–,–,–,–,–,–,–,–,–,–,–,–,–,–,–,–,–,–,–,–,–,–,–,–,–,–,0.864
HSS,HSS10X2X.125,HSS10X2X1/8,–,9.86,2.7,–,–,10,9.65,–,–,–,2,1.65,–,–,–,–,–,–,–,0.125,0.116,–,–,–,–,–,–,–,–,–,–,14.2,–,83.2,–,28.5,7.65,5.7,3.25,2.14,2.33,2.14,0.89,–,,–,6.9,–,4.31,–,–,–,–,–,–,–,–,–,–,–,–,–,–,–,–,–,–,–,–,–,–,–,–,–,–,–,–,–,–,–,–,HSS254X50.8X3.2,HSS254X50.8X3.2,14.7,1740,–,–,254,245,–,–,–,50.8,41.9,–,–,–,–,–,–,–,3.18,2.95,–,–,–,–,–,–,–,–,–,–,14.2,–,83.2,–,11.9,125.0,93.4,82.6,0.891,38.2,35.1,22.6,–,–,–,2870,–,70.6,–,–,–,–,–,–,–,–,–,–,–,–,–,–,–,–,–,–,–,–,–,–,–,–,–,–,–,–,–,–,–,–,0.89
HSS,HSS9X9X.625,HSS9X9X5/8,–,67.82,18.7,–,–,9,7.26,–,–,–,9,7.26,–,–,–,–,–,–,–,0.625,0.581,–,–,–,–,–,–,–,–,–,–,12.5,–,12.5,–,216.0,58.1,47.9,3.4,216.0,58.1,47.9,3.4,–,,–,356,–,81.6,–,–,–,–,–,–,–,–,–,–,–,–,–,–,–,–,–,–,–,–,–,–,–,–,–,–,–,–,–,–,–,–,HSS228.6X228.6X15.9,HSS228.6X228.6X15.9,101.0,12100,–,–,229,184,–,–,–,229,184,–,–,–,–,–,–,–,15.9,14.8,–,–,–,–,–,–,–,–,–,–,12.5,–,12.5,–,89.9,952.0,785.0,86.4,89.9,952.0,785.0,86.4,–,–,–,148000,–,1340,–,–,–,–,–,–,–,–,–,–,–,–,–,–,–,–,–,–,–,–,–,–,–,–,–,–,–,–,–,–,–,–,3.4
HSS,HSS9X9X.500,HSS9X9X1/2,–,55.66,15.3,–,–,9,7.6,–,–,–,9,7.6,–,–,–,–,–,–,–,0.5,0.465,–,–,–,–,–,–,–,–,–,–,16.4,–,16.4,–,183.0,48.4,40.6,3.45,183.0,48.4,40.6,3.45,–,,–,296,–,67.4,–,–,–,–,–,–,–,–,–,–,–,–,–,–,–,–,–,–,–,–,–,–,–,–,–,–,–,–,–,–,–,–,HSS228.6X228.6X12.7,HSS228.6X228.6X12.7,82.6,9870,–,–,229,193,–,–,–,229,193,–,–,–,–,–,–,–,12.7,11.8,–,–,–,–,–,–,–,–,–,–,16.4,–,16.4,–,76.2,793.0,665.0,87.6,76.2,793.0,665.0,87.6,–,–,–,123000,–,1100,–,–,–,–,–,–,–,–,–,–,–,–,–,–,–,–,–,–,–,–,–,–,–,–,–,–,–,–,–,–,–,–,3.45
HSS,HSS9X9X.375,HSS9X9X3/8,–,42.79,11.8,–,–,9,7.95,–,–,–,9,7.95,–,–,–,–,–,–,–,0.375,0.349,–,–,–,–,–,–,–,–,–,–,22.8,–,22.8,–,145.0,37.8,32.2,3.51,145.0,37.8,32.2,3.51,–,,–,231,–,52.1,–,–,–,–,–,–,–,–,–,–,–,–,–,–,–,–,–,–,–,–,–,–,–,–,–,–,–,–,–,–,–,–,HSS228.6X228.6X9.5,HSS228.6X228.6X9.5,63.6,7610,–,–,229,202,–,–,–,229,202,–,–,–,–,–,–,–,9.53,8.86,–,–,–,–,–,–,–,–,–,–,22.8,–,22.8,–,60.4,619.0,528.0,89.2,60.4,619.0,528.0,89.2,–,–,–,96100,–,854,–,–,–,–,–,–,–,–,–,–,–,–,–,–,–,–,–,–,–,–,–,–,–,–,–,–,–,–,–,–,–,–,3.51
HSS,HSS9X9X.313,HSS9X9X5/16,–,36.1,9.92,–,–,9,8.13,–,–,–,9,8.13,–,–,–,–,–,–,–,0.3125,0.291,–,–,–,–,–,–,–,–,–,–,27.9,–,27.9,–,124.0,32.1,27.6,3.54,124.0,32.1,27.6,3.54,–,,–,196,–,44,–,–,–,–,–,–,–,–,–,–,–,–,–,–,–,–,–,–,–,–,–,–,–,–,–,–,–,–,–,–,–,–,HSS228.6X228.6X7.9,HSS228.6X228.6X7.9,53.6,6400,–,–,229,207,–,–,–,229,207,–,–,–,–,–,–,–,7.94,7.39,–,–,–,–,–,–,–,–,–,–,27.9,–,27.9,–,51.6,526.0,452.0,89.9,51.6,526.0,452.0,89.9,–,–,–,81600,–,721,–,–,–,–,–,–,–,–,–,–,–,–,–,–,–,–,–,–,–,–,–,–,–,–,–,–,–,–,–,–,–,–,3.54
HSS,HSS9X9X.250,HSS9X9X1/4,–,29.23,8.03,–,–,9,8.3,–,–,–,9,8.3,–,–,–,–,–,–,–,0.25,0.233,–,–,–,–,–,–,–,–,–,–,35.6,–,35.6,–,102.0,26.2,22.7,3.56,102.0,26.2,22.7,3.56,–,,–,159,–,35.8,–,–,–,–,–,–,–,–,–,–,–,–,–,–,–,–,–,–,–,–,–,–,–,–,–,–,–,–,–,–,–,–,HSS228.6X228.6X6.4,HSS228.6X228.6X6.4,43.4,5180,–,–,229,211,–,–,–,229,211,–,–,–,–,–,–,–,6.35,5.92,–,–,–,–,–,–,–,–,–,–,35.6,–,35.6,–,42.5,429.0,372.0,90.4,42.5,429.0,372.0,90.4,–,–,–,66200,–,587,–,–,–,–,–,–,–,–,–,–,–,–,–,–,–,–,–,–,–,–,–,–,–,–,–,–,–,–,–,–,–,–,3.56
HSS,HSS9X9X.188,HSS9X9X3/16,–,22.18,6.06,–,–,9,8.48,–,–,–,9,8.48,–,–,–,–,–,–,–,0.1875,0.174,–,–,–,–,–,–,–,–,–,–,48.7,–,48.7,–,78.2,20.0,17.4,3.59,78.2,20.0,17.4,3.59,–,,–,121,–,27.1,–,–,–,–,–,–,–,–,–,–,–,–,–,–,–,–,–,–,–,–,–,–,–,–,–,–,–,–,–,–,–,–,HSS228.6X228.6X74.8,HSS228.6X228.6X74.8,33.0,3910,–,–,229,215,–,–,–,229,215,–,–,–,–,–,–,–,4.76,4.42,–,–,–,–,–,–,–,–,–,–,48.7,–,48.7,–,32.5,328.0,285.0,91.2,32.5,328.0,285.0,91.2,–,–,–,50400,–,444,–,–,–,–,–,–,–,–,–,–,–,–,–,–,–,–,–,–,–,–,–,–,–,–,–,–,–,–,–,–,–,–,3.59
HSS,HSS9X9X.125,HSS9X9X1/8,–,14.96,4.09,–,–,9,8.65,–,–,–,9,8.65,–,–,–,–,–,–,–,0.125,0.116,–,–,–,–,–,–,–,–,–,–,74.6,–,74.6,–,53.5,13.6,11.9,3.62,53.5,13.6,11.9,3.62,–,,–,82,–,18.3,–,–,–,–,–,–,–,–,–,–,–,–,–,–,–,–,–,–,–,–,–,–,–,–,–,–,–,–,–,–,–,–,HSS228.6X228.6X3.2,HSS228.6X228.6X3.2,22.3,2640,–,–,229,220,–,–,–,229,220,–,–,–,–,–,–,–,3.18,2.95,–,–,–,–,–,–,–,–,–,–,74.6,–,74.6,–,22.3,223.0,195.0,91.9,22.3,223.0,195.0,91.9,–,–,–,34100,–,300,–,–,–,–,–,–,–,–,–,–,–,–,–,–,–,–,–,–,–,–,–,–,–,–,–,–,–,–,–,–,–,–,3.62
HSS,HSS9X7X.625,HSS9X7X5/8,–,59.32,16.4,–,–,9,7.26,–,–,–,7,5.26,–,–,–,–,–,–,–,0.625,0.581,–,–,–,–,–,–,–,–,–,–,9.05,–,12.5,–,174.0,48.3,38.7,3.26,117.0,40.5,33.5,2.68,–,,–,235,–,62,–,–,–,–,–,–,–,–,–,–,–,–,–,–,–,–,–,–,–,–,–,–,–,–,–,–,–,–,–,–,–,–,HSS228.6X177.8X15.9,HSS228.6X177.8X15.9,88.0,10600,–,–,229,184,–,–,–,178,134,–,–,–,–,–,–,–,15.9,14.8,–,–,–,–,–,–,–,–,–,–,9.05,–,12.5,–,72.4,791.0,634.0,82.8,48.7,664.0,549.0,68.1,–,–,–,97800,–,1020,–,–,–,–,–,–,–,–,–,–,–,–,–,–,–,–,–,–,–,–,–,–,–,–,–,–,–,–,–,–,–,–,2.68
HSS,HSS9X7X.500,HSS9X7X1/2,–,48.85,13.5,–,–,9,7.6,–,–,–,7,5.6,–,–,–,–,–,–,–,0.5,0.465,–,–,–,–,–,–,–,–,–,–,12.1,–,16.4,–,149.0,40.5,33.0,3.32,100.0,34.0,28.7,2.73,–,,–,197,–,51.5,–,–,–,–,–,–,–,–,–,–,–,–,–,–,–,–,–,–,–,–,–,–,–,–,–,–,–,–,–,–,–,–,HSS228.6X177.8X12.7,HSS228.6X177.8X12.7,72.5,8710,–,–,229,193,–,–,–,178,142,–,–,–,–,–,–,–,12.7,11.8,–,–,–,–,–,–,–,–,–,–,12.1,–,16.4,–,62.0,664.0,541.0,84.3,41.6,557.0,470.0,69.3,–,–,–,82000,–,844,–,–,–,–,–,–,–,–,–,–,–,–,–,–,–,–,–,–,–,–,–,–,–,–,–,–,–,–,–,–,–,–,2.73
HSS,HSS9X7X.375,HSS9X7X3/8,–,37.69,10.4,–,–,9,7.95,–,–,–,7,5.95,–,–,–,–,–,–,–,0.375,0.349,–,–,–,–,–,–,–,–,–,–,17.1,–,22.8,–,119.0,31.8,26.4,3.38,80.4,26.7,23.0,2.78,–,,–,154,–,40,–,–,–,–,–,–,–,–,–,–,–,–,–,–,–,–,–,–,–,–,–,–,–,–,–,–,–,–,–,–,–,–,HSS228.6X177.8X9.5,HSS228.6X177.8X9.5,56.0,6710,–,–,229,202,–,–,–,178,151,–,–,–,–,–,–,–,9.53,8.86,–,–,–,–,–,–,–,–,–,–,17.1,–,22.8,–,49.5,521.0,433.0,85.9,33.5,438.0,377.0,70.6,–,–,–,64100,–,655,–,–,–,–,–,–,–,–,–,–,–,–,–,–,–,–,–,–,–,–,–,–,–,–,–,–,–,–,–,–,–,–,2.78
HSS,HSS9X7X.313,HSS9X7X5/16,–,31.84,8.76,–,–,9,8.13,–,–,–,7,6.13,–,–,–,–,–,–,–,0.3125,0.291,–,–,–,–,–,–,–,–,–,–,21.1,–,27.9,–,102.0,27.1,22.6,3.41,69.2,22.8,19.8,2.81,–,,–,131,–,33.9,–,–,–,–,–,–,–,–,–,–,–,–,–,–,–,–,–,–,–,–,–,–,–,–,–,–,–,–,–,–,–,–,HSS228.6X177.8X7.9,HSS228.6X177.8X7.9,47.4,5650,–,–,229,207,–,–,–,178,156,–,–,–,–,–,–,–,7.94,7.39,–,–,–,–,–,–,–,–,–,–,21.1,–,27.9,–,42.5,444.0,370.0,86.6,28.8,374.0,324.0,71.4,–,–,–,54500,–,556,–,–,–,–,–,–,–,–,–,–,–,–,–,–,–,–,–,–,–,–,–,–,–,–,–,–,–,–,–,–,–,–,2.81
HSS,HSS9X7X.250,HSS9X7X1/4,–,25.82,7.1,–,–,9,8.3,–,–,–,7,6.3,–,–,–,–,–,–,–,0.25,0.233,–,–,–,–,–,–,–,–,–,–,27,–,35.6,–,84.1,22.2,18.7,3.44,57.2,18.7,16.3,2.84,–,,–,107,–,27.6,–,–,–,–,–,–,–,–,–,–,–,–,–,–,–,–,–,–,–,–,–,–,–,–,–,–,–,–,–,–,–,–,HSS228.6X177.8X6.4,HSS228.6X177.8X6.4,38.4,4580,–,–,229,211,–,–,–,178,160,–,–,–,–,–,–,–,6.35,5.92,–,–,–,–,–,–,–,–,–,–,27,–,35.6,–,35.0,364.0,306.0,87.4,23.8,306.0,267.0,72.1,–,–,–,44500,–,452,–,–,–,–,–,–,–,–,–,–,–,–,–,–,–,–,–,–,–,–,–,–,–,–,–,–,–,–,–,–,–,–,2.84
HSS,HSS9X7X.188,HSS9X7X3/16,–,19.63,5.37,–,–,9,8.48,–,–,–,7,6.48,–,–,–,–,–,–,–,0.1875,0.174,–,–,–,–,–,–,–,–,–,–,37.2,–,48.7,–,64.7,16.9,14.4,3.47,44.1,14.3,12.6,2.87,–,,–,81.7,–,20.9,–,–,–,–,–,–,–,–,–,–,–,–,–,–,–,–,–,–,–,–,–,–,–,–,–,–,–,–,–,–,–,–,HSS228.6X177.8X4.8,HSS228.6X177.8X4.8,29.3,3460,–,–,229,215,–,–,–,178,165,–,–,–,–,–,–,–,4.76,4.42,–,–,–,–,–,–,–,–,–,–,37.2,–,48.7,–,26.9,277.0,236.0,88.1,18.4,234.0,206.0,72.9,–,–,–,34000,–,342,–,–,–,–,–,–,–,–,–,–,–,–,–,–,–,–,–,–,–,–,–,–,–,–,–,–,–,–,–,–,–,–,2.87
HSS,HSS9X5X.625,HSS9X5X5/8,–,50.81,14.0,–,–,9,7.26,–,–,–,5,3.26,–,–,–,–,–,–,–,0.625,0.581,–,–,–,–,–,–,–,–,–,–,5.61,–,12.5,–,133.0,38.5,29.6,3.08,52.0,25.3,20.8,1.92,–,,–,128,–,42.5,–,–,–,–,–,–,–,–,–,–,–,–,–,–,–,–,–,–,–,–,–,–,–,–,–,–,–,–,–,–,–,–,HSS228.6X127X15.9,HSS228.6X127X15.9,75.3,9030,–,–,229,184,–,–,–,127,82.8,–,–,–,–,–,–,–,15.9,14.8,–,–,–,–,–,–,–,–,–,–,5.61,–,12.5,–,55.4,631.0,485.0,78.2,21.6,415.0,341.0,48.8,–,–,–,53300,–,696,–,–,–,–,–,–,–,–,–,–,–,–,–,–,–,–,–,–,–,–,–,–,–,–,–,–,–,–,–,–,–,–,1.92
HSS,HSS9X5X.500,HSS9X5X1/2,–,42.05,11.6,–,–,9,7.6,–,–,–,5,3.6,–,–,–,–,–,–,–,0.5,0.465,–,–,–,–,–,–,–,–,–,–,7.75,–,16.4,–,115.0,32.5,25.5,3.14,45.2,21.5,18.1,1.97,–,,–,109,–,35.6,–,–,–,–,–,–,–,–,–,–,–,–,–,–,–,–,–,–,–,–,–,–,–,–,–,–,–,–,–,–,–,–,HSS228.6X127X12.7,HSS228.6X127X12.7,62.4,7480,–,–,229,193,–,–,–,127,91.4,–,–,–,–,–,–,–,12.7,11.8,–,–,–,–,–,–,–,–,–,–,7.75,–,16.4,–,47.9,533.0,418.0,79.8,18.8,352.0,297.0,50.0,–,–,–,45400,–,583,–,–,–,–,–,–,–,–,–,–,–,–,–,–,–,–,–,–,–,–,–,–,–,–,–,–,–,–,–,–,–,–,1.97
HSS,HSS9X5X.375,HSS9X5X3/8,–,32.58,8.97,–,–,9,7.95,–,–,–,5,3.95,–,–,–,–,–,–,–,0.375,0.349,–,–,–,–,–,–,–,–,–,–,11.3,–,22.8,–,92.5,25.7,20.5,3.21,36.8,17.1,14.7,2.03,–,,–,86.9,–,27.9,–,–,–,–,–,–,–,–,–,–,–,–,–,–,–,–,–,–,–,–,–,–,–,–,–,–,–,–,–,–,–,–,HSS228.6X127X9.5,HSS228.6X127X9.5,48.4,5790,–,–,229,202,–,–,–,127,100,–,–,–,–,–,–,–,9.53,8.86,–,–,–,–,–,–,–,–,–,–,11.3,–,22.8,–,38.5,421.0,336.0,81.5,15.3,280.0,241.0,51.6,–,–,–,36200,–,457,–,–,–,–,–,–,–,–,–,–,–,–,–,–,–,–,–,–,–,–,–,–,–,–,–,–,–,–,–,–,–,–,2.03
HSS,HSS9X5X.313,HSS9X5X5/16,–,27.59,7.59,–,–,9,8.13,–,–,–,5,4.13,–,–,–,–,–,–,–,0.3125,0.291,–,–,–,–,–,–,–,–,–,–,14.2,–,27.9,–,79.8,22.0,17.7,3.24,32.0,14.6,12.8,2.05,–,,–,74.4,–,23.8,–,–,–,–,–,–,–,–,–,–,–,–,–,–,–,–,–,–,–,–,–,–,–,–,–,–,–,–,–,–,–,–,HSS228.6X127X7.9,HSS228.6X127X7.9,41.0,4900,–,–,229,207,–,–,–,127,105,–,–,–,–,–,–,–,7.94,7.39,–,–,–,–,–,–,–,–,–,–,14.2,–,27.9,–,33.2,361.0,290.0,82.3,13.3,239.0,210.0,52.1,–,–,–,31000,–,390,–,–,–,–,–,–,–,–,–,–,–,–,–,–,–,–,–,–,–,–,–,–,–,–,–,–,–,–,–,–,–,–,2.05
HSS,HSS9X5X.250,HSS9X5X1/4,–,22.42,6.17,–,–,9,8.3,–,–,–,5,4.3,–,–,–,–,–,–,–,0.25,0.233,–,–,–,–,–,–,–,–,–,–,18.5,–,35.6,–,66.1,18.1,14.7,3.27,26.6,12.0,10.6,2.08,–,,–,61.2,–,19.4,–,–,–,–,–,–,–,–,–,–,–,–,–,–,–,–,–,–,–,–,–,–,–,–,–,–,–,–,–,–,–,–,HSS228.6X127X6.4,HSS228.6X127X6.4,33.3,3980,–,–,229,211,–,–,–,127,109,–,–,–,–,–,–,–,6.35,5.92,–,–,–,–,–,–,–,–,–,–,18.5,–,35.6,–,27.5,297.0,241.0,83.1,11.1,197.0,174.0,52.8,–,–,–,25500,–,318,–,–,–,–,–,–,–,–,–,–,–,–,–,–,–,–,–,–,–,–,–,–,–,–,–,–,–,–,–,–,–,–,2.08
HSS,HSS9X5X.188,HSS9X5X3/16,–,17.08,4.67,–,–,9,8.48,–,–,–,5,4.48,–,–,–,–,–,–,–,0.1875,0.174,–,–,–,–,–,–,–,–,–,–,25.7,–,48.7,–,51.1,13.8,11.4,3.31,20.7,9.25,8.28,2.1,–,,–,46.9,–,14.8,–,–,–,–,–,–,–,–,–,–,–,–,–,–,–,–,–,–,–,–,–,–,–,–,–,–,–,–,–,–,–,–,HSS228.6X127X4.8,HSS228.6X127X4.8,25.4,3010,–,–,229,215,–,–,–,127,114,–,–,–,–,–,–,–,4.76,4.42,–,–,–,–,–,–,–,–,–,–,25.7,–,48.7,–,21.3,226.0,187.0,84.1,8.62,152.0,136.0,53.3,–,–,–,19500,–,243,–,–,–,–,–,–,–,–,–,–,–,–,–,–,–,–,–,–,–,–,–,–,–,–,–,–,–,–,–,–,–,–,2.1
HSS,HSS9X3X.500,HSS9X3X1/2,–,35.24,9.74,–,–,9,7.6,–,–,–,3,1.6,–,–,–,–,–,–,–,0.5,0.465,–,–,–,–,–,–,–,–,–,–,3.45,–,16.4,–,80.8,24.6,18.0,2.88,13.2,10.8,8.81,1.17,–,,–,40,–,19.7,–,–,–,–,–,–,–,–,–,–,–,–,–,–,–,–,–,–,–,–,–,–,–,–,–,–,–,–,–,–,–,–,HSS228.6X76.2X12.7,HSS228.6X76.2X12.7,52.2,6280,–,–,229,193,–,–,–,76.2,40.6,–,–,–,–,–,–,–,12.7,11.8,–,–,–,–,–,–,–,–,–,–,3.45,–,16.4,–,33.6,403.0,295.0,73.2,5.49,177.0,144.0,29.7,–,–,–,16600,–,323,–,–,–,–,–,–,–,–,–,–,–,–,–,–,–,–,–,–,–,–,–,–,–,–,–,–,–,–,–,–,–,–,1.17
HSS,HSS9X3X.375,HSS9X3X3/8,–,27.48,7.58,–,–,9,7.95,–,–,–,3,1.95,–,–,–,–,–,–,–,0.375,0.349,–,–,–,–,–,–,–,–,–,–,5.6,–,22.8,–,66.3,19.7,14.7,2.96,11.2,8.8,7.45,1.21,–,,–,33.1,–,15.8,–,–,–,–,–,–,–,–,–,–,–,–,–,–,–,–,–,–,–,–,–,–,–,–,–,–,–,–,–,–,–,–,HSS228.6X76.2X9.5,HSS228.6X76.2X9.5,40.8,4890,–,–,229,202,–,–,–,76.2,49.5,–,–,–,–,–,–,–,9.53,8.86,–,–,–,–,–,–,–,–,–,–,5.6,–,22.8,–,27.6,323.0,241.0,75.2,4.66,144.0,122.0,30.7,–,–,–,13800,–,259,–,–,–,–,–,–,–,–,–,–,–,–,–,–,–,–,–,–,–,–,–,–,–,–,–,–,–,–,–,–,–,–,1.21
HSS,HSS9X3X.313,HSS9X3X5/16,–,23.34,6.43,–,–,9,8.13,–,–,–,3,2.13,–,–,–,–,–,–,–,0.3125,0.291,–,–,–,–,–,–,–,–,–,–,7.31,–,27.9,–,57.7,16.9,12.8,3.0,9.88,7.63,6.59,1.24,–,,–,28.9,–,13.6,–,–,–,–,–,–,–,–,–,–,–,–,–,–,–,–,–,–,–,–,–,–,–,–,–,–,–,–,–,–,–,–,HSS228.6X76.2X7.9,HSS228.6X76.2X7.9,34.7,4150,–,–,229,207,–,–,–,76.2,54.1,–,–,–,–,–,–,–,7.94,7.39,–,–,–,–,–,–,–,–,–,–,7.31,–,27.9,–,24.0,277.0,210.0,76.2,4.11,125.0,108.0,31.5,–,–,–,12000,–,223,–,–,–,–,–,–,–,–,–,–,–,–,–,–,–,–,–,–,–,–,–,–,–,–,–,–,–,–,–,–,–,–,1.24
HSS,HSS9X3X.250,HSS9X3X1/4,–,19.02,5.24,–,–,9,8.3,–,–,–,3,2.3,–,–,–,–,–,–,–,0.25,0.233,–,–,–,–,–,–,–,–,–,–,9.88,–,35.6,–,48.2,14.0,10.7,3.04,8.38,6.35,5.59,1.27,–,,–,24.2,–,11.3,–,–,–,–,–,–,–,–,–,–,–,–,–,–,–,–,–,–,–,–,–,–,–,–,–,–,–,–,–,–,–,–,HSS228.6X76.2X6.4,HSS228.6X76.2X6.4,28.3,3380,–,–,229,211,–,–,–,76.2,58.4,–,–,–,–,–,–,–,6.35,5.92,–,–,–,–,–,–,–,–,–,–,9.88,–,35.6,–,20.1,229.0,175.0,77.2,3.49,104.0,91.6,32.3,–,–,–,10100,–,185,–,–,–,–,–,–,–,–,–,–,–,–,–,–,–,–,–,–,–,–,–,–,–,–,–,–,–,–,–,–,–,–,1.27
HSS,HSS9X3X.188,HSS9X3X3/16,–,14.53,3.98,–,–,9,8.48,–,–,–,3,2.48,–,–,–,–,–,–,–,0.1875,0.174,–,–,–,–,–,–,–,–,–,–,14.2,–,48.7,–,37.6,10.8,8.35,3.07,6.64,4.92,4.42,1.29,–,,–,18.9,–,8.66,–,–,–,–,–,–,–,–,–,–,–,–,–,–,–,–,–,–,–,–,–,–,–,–,–,–,–,–,–,–,–,–,HSS228.6X76.2X4.8,HSS228.6X76.2X4.8,21.6,2570,–,–,229,215,–,–,–,76.2,63,–,–,–,–,–,–,–,4.76,4.42,–,–,–,–,–,–,–,–,–,–,14.2,–,48.7,–,15.7,177.0,137.0,78.0,2.76,80.6,72.4,32.8,–,–,–,7870,–,142,–,–,–,–,–,–,–,–,–,–,–,–,–,–,–,–,–,–,–,–,–,–,–,–,–,–,–,–,–,–,–,–,1.29
HSS,HSS8X8X.625,HSS8X8X5/8,–,59.32,16.4,–,–,8,6.26,–,–,–,8,6.26,–,–,–,–,–,–,–,0.625,0.581,–,–,–,–,–,–,–,–,–,–,10.8,–,10.8,–,146.0,44.7,36.5,2.99,146.0,44.7,36.5,2.99,–,,–,244,–,63.2,–,–,–,–,–,–,–,–,–,–,–,–,–,–,–,–,–,–,–,–,–,–,–,–,–,–,–,–,–,–,–,–,HSS203.2X203.2X15.9,HSS203.2X203.2X15.9,88.0,10600,–,–,203,159,–,–,–,203,159,–,–,–,–,–,–,–,15.9,14.8,–,–,–,–,–,–,–,–,–,–,10.8,–,10.8,–,60.8,733.0,598.0,75.9,60.8,733.0,598.0,75.9,–,–,–,102000,–,1040,–,–,–,–,–,–,–,–,–,–,–,–,–,–,–,–,–,–,–,–,–,–,–,–,–,–,–,–,–,–,–,–,2.99
HSS,HSS8X8X.500,HSS8X8X1/2,–,48.85,13.5,–,–,8,6.6,–,–,–,8,6.6,–,–,–,–,–,–,–,0.5,0.465,–,–,–,–,–,–,–,–,–,–,14.2,–,14.2,–,125.0,37.5,31.2,3.04,125.0,37.5,31.2,3.04,–,,–,204,–,52.4,–,–,–,–,–,–,–,–,–,–,–,–,–,–,–,–,–,–,–,–,–,–,–,–,–,–,–,–,–,–,–,–,HSS203.2X203.2X12.7,HSS203.2X203.2X12.7,72.5,8710,–,–,203,168,–,–,–,203,168,–,–,–,–,–,–,–,12.7,11.8,–,–,–,–,–,–,–,–,–,–,14.2,–,14.2,–,52.0,615.0,511.0,77.2,52.0,615.0,511.0,77.2,–,–,–,84900,–,859,–,–,–,–,–,–,–,–,–,–,–,–,–,–,–,–,–,–,–,–,–,–,–,–,–,–,–,–,–,–,–,–,3.04
HSS,HSS8X8X.375,HSS8X8X3/8,–,37.69,10.4,–,–,8,6.95,–,–,–,8,6.95,–,–,–,–,–,–,–,0.375,0.349,–,–,–,–,–,–,–,–,–,–,19.9,–,19.9,–,100.0,29.4,24.9,3.1,100.0,29.4,24.9,3.1,–,,–,160,–,40.7,–,–,–,–,–,–,–,–,–,–,–,–,–,–,–,–,–,–,–,–,–,–,–,–,–,–,–,–,–,–,–,–,HSS203.2X203.2X9.5,HSS203.2X203.2X9.5,56.0,6710,–,–,203,177,–,–,–,203,177,–,–,–,–,–,–,–,9.53,8.86,–,–,–,–,–,–,–,–,–,–,19.9,–,19.9,–,41.6,482.0,408.0,78.7,41.6,482.0,408.0,78.7,–,–,–,66600,–,667,–,–,–,–,–,–,–,–,–,–,–,–,–,–,–,–,–,–,–,–,–,–,–,–,–,–,–,–,–,–,–,–,3.1
HSS,HSS8X8X.313,HSS8X8X5/16,–,31.84,8.76,–,–,8,7.13,–,–,–,8,7.13,–,–,–,–,–,–,–,0.3125,0.291,–,–,–,–,–,–,–,–,–,–,24.5,–,24.5,–,85.6,25.1,21.4,3.13,85.6,25.1,21.4,3.13,–,,–,136,–,34.5,–,–,–,–,–,–,–,–,–,–,–,–,–,–,–,–,–,–,–,–,–,–,–,–,–,–,–,–,–,–,–,–,HSS203.2X203.2X7.9,HSS203.2X203.2X7.9,47.3,5650,–,–,203,181,–,–,–,203,181,–,–,–,–,–,–,–,7.94,7.39,–,–,–,–,–,–,–,–,–,–,24.5,–,24.5,–,35.6,411.0,351.0,79.5,35.6,411.0,351.0,79.5,–,–,–,56600,–,565,–,–,–,–,–,–,–,–,–,–,–,–,–,–,–,–,–,–,–,–,–,–,–,–,–,–,–,–,–,–,–,–,3.13
HSS,HSS8X8X.250,HSS8X8X1/4,–,25.82,7.1,–,–,8,7.3,–,–,–,8,7.3,–,–,–,–,–,–,–,0.25,0.233,–,–,–,–,–,–,–,–,–,–,31.3,–,31.3,–,70.7,20.5,17.7,3.15,70.7,20.5,17.7,3.15,–,,–,111,–,28.1,–,–,–,–,–,–,–,–,–,–,–,–,–,–,–,–,–,–,–,–,–,–,–,–,–,–,–,–,–,–,–,–,HSS203.2X203.2X6.4,HSS203.2X203.2X6.4,38.4,4580,–,–,203,185,–,–,–,203,185,–,–,–,–,–,–,–,6.35,5.92,–,–,–,–,–,–,–,–,–,–,31.3,–,31.3,–,29.4,336.0,290.0,80.0,29.4,336.0,290.0,80.0,–,–,–,46200,–,460,–,–,–,–,–,–,–,–,–,–,–,–,–,–,–,–,–,–,–,–,–,–,–,–,–,–,–,–,–,–,–,–,3.15
HSS,HSS8X8X.188,HSS8X8X3/16,–,19.63,5.37,–,–,8,7.48,–,–,–,8,7.48,–,–,–,–,–,–,–,0.1875,0.174,–,–,–,–,–,–,–,–,–,–,43,–,43,–,54.4,15.7,13.6,3.18,54.4,15.7,13.6,3.18,–,,–,84.5,–,21.3,–,–,–,–,–,–,–,–,–,–,–,–,–,–,–,–,–,–,–,–,–,–,–,–,–,–,–,–,–,–,–,–,HSS203.2X203.2X4.8,HSS203.2X203.2X4.8,29.2,3460,–,–,203,190,–,–,–,203,190,–,–,–,–,–,–,–,4.76,4.42,–,–,–,–,–,–,–,–,–,–,43,–,43,–,22.6,257.0,223.0,80.8,22.6,257.0,223.0,80.8,–,–,–,35200,–,349,–,–,–,–,–,–,–,–,–,–,–,–,–,–,–,–,–,–,–,–,–,–,–,–,–,–,–,–,–,–,–,–,3.18
HSS,HSS8X8X.125,HSS8X8X1/8,–,13.26,3.62,–,–,8,7.65,–,–,–,8,7.65,–,–,–,–,–,–,–,0.125,0.116,–,–,–,–,–,–,–,–,–,–,66,–,66,–,37.4,10.7,9.34,3.21,37.4,10.7,9.34,3.21,–,,–,57.3,–,14.4,–,–,–,–,–,–,–,–,–,–,–,–,–,–,–,–,–,–,–,–,–,–,–,–,–,–,–,–,–,–,–,–,HSS203.2X203.2X3.2,HSS203.2X203.2X3.2,19.7,2340,–,–,203,194,–,–,–,203,194,–,–,–,–,–,–,–,3.18,2.95,–,–,–,–,–,–,–,–,–,–,66,–,66,–,15.6,175.0,153.0,81.5,15.6,175.0,153.0,81.5,–,–,–,23900,–,236,–,–,–,–,–,–,–,–,–,–,–,–,–,–,–,–,–,–,–,–,–,–,–,–,–,–,–,–,–,–,–,–,3.21
HSS,HSS8X6X.625,HSS8X6X5/8,–,50.81,14.0,–,–,8,6.26,–,–,–,6,4.26,–,–,–,–,–,–,–,0.625,0.581,–,–,–,–,–,–,–,–,–,–,7.33,–,10.8,–,114.0,36.1,28.5,2.85,72.3,29.5,24.1,2.27,–,,–,150,–,46,–,–,–,–,–,–,–,–,–,–,–,–,–,–,–,–,–,–,–,–,–,–,–,–,–,–,–,–,–,–,–,–,HSS203.2X152.4X15.9,HSS203.2X152.4X15.9,75.3,9030,–,–,203,159,–,–,–,152,108,–,–,–,–,–,–,–,15.9,14.8,–,–,–,–,–,–,–,–,–,–,7.33,–,10.8,–,47.5,592.0,467.0,72.4,30.1,483.0,395.0,57.7,–,–,–,62400,–,754,–,–,–,–,–,–,–,–,–,–,–,–,–,–,–,–,–,–,–,–,–,–,–,–,–,–,–,–,–,–,–,–,2.27
HSS,HSS8X6X.500,HSS8X6X1/2,–,42.05,11.6,–,–,8,6.6,–,–,–,6,4.61,–,–,–,–,–,–,–,0.5,0.465,–,–,–,–,–,–,–,–,–,–,9.9,–,14.2,–,98.2,30.5,24.6,2.91,62.5,24.9,20.8,2.32,–,,–,127,–,38.4,–,–,–,–,–,–,–,–,–,–,–,–,–,–,–,–,–,–,–,–,–,–,–,–,–,–,–,–,–,–,–,–,HSS203.2X152.4X12.7,HSS203.2X152.4X12.7,62.4,7480,–,–,203,168,–,–,–,152,117,–,–,–,–,–,–,–,12.7,11.8,–,–,–,–,–,–,–,–,–,–,9.9,–,14.2,–,40.9,500.0,403.0,73.9,26.0,408.0,341.0,58.9,–,–,–,52900,–,629,–,–,–,–,–,–,–,–,–,–,–,–,–,–,–,–,–,–,–,–,–,–,–,–,–,–,–,–,–,–,–,–,2.32
HSS,HSS8X6X.375,HSS8X6X3/8,–,32.58,8.97,–,–,8,6.95,–,–,–,6,4.95,–,–,–,–,–,–,–,0.375,0.349,–,–,–,–,–,–,–,–,–,–,14.2,–,19.9,–,79.1,24.1,19.8,2.97,50.6,19.8,16.9,2.38,–,,–,100,–,30,–,–,–,–,–,–,–,–,–,–,–,–,–,–,–,–,–,–,–,–,–,–,–,–,–,–,–,–,–,–,–,–,HSS203.2X152.4X9.5,HSS203.2X152.4X9.5,48.4,5790,–,–,203,177,–,–,–,152,126,–,–,–,–,–,–,–,9.53,8.86,–,–,–,–,–,–,–,–,–,–,14.2,–,19.9,–,32.9,395.0,324.0,75.4,21.1,324.0,277.0,60.5,–,–,–,41600,–,492,–,–,–,–,–,–,–,–,–,–,–,–,–,–,–,–,–,–,–,–,–,–,–,–,–,–,–,–,–,–,–,–,2.38
HSS,HSS8X6X.313,HSS8X6X5/16,–,27.59,7.59,–,–,8,7.13,–,–,–,6,5.13,–,–,–,–,–,–,–,0.3125,0.291,–,–,–,–,–,–,–,–,–,–,17.6,–,24.5,–,68.3,20.6,17.1,3.0,43.8,16.9,14.6,2.4,–,,–,85.8,–,25.5,–,–,–,–,–,–,–,–,–,–,–,–,–,–,–,–,–,–,–,–,–,–,–,–,–,–,–,–,–,–,–,–,HSS203.2X152.4X7.9,HSS203.2X152.4X7.9,41.0,4900,–,–,203,181,–,–,–,152,130,–,–,–,–,–,–,–,7.94,7.39,–,–,–,–,–,–,–,–,–,–,17.6,–,24.5,–,28.4,338.0,280.0,76.2,18.2,277.0,239.0,61.0,–,–,–,35700,–,418,–,–,–,–,–,–,–,–,–,–,–,–,–,–,–,–,–,–,–,–,–,–,–,–,–,–,–,–,–,–,–,–,2.4
HSS,HSS8X6X.250,HSS8X6X1/4,–,22.42,6.17,–,–,8,7.3,–,–,–,6,5.3,–,–,–,–,–,–,–,0.25,0.233,–,–,–,–,–,–,–,–,–,–,22.8,–,31.3,–,56.6,16.9,14.2,3.03,36.4,13.9,12.1,2.43,–,,–,70.3,–,20.8,–,–,–,–,–,–,–,–,–,–,–,–,–,–,–,–,–,–,–,–,–,–,–,–,–,–,–,–,–,–,–,–,HSS203.2X152.4X6.4,HSS203.2X152.4X6.4,33.3,3980,–,–,203,185,–,–,–,152,135,–,–,–,–,–,–,–,6.35,5.92,–,–,–,–,–,–,–,–,–,–,22.8,–,31.3,–,23.6,277.0,233.0,77.0,15.2,228.0,198.0,61.7,–,–,–,29300,–,341,–,–,–,–,–,–,–,–,–,–,–,–,–,–,–,–,–,–,–,–,–,–,–,–,–,–,–,–,–,–,–,–,2.43
HSS,HSS8X6X.188,HSS8X6X3/16,–,17.08,4.67,–,–,8,7.48,–,–,–,6,5.48,–,–,–,–,–,–,–,0.1875,0.174,–,–,–,–,–,–,–,–,–,–,31.5,–,43,–,43.7,13.0,10.9,3.06,28.2,10.7,9.39,2.46,–,,–,53.7,–,15.8,–,–,–,–,–,–,–,–,–,–,–,–,–,–,–,–,–,–,–,–,–,–,–,–,–,–,–,–,–,–,–,–,HSS203.2X152.4X4.8,HSS203.2X152.4X4.8,25.4,3010,–,–,203,190,–,–,–,152,139,–,–,–,–,–,–,–,4.76,4.42,–,–,–,–,–,–,–,–,–,–,31.5,–,43,–,18.2,213.0,179.0,77.7,11.7,175.0,154.0,62.5,–,–,–,22400,–,259,–,–,–,–,–,–,–,–,–,–,–,–,–,–,–,–,–,–,–,–,–,–,–,–,–,–,–,–,–,–,–,–,2.46
HSS,HSS8X4X.625,HSS8X4X5/8,–,42.3,11.7,–,–,8,6.26,–,–,–,4,2.26,–,–,–,–,–,–,–,0.625,0.581,–,–,–,–,–,–,–,–,–,–,3.88,–,10.8,–,82.0,27.4,20.5,2.64,26.6,16.6,13.3,1.51,–,,–,70.3,–,28.7,–,–,–,–,–,–,–,–,–,–,–,–,–,–,–,–,–,–,–,–,–,–,–,–,–,–,–,–,–,–,–,–,HSS203.2X101.6X15.9,HSS203.2X101.6X15.9,62.6,7550,–,–,203,159,–,–,–,102,57.4,–,–,–,–,–,–,–,15.9,14.8,–,–,–,–,–,–,–,–,–,–,3.88,–,10.8,–,34.1,449.0,336.0,67.1,11.1,272.0,218.0,38.4,–,–,–,29300,–,470,–,–,–,–,–,–,–,–,–,–,–,–,–,–,–,–,–,–,–,–,–,–,–,–,–,–,–,–,–,–,–,–,1.51
HSS,HSS8X4X.500,HSS8X4X1/2,–,35.24,9.74,–,–,8,6.6,–,–,–,4,2.6,–,–,–,–,–,–,–,0.5,0.465,–,–,–,–,–,–,–,–,–,–,5.6,–,14.2,–,71.8,23.5,17.9,2.71,23.6,14.3,11.8,1.56,–,,–,61.1,–,24.4,–,–,–,–,–,–,–,–,–,–,–,–,–,–,–,–,–,–,–,–,–,–,–,–,–,–,–,–,–,–,–,–,HSS203.2X101.6X12.7,HSS203.2X101.6X12.7,52.2,6280,–,–,203,168,–,–,–,102,66,–,–,–,–,–,–,–,12.7,11.8,–,–,–,–,–,–,–,–,–,–,5.6,–,14.2,–,29.9,385.0,293.0,68.8,9.82,234.0,193.0,39.6,–,–,–,25400,–,400,–,–,–,–,–,–,–,–,–,–,–,–,–,–,–,–,–,–,–,–,–,–,–,–,–,–,–,–,–,–,–,–,1.56
HSS,HSS8X4X.375,HSS8X4X3/8,–,27.48,7.58,–,–,8,6.95,–,–,–,4,2.95,–,–,–,–,–,–,–,0.375,0.349,–,–,–,–,–,–,–,–,–,–,8.46,–,19.9,–,58.7,18.8,14.7,2.78,19.6,11.5,9.8,1.61,–,,–,49.3,–,19.3,–,–,–,–,–,–,–,–,–,–,–,–,–,–,–,–,–,–,–,–,–,–,–,–,–,–,–,–,–,–,–,–,HSS203.2X101.6X9.5,HSS203.2X101.6X9.5,40.8,4890,–,–,203,177,–,–,–,102,74.9,–,–,–,–,–,–,–,9.53,8.86,–,–,–,–,–,–,–,–,–,–,8.46,–,19.9,–,24.4,308.0,241.0,70.6,8.16,188.0,161.0,40.9,–,–,–,20500,–,316,–,–,–,–,–,–,–,–,–,–,–,–,–,–,–,–,–,–,–,–,–,–,–,–,–,–,–,–,–,–,–,–,1.61
HSS,HSS8X4X.313,HSS8X4X5/16,–,23.34,6.43,–,–,8,7.13,–,–,–,4,3.13,–,–,–,–,–,–,–,0.3125,0.291,–,–,–,–,–,–,–,–,–,–,10.7,–,24.5,–,51.0,16.1,12.8,2.82,17.2,9.91,8.58,1.63,–,,–,42.6,–,16.5,–,–,–,–,–,–,–,–,–,–,–,–,–,–,–,–,–,–,–,–,–,–,–,–,–,–,–,–,–,–,–,–,HSS203.2X101.6X7.9,HSS203.2X101.6X7.9,34.7,4150,–,–,203,181,–,–,–,102,79.5,–,–,–,–,–,–,–,7.94,7.39,–,–,–,–,–,–,–,–,–,–,10.7,–,24.5,–,21.2,264.0,210.0,71.6,7.16,162.0,141.0,41.4,–,–,–,17700,–,270,–,–,–,–,–,–,–,–,–,–,–,–,–,–,–,–,–,–,–,–,–,–,–,–,–,–,–,–,–,–,–,–,1.63
HSS,HSS8X4X.250,HSS8X4X1/4,–,19.02,5.24,–,–,8,7.3,–,–,–,4,3.3,–,–,–,–,–,–,–,0.25,0.233,–,–,–,–,–,–,–,–,–,–,14.2,–,31.3,–,42.5,13.3,10.6,2.85,14.4,8.2,7.21,1.66,–,,–,35.3,–,13.6,–,–,–,–,–,–,–,–,–,–,–,–,–,–,–,–,–,–,–,–,–,–,–,–,–,–,–,–,–,–,–,–,HSS203.2X101.6X6.4,HSS203.2X101.6X6.4,28.3,3380,–,–,203,185,–,–,–,102,83.8,–,–,–,–,–,–,–,6.35,5.92,–,–,–,–,–,–,–,–,–,–,14.2,–,31.3,–,17.7,218.0,174.0,72.4,5.99,134.0,118.0,42.2,–,–,–,14700,–,223,–,–,–,–,–,–,–,–,–,–,–,–,–,–,–,–,–,–,–,–,–,–,–,–,–,–,–,–,–,–,–,–,1.66
HSS,HSS8X4X.188,HSS8X4X3/16,–,14.53,3.98,–,–,8,7.48,–,–,–,4,3.48,–,–,–,–,–,–,–,0.1875,0.174,–,–,–,–,–,–,–,–,–,–,20,–,43,–,33.1,10.2,8.27,2.88,11.3,6.33,5.65,1.69,–,,–,27.2,–,10.4,–,–,–,–,–,–,–,–,–,–,–,–,–,–,–,–,–,–,–,–,–,–,–,–,–,–,–,–,–,–,–,–,HSS203.2X101.6X4.8,HSS203.2X101.6X4.8,21.6,2570,–,–,203,190,–,–,–,102,88.4,–,–,–,–,–,–,–,4.76,4.42,–,–,–,–,–,–,–,–,–,–,20,–,43,–,13.8,167.0,136.0,73.2,4.7,104.0,92.6,42.9,–,–,–,11300,–,170,–,–,–,–,–,–,–,–,–,–,–,–,–,–,–,–,–,–,–,–,–,–,–,–,–,–,–,–,–,–,–,–,1.69
HSS,HSS8X4X.125,HSS8X4X1/8,–,9.86,2.7,–,–,8,7.65,–,–,–,4,3.65,–,–,–,–,–,–,–,0.125,0.116,–,–,–,–,–,–,–,–,–,–,31.5,–,66,–,22.9,7.02,5.73,2.92,7.9,4.36,3.95,1.71,–,,–,18.7,–,7.1,–,–,–,–,–,–,–,–,–,–,–,–,–,–,–,–,–,–,–,–,–,–,–,–,–,–,–,–,–,–,–,–,HSS203.2X101.6X3.2,HSS203.2X101.6X3.2,14.7,1740,–,–,203,194,–,–,–,102,92.7,–,–,–,–,–,–,–,3.18,2.95,–,–,–,–,–,–,–,–,–,–,31.5,–,66,–,9.53,115.0,93.9,74.2,3.29,71.4,64.7,43.4,–,–,–,7780,–,116,–,–,–,–,–,–,–,–,–,–,–,–,–,–,–,–,–,–,–,–,–,–,–,–,–,–,–,–,–,–,–,–,1.71
HSS,HSS8X3X.500,HSS8X3X1/2,–,31.84,8.81,–,–,8,6.6,–,–,–,3,1.6,–,–,–,–,–,–,–,0.5,0.465,–,–,–,–,–,–,–,–,–,–,3.45,–,14.2,–,58.6,20.0,14.6,2.58,11.7,9.64,7.81,1.15,–,,–,34.3,–,17.4,–,–,–,–,–,–,–,–,–,–,–,–,–,–,–,–,–,–,–,–,–,–,–,–,–,–,–,–,–,–,–,–,HSS203.2X76.2X12.7,HSS203.2X76.2X12.7,47.2,5680,–,–,203,168,–,–,–,76.2,40.6,–,–,–,–,–,–,–,12.7,11.8,–,–,–,–,–,–,–,–,–,–,3.45,–,14.2,–,24.4,328.0,239.0,65.5,4.87,158.0,128.0,29.2,–,–,–,14300,–,285,–,–,–,–,–,–,–,–,–,–,–,–,–,–,–,–,–,–,–,–,–,–,–,–,–,–,–,–,–,–,–,–,1.15
HSS,HSS8X3X.375,HSS8X3X3/8,–,24.93,6.88,–,–,8,6.95,–,–,–,3,1.95,–,–,–,–,–,–,–,0.375,0.349,–,–,–,–,–,–,–,–,–,–,5.6,–,19.9,–,48.5,16.1,12.1,2.65,10.0,7.88,6.63,1.2,–,,–,28.5,–,14,–,–,–,–,–,–,–,–,–,–,–,–,–,–,–,–,–,–,–,–,–,–,–,–,–,–,–,–,–,–,–,–,HSS203.2X76.2X9.5,HSS203.2X76.2X9.5,37.0,4440,–,–,203,177,–,–,–,76.2,49.5,–,–,–,–,–,–,–,9.53,8.86,–,–,–,–,–,–,–,–,–,–,5.6,–,19.9,–,20.2,264.0,198.0,67.3,4.16,129.0,109.0,30.5,–,–,–,11900,–,229,–,–,–,–,–,–,–,–,–,–,–,–,–,–,–,–,–,–,–,–,–,–,–,–,–,–,–,–,–,–,–,–,1.2
HSS,HSS8X3X.313,HSS8X3X5/16,–,21.21,5.85,–,–,8,7.13,–,–,–,3,2.13,–,–,–,–,–,–,–,0.3125,0.291,–,–,–,–,–,–,–,–,–,–,7.31,–,24.5,–,42.4,13.9,10.6,2.69,8.81,6.84,5.87,1.23,–,,–,24.9,–,12.1,–,–,–,–,–,–,–,–,–,–,–,–,–,–,–,–,–,–,–,–,–,–,–,–,–,–,–,–,–,–,–,–,HSS203.2X76.2X7.9,HSS203.2X76.2X7.9,31.5,3770,–,–,203,181,–,–,–,76.2,54.1,–,–,–,–,–,–,–,7.94,7.39,–,–,–,–,–,–,–,–,–,–,7.31,–,24.5,–,17.6,228.0,174.0,68.3,3.67,112.0,96.2,31.2,–,–,–,10400,–,198,–,–,–,–,–,–,–,–,–,–,–,–,–,–,–,–,–,–,–,–,–,–,–,–,–,–,–,–,–,–,–,–,1.23
HSS,HSS8X3X.250,HSS8X3X1/4,–,17.32,4.77,–,–,8,7.3,–,–,–,3,2.3,–,–,–,–,–,–,–,0.25,0.233,–,–,–,–,–,–,–,–,–,–,9.88,–,31.3,–,35.5,11.5,8.88,2.73,7.49,5.7,4.99,1.25,–,,–,20.8,–,10,–,–,–,–,–,–,–,–,–,–,–,–,–,–,–,–,–,–,–,–,–,–,–,–,–,–,–,–,–,–,–,–,HSS203.2X76.2X6.4,HSS203.2X76.2X6.4,25.7,3080,–,–,203,185,–,–,–,76.2,58.4,–,–,–,–,–,–,–,6.35,5.92,–,–,–,–,–,–,–,–,–,–,9.88,–,31.3,–,14.8,188.0,146.0,69.3,3.12,93.4,81.8,31.8,–,–,–,8660,–,164,–,–,–,–,–,–,–,–,–,–,–,–,–,–,–,–,–,–,–,–,–,–,–,–,–,–,–,–,–,–,–,–,1.25
HSS,HSS8X3X.188,HSS8X3X3/16,–,13.25,3.63,–,–,8,7.48,–,–,–,3,2.48,–,–,–,–,–,–,–,0.1875,0.174,–,–,–,–,–,–,–,–,–,–,14.2,–,43,–,27.8,8.87,6.94,2.77,5.94,4.43,3.96,1.28,–,,–,16.2,–,7.68,–,–,–,–,–,–,–,–,–,–,–,–,–,–,–,–,–,–,–,–,–,–,–,–,–,–,–,–,–,–,–,–,HSS203.2X76.2X4.8,HSS203.2X76.2X4.8,19.7,2340,–,–,203,190,–,–,–,76.2,63,–,–,–,–,–,–,–,4.76,4.42,–,–,–,–,–,–,–,–,–,–,14.2,–,43,–,11.6,145.0,114.0,70.4,2.47,72.6,64.9,32.5,–,–,–,6740,–,126,–,–,–,–,–,–,–,–,–,–,–,–,–,–,–,–,–,–,–,–,–,–,–,–,–,–,–,–,–,–,–,–,1.28
HSS,HSS8X3X.125,HSS8X3X1/8,–,9.01,2.46,–,–,8,7.65,–,–,–,3,2.65,–,–,–,–,–,–,–,0.125,0.116,–,–,–,–,–,–,–,–,–,–,22.9,–,66,–,19.3,6.11,4.83,2.8,4.2,3.07,2.8,1.31,–,,–,11.3,–,5.27,–,–,–,–,–,–,–,–,–,–,–,–,–,–,–,–,–,–,–,–,–,–,–,–,–,–,–,–,–,–,–,–,HSS203.2X76.2X3.2,HSS203.2X76.2X3.2,13.4,1590,–,–,203,194,–,–,–,76.2,67.3,–,–,–,–,–,–,–,3.18,2.95,–,–,–,–,–,–,–,–,–,–,22.9,–,66,–,8.03,100.0,79.1,71.1,1.75,50.3,45.9,33.3,–,–,–,4700,–,86.4,–,–,–,–,–,–,–,–,–,–,–,–,–,–,–,–,–,–,–,–,–,–,–,–,–,–,–,–,–,–,–,–,1.31
HSS,HSS8X2X.500,HSS8X2X1/2,–,28.43,7.88,–,–,8,6.61,–,–,–,2,0.605,–,–,–,–,–,–,–,0.5,0.465,–,–,–,–,–,–,–,–,–,–,1.3,–,14.2,–,45.3,16.5,11.3,2.4,4.19,5.47,4.19,0.73,–,,–,13.6,–,10.4,–,–,–,–,–,–,–,–,–,–,–,–,–,–,–,–,–,–,–,–,–,–,–,–,–,–,–,–,–,–,–,–,HSS203.2X50.8X12.7,HSS203.2X50.8X12.7,42.3,5080,–,–,203,168,–,–,–,50.8,15.4,–,–,–,–,–,–,–,12.7,11.8,–,–,–,–,–,–,–,–,–,–,1.3,–,14.2,–,18.9,270.0,185.0,61.0,1.74,89.6,68.7,18.5,–,–,–,5660,–,170,–,–,–,–,–,–,–,–,–,–,–,–,–,–,–,–,–,–,–,–,–,–,–,–,–,–,–,–,–,–,–,–,0.73
HSS,HSS8X2X.375,HSS8X2X3/8,–,22.37,6.18,–,–,8,6.95,–,–,–,2,0.953,–,–,–,–,–,–,–,0.375,0.349,–,–,–,–,–,–,–,–,–,–,2.73,–,19.9,–,38.2,13.4,9.56,2.49,3.73,4.61,3.73,0.777,–,,–,12.1,–,8.65,–,–,–,–,–,–,–,–,–,–,–,–,–,–,–,–,–,–,–,–,–,–,–,–,–,–,–,–,–,–,–,–,HSS203.2X50.8X9.5,HSS203.2X50.8X9.5,33.2,3990,–,–,203,177,–,–,–,50.8,24.2,–,–,–,–,–,–,–,9.53,8.86,–,–,–,–,–,–,–,–,–,–,2.73,–,19.9,–,15.9,220.0,157.0,63.2,1.55,75.5,61.1,19.7,–,–,–,5040,–,142,–,–,–,–,–,–,–,–,–,–,–,–,–,–,–,–,–,–,–,–,–,–,–,–,–,–,–,–,–,–,–,–,0.777
HSS,HSS8X2X.313,HSS8X2X5/16,–,19.08,5.26,–,–,8,7.13,–,–,–,2,1.13,–,–,–,–,–,–,–,0.3125,0.291,–,–,–,–,–,–,–,–,–,–,3.87,–,24.5,–,33.7,11.6,8.43,2.53,3.38,4.06,3.38,0.802,–,,–,10.9,–,7.57,–,–,–,–,–,–,–,–,–,–,–,–,–,–,–,–,–,–,–,–,–,–,–,–,–,–,–,–,–,–,–,–,HSS203.2X50.8X7.9,HSS203.2X50.8X7.9,28.4,3390,–,–,203,181,–,–,–,50.8,28.7,–,–,–,–,–,–,–,7.94,7.39,–,–,–,–,–,–,–,–,–,–,3.87,–,24.5,–,14.0,190.0,138.0,64.3,1.41,66.5,55.4,20.4,–,–,–,4540,–,124,–,–,–,–,–,–,–,–,–,–,–,–,–,–,–,–,–,–,–,–,–,–,–,–,–,–,–,–,–,–,–,–,0.802
HSS,HSS8X2X.250,HSS8X2X1/4,–,15.62,4.3,–,–,8,7.3,–,–,–,2,1.3,–,–,–,–,–,–,–,0.25,0.233,–,–,–,–,–,–,–,–,–,–,5.58,–,31.3,–,28.5,9.68,7.12,2.57,2.94,3.43,2.94,0.827,–,,–,9.36,–,6.35,–,–,–,–,–,–,–,–,–,–,–,–,–,–,–,–,–,–,–,–,–,–,–,–,–,–,–,–,–,–,–,–,HSS203.2X50.8X6.4,HSS203.2X50.8X6.4,23.2,2770,–,–,203,185,–,–,–,50.8,33,–,–,–,–,–,–,–,6.35,5.92,–,–,–,–,–,–,–,–,–,–,5.58,–,31.3,–,11.9,159.0,117.0,65.3,1.22,56.2,48.2,21.0,–,–,–,3900,–,104,–,–,–,–,–,–,–,–,–,–,–,–,–,–,–,–,–,–,–,–,–,–,–,–,–,–,–,–,–,–,–,–,0.827
HSS,HSS8X2X.188,HSS8X2X3/16,–,11.97,3.28,–,–,8,7.48,–,–,–,2,1.48,–,–,–,–,–,–,–,0.1875,0.174,–,–,–,–,–,–,–,–,–,–,8.49,–,43,–,22.4,7.51,5.61,2.61,2.39,2.7,2.39,0.853,–,,–,7.48,–,4.95,–,–,–,–,–,–,–,–,–,–,–,–,–,–,–,–,–,–,–,–,–,–,–,–,–,–,–,–,–,–,–,–,HSS203.2X50.8X4.8,HSS203.2X50.8X4.8,17.8,2120,–,–,203,190,–,–,–,50.8,37.6,–,–,–,–,–,–,–,4.76,4.42,–,–,–,–,–,–,–,–,–,–,8.49,–,43,–,9.32,123.0,91.9,66.3,0.995,44.2,39.2,21.7,–,–,–,3110,–,81.1,–,–,–,–,–,–,–,–,–,–,–,–,–,–,–,–,–,–,–,–,–,–,–,–,–,–,–,–,–,–,–,–,0.853
HSS,HSS8X2X.125,HSS8X2X1/8,–,8.16,2.23,–,–,8,7.65,–,–,–,2,1.65,–,–,–,–,–,–,–,0.125,0.116,–,–,–,–,–,–,–,–,–,–,14.2,–,66,–,15.7,5.19,3.93,2.65,1.72,1.9,1.72,0.879,–,,–,5.3,–,3.44,–,–,–,–,–,–,–,–,–,–,–,–,–,–,–,–,–,–,–,–,–,–,–,–,–,–,–,–,–,–,–,–,HSS203.2X50.8X3.2,HSS203.2X50.8X3.2,12.1,1440,–,–,203,194,–,–,–,50.8,41.9,–,–,–,–,–,–,–,3.18,2.95,–,–,–,–,–,–,–,–,–,–,14.2,–,66,–,6.53,85.0,64.4,67.3,0.716,31.1,28.2,22.3,–,–,–,2210,–,56.4,–,–,–,–,–,–,–,–,–,–,–,–,–,–,–,–,–,–,–,–,–,–,–,–,–,–,–,–,–,–,–,–,0.879
HSS,HSS7X7X.625,HSS7X7X5/8,–,50.81,14.0,–,–,7,5.26,–,–,–,7,5.26,–,–,–,–,–,–,–,0.625,0.581,–,–,–,–,–,–,–,–,–,–,9.05,–,9.05,–,93.4,33.1,26.7,2.58,93.4,33.1,26.7,2.58,–,,–,158,–,47.1,–,–,–,–,–,–,–,–,–,–,–,–,–,–,–,–,–,–,–,–,–,–,–,–,–,–,–,–,–,–,–,–,HSS177.8X177.8X15.9,HSS177.8X177.8X15.9,75.3,9030,–,–,178,134,–,–,–,178,134,–,–,–,–,–,–,–,15.9,14.8,–,–,–,–,–,–,–,–,–,–,9.05,–,9.05,–,38.9,542.0,438.0,65.5,38.9,542.0,438.0,65.5,–,–,–,65800,–,772,–,–,–,–,–,–,–,–,–,–,–,–,–,–,–,–,–,–,–,–,–,–,–,–,–,–,–,–,–,–,–,–,2.58
HSS,HSS7X7X.500,HSS7X7X1/2,–,42.05,11.6,–,–,7,5.6,–,–,–,7,5.6,–,–,–,–,–,–,–,0.5,0.465,–,–,–,–,–,–,–,–,–,–,12.1,–,12.1,–,80.5,27.9,23.0,2.63,80.5,27.9,23.0,2.63,–,,–,133,–,39.3,–,–,–,–,–,–,–,–,–,–,–,–,–,–,–,–,–,–,–,–,–,–,–,–,–,–,–,–,–,–,–,–,HSS177.8X177.8X12.7,HSS177.8X177.8X12.7,62.4,7480,–,–,178,142,–,–,–,178,142,–,–,–,–,–,–,–,12.7,11.8,–,–,–,–,–,–,–,–,–,–,12.1,–,12.1,–,33.5,457.0,377.0,66.8,33.5,457.0,377.0,66.8,–,–,–,55400,–,644,–,–,–,–,–,–,–,–,–,–,–,–,–,–,–,–,–,–,–,–,–,–,–,–,–,–,–,–,–,–,–,–,2.63
HSS,HSS7X7X.375,HSS7X7X3/8,–,32.58,8.97,–,–,7,5.95,–,–,–,7,5.95,–,–,–,–,–,–,–,0.375,0.349,–,–,–,–,–,–,–,–,–,–,17.1,–,17.1,–,65.0,22.1,18.6,2.69,65.0,22.1,18.6,2.69,–,,–,105,–,30.7,–,–,–,–,–,–,–,–,–,–,–,–,–,–,–,–,–,–,–,–,–,–,–,–,–,–,–,–,–,–,–,–,HSS177.8X177.8X9.5,HSS177.8X177.8X9.5,48.4,5790,–,–,178,151,–,–,–,178,151,–,–,–,–,–,–,–,9.53,8.86,–,–,–,–,–,–,–,–,–,–,17.1,–,17.1,–,27.1,362.0,305.0,68.3,27.1,362.0,305.0,68.3,–,–,–,43700,–,503,–,–,–,–,–,–,–,–,–,–,–,–,–,–,–,–,–,–,–,–,–,–,–,–,–,–,–,–,–,–,–,–,2.69
HSS,HSS7X7X.313,HSS7X7X5/16,–,27.59,7.59,–,–,7,6.13,–,–,–,7,6.13,–,–,–,–,–,–,–,0.3125,0.291,–,–,–,–,–,–,–,–,–,–,21.1,–,21.1,–,56.1,18.9,16.0,2.72,56.1,18.9,16.0,2.72,–,,–,89.7,–,26.1,–,–,–,–,–,–,–,–,–,–,–,–,–,–,–,–,–,–,–,–,–,–,–,–,–,–,–,–,–,–,–,–,HSS177.8X177.8X7.9,HSS177.8X177.8X7.9,41.0,4900,–,–,178,156,–,–,–,178,156,–,–,–,–,–,–,–,7.94,7.39,–,–,–,–,–,–,–,–,–,–,21.1,–,21.1,–,23.4,310.0,262.0,69.1,23.4,310.0,262.0,69.1,–,–,–,37300,–,428,–,–,–,–,–,–,–,–,–,–,–,–,–,–,–,–,–,–,–,–,–,–,–,–,–,–,–,–,–,–,–,–,2.72
HSS,HSS7X7X.250,HSS7X7X1/4,–,22.42,6.17,–,–,7,6.3,–,–,–,7,6.3,–,–,–,–,–,–,–,0.25,0.233,–,–,–,–,–,–,–,–,–,–,27,–,27,–,46.5,15.5,13.3,2.75,46.5,15.5,13.3,2.75,–,,–,73.5,–,21.3,–,–,–,–,–,–,–,–,–,–,–,–,–,–,–,–,–,–,–,–,–,–,–,–,–,–,–,–,–,–,–,–,HSS177.8X177.8X6.4,HSS177.8X177.8X6.4,33.3,3980,–,–,178,160,–,–,–,178,160,–,–,–,–,–,–,–,6.35,5.92,–,–,–,–,–,–,–,–,–,–,27,–,27,–,19.4,254.0,218.0,69.9,19.4,254.0,218.0,69.9,–,–,–,30600,–,349,–,–,–,–,–,–,–,–,–,–,–,–,–,–,–,–,–,–,–,–,–,–,–,–,–,–,–,–,–,–,–,–,2.75
HSS,HSS7X7X.188,HSS7X7X3/16,–,17.08,4.67,–,–,7,6.48,–,–,–,7,6.48,–,–,–,–,–,–,–,0.1875,0.174,–,–,–,–,–,–,–,–,–,–,37.2,–,37.2,–,36.0,11.9,10.3,2.77,36.0,11.9,10.3,2.77,–,,–,56.1,–,16.2,–,–,–,–,–,–,–,–,–,–,–,–,–,–,–,–,–,–,–,–,–,–,–,–,–,–,–,–,–,–,–,–,HSS177.8X177.8X4.8,HSS177.8X177.8X4.8,25.4,3010,–,–,178,165,–,–,–,178,165,–,–,–,–,–,–,–,4.76,4.42,–,–,–,–,–,–,–,–,–,–,37.2,–,37.2,–,15.0,195.0,169.0,70.4,15.0,195.0,169.0,70.4,–,–,–,23400,–,265,–,–,–,–,–,–,–,–,–,–,–,–,–,–,–,–,–,–,–,–,–,–,–,–,–,–,–,–,–,–,–,–,2.77
HSS,HSS7X7X.125,HSS7X7X1/8,–,11.56,3.16,–,–,7,6.65,–,–,–,7,6.65,–,–,–,–,–,–,–,0.125,0.116,–,–,–,–,–,–,–,–,–,–,57.3,–,57.3,–,24.8,8.13,7.09,2.8,24.8,8.13,7.09,2.8,–,,–,38.2,–,11,–,–,–,–,–,–,–,–,–,–,–,–,–,–,–,–,–,–,–,–,–,–,–,–,–,–,–,–,–,–,–,–,HSS177.8X177.8X3.2,HSS177.8X177.8X3.2,17.2,2040,–,–,178,169,–,–,–,178,169,–,–,–,–,–,–,–,3.18,2.95,–,–,–,–,–,–,–,–,–,–,57.3,–,57.3,–,10.3,133.0,116.0,71.1,10.3,133.0,116.0,71.1,–,–,–,15900,–,180,–,–,–,–,–,–,–,–,–,–,–,–,–,–,–,–,–,–,–,–,–,–,–,–,–,–,–,–,–,–,–,–,2.8
HSS,HSS7X5X.500,HSS7X5X1/2,–,35.24,9.74,–,–,7,5.6,–,–,–,5,3.6,–,–,–,–,–,–,–,0.5,0.465,–,–,–,–,–,–,–,–,–,–,7.75,–,12.1,–,60.6,21.9,17.3,2.5,35.6,17.3,14.2,1.91,–,,–,75.8,–,27.2,–,–,–,–,–,–,–,–,–,–,–,–,–,–,–,–,–,–,–,–,–,–,–,–,–,–,–,–,–,–,–,–,HSS177.8X127X12.7,HSS177.8X127X12.7,52.2,6280,–,–,178,142,–,–,–,127,91.4,–,–,–,–,–,–,–,12.7,11.8,–,–,–,–,–,–,–,–,–,–,7.75,–,12.1,–,25.2,359.0,283.0,63.5,14.8,283.0,233.0,48.5,–,–,–,31600,–,446,–,–,–,–,–,–,–,–,–,–,–,–,–,–,–,–,–,–,–,–,–,–,–,–,–,–,–,–,–,–,–,–,1.91
HSS,HSS7X5X.375,HSS7X5X3/8,–,27.48,7.58,–,–,7,5.95,–,–,–,5,3.95,–,–,–,–,–,–,–,0.375,0.349,–,–,–,–,–,–,–,–,–,–,11.3,–,17.1,–,49.5,17.5,14.1,2.56,29.3,13.8,11.7,1.97,–,,–,60.6,–,21.4,–,–,–,–,–,–,–,–,–,–,–,–,–,–,–,–,–,–,–,–,–,–,–,–,–,–,–,–,–,–,–,–,HSS177.8X127X9.5,HSS177.8X127X9.5,40.8,4890,–,–,178,151,–,–,–,127,100,–,–,–,–,–,–,–,9.53,8.86,–,–,–,–,–,–,–,–,–,–,11.3,–,17.1,–,20.6,287.0,231.0,65.0,12.2,226.0,192.0,50.0,–,–,–,25200,–,351,–,–,–,–,–,–,–,–,–,–,–,–,–,–,–,–,–,–,–,–,–,–,–,–,–,–,–,–,–,–,–,–,1.97
HSS,HSS7X5X.313,HSS7X5X5/16,–,23.34,6.43,–,–,7,6.13,–,–,–,5,4.13,–,–,–,–,–,–,–,0.3125,0.291,–,–,–,–,–,–,–,–,–,–,14.2,–,21.1,–,43.0,15.0,12.3,2.59,25.5,11.9,10.2,1.99,–,,–,52.1,–,18.3,–,–,–,–,–,–,–,–,–,–,–,–,–,–,–,–,–,–,–,–,–,–,–,–,–,–,–,–,–,–,–,–,HSS177.8X127X7.9,HSS177.8X127X7.9,34.7,4150,–,–,178,156,–,–,–,127,105,–,–,–,–,–,–,–,7.94,7.39,–,–,–,–,–,–,–,–,–,–,14.2,–,21.1,–,17.9,246.0,202.0,65.8,10.6,195.0,167.0,50.5,–,–,–,21700,–,300,–,–,–,–,–,–,–,–,–,–,–,–,–,–,–,–,–,–,–,–,–,–,–,–,–,–,–,–,–,–,–,–,1.99
HSS,HSS7X5X.250,HSS7X5X1/4,–,19.02,5.24,–,–,7,6.3,–,–,–,5,4.3,–,–,–,–,–,–,–,0.25,0.233,–,–,–,–,–,–,–,–,–,–,18.5,–,27,–,35.9,12.4,10.2,2.62,21.3,9.83,8.53,2.02,–,,–,42.9,–,15,–,–,–,–,–,–,–,–,–,–,–,–,–,–,–,–,–,–,–,–,–,–,–,–,–,–,–,–,–,–,–,–,HSS177.8X127X6.4,HSS177.8X127X6.4,28.3,3380,–,–,178,160,–,–,–,127,109,–,–,–,–,–,–,–,6.35,5.92,–,–,–,–,–,–,–,–,–,–,18.5,–,27,–,14.9,203.0,167.0,66.5,8.87,161.0,140.0,51.3,–,–,–,17900,–,246,–,–,–,–,–,–,–,–,–,–,–,–,–,–,–,–,–,–,–,–,–,–,–,–,–,–,–,–,–,–,–,–,2.02
HSS,HSS7X5X.188,HSS7X5X3/16,–,14.53,3.98,–,–,7,6.48,–,–,–,5,4.48,–,–,–,–,–,–,–,0.1875,0.174,–,–,–,–,–,–,–,–,–,–,25.7,–,37.2,–,27.9,9.52,7.96,2.65,16.6,7.57,6.65,2.05,–,,–,32.9,–,11.4,–,–,–,–,–,–,–,–,–,–,–,–,–,–,–,–,–,–,–,–,–,–,–,–,–,–,–,–,–,–,–,–,HSS177.8X127X4.8,HSS177.8X127X4.8,21.6,2570,–,–,178,165,–,–,–,127,114,–,–,–,–,–,–,–,4.76,4.42,–,–,–,–,–,–,–,–,–,–,25.7,–,37.2,–,11.6,156.0,130.0,67.3,6.91,124.0,109.0,52.1,–,–,–,13700,–,187,–,–,–,–,–,–,–,–,–,–,–,–,–,–,–,–,–,–,–,–,–,–,–,–,–,–,–,–,–,–,–,–,2.05
HSS,HSS7X5X.125,HSS7X5X1/8,–,9.86,2.7,–,–,7,6.65,–,–,–,5,4.65,–,–,–,–,–,–,–,0.125,0.116,–,–,–,–,–,–,–,–,–,–,40.1,–,57.3,–,19.3,6.53,5.52,2.68,11.6,5.2,4.63,2.07,–,,–,22.5,–,7.79,–,–,–,–,–,–,–,–,–,–,–,–,–,–,–,–,–,–,–,–,–,–,–,–,–,–,–,–,–,–,–,–,HSS177.8X127X3.2,HSS177.8X127X3.2,14.7,1740,–,–,178,169,–,–,–,127,118,–,–,–,–,–,–,–,3.18,2.95,–,–,–,–,–,–,–,–,–,–,40.1,–,57.3,–,8.03,107.0,90.5,68.1,4.83,85.2,75.9,52.6,–,–,–,9370,–,128,–,–,–,–,–,–,–,–,–,–,–,–,–,–,–,–,–,–,–,–,–,–,–,–,–,–,–,–,–,–,–,–,2.07
HSS,HSS7X4X.500,HSS7X4X1/2,–,31.84,8.81,–,–,7,5.6,–,–,–,4,2.6,–,–,–,–,–,–,–,0.5,0.465,–,–,–,–,–,–,–,–,–,–,5.6,–,12.1,–,50.7,18.8,14.5,2.4,20.7,12.6,10.4,1.53,–,,–,50.5,–,21.1,–,–,–,–,–,–,–,–,–,–,–,–,–,–,–,–,–,–,–,–,–,–,–,–,–,–,–,–,–,–,–,–,HSS177.8X101.6X12.7,HSS177.8X101.6X12.7,47.2,5680,–,–,178,142,–,–,–,102,66,–,–,–,–,–,–,–,12.7,11.8,–,–,–,–,–,–,–,–,–,–,5.6,–,12.1,–,21.1,308.0,238.0,61.0,8.62,206.0,170.0,38.9,–,–,–,21000,–,346,–,–,–,–,–,–,–,–,–,–,–,–,–,–,–,–,–,–,–,–,–,–,–,–,–,–,–,–,–,–,–,–,1.53
HSS,HSS7X4X.375,HSS7X4X3/8,–,24.93,6.88,–,–,7,5.95,–,–,–,4,2.95,–,–,–,–,–,–,–,0.375,0.349,–,–,–,–,–,–,–,–,–,–,8.46,–,17.1,–,41.8,15.1,11.9,2.46,17.3,10.2,8.63,1.58,–,,–,41,–,16.8,–,–,–,–,–,–,–,–,–,–,–,–,–,–,–,–,–,–,–,–,–,–,–,–,–,–,–,–,–,–,–,–,HSS177.8X101.6X9.5,HSS177.8X101.6X9.5,37.0,4440,–,–,178,151,–,–,–,102,74.9,–,–,–,–,–,–,–,9.53,8.86,–,–,–,–,–,–,–,–,–,–,8.46,–,17.1,–,17.4,247.0,195.0,62.5,7.2,167.0,141.0,40.1,–,–,–,17100,–,275,–,–,–,–,–,–,–,–,–,–,–,–,–,–,–,–,–,–,–,–,–,–,–,–,–,–,–,–,–,–,–,–,1.58
HSS,HSS7X4X.313,HSS7X4X5/16,–,21.21,5.85,–,–,7,6.13,–,–,–,4,3.13,–,–,–,–,–,–,–,0.3125,0.291,–,–,–,–,–,–,–,–,–,–,10.7,–,21.1,–,36.5,13.1,10.4,2.5,15.2,8.83,7.58,1.61,–,,–,35.4,–,14.4,–,–,–,–,–,–,–,–,–,–,–,–,–,–,–,–,–,–,–,–,–,–,–,–,–,–,–,–,–,–,–,–,HSS177.8X101.6X7.9,HSS177.8X101.6X7.9,31.5,3770,–,–,178,156,–,–,–,102,79.5,–,–,–,–,–,–,–,7.94,7.39,–,–,–,–,–,–,–,–,–,–,10.7,–,21.1,–,15.2,215.0,170.0,63.5,6.33,145.0,124.0,40.9,–,–,–,14700,–,236,–,–,–,–,–,–,–,–,–,–,–,–,–,–,–,–,–,–,–,–,–,–,–,–,–,–,–,–,–,–,–,–,1.61
HSS,HSS7X4X.250,HSS7X4X1/4,–,17.32,4.77,–,–,7,6.3,–,–,–,4,3.3,–,–,–,–,–,–,–,0.25,0.233,–,–,–,–,–,–,–,–,–,–,14.2,–,27,–,30.5,10.8,8.72,2.53,12.8,7.33,6.38,1.64,–,,–,29.3,–,11.8,–,–,–,–,–,–,–,–,–,–,–,–,–,–,–,–,–,–,–,–,–,–,–,–,–,–,–,–,–,–,–,–,HSS177.8X101.6X6.4,HSS177.8X101.6X6.4,25.7,3080,–,–,178,160,–,–,–,102,83.8,–,–,–,–,–,–,–,6.35,5.92,–,–,–,–,–,–,–,–,–,–,14.2,–,27,–,12.7,177.0,143.0,64.3,5.33,120.0,105.0,41.7,–,–,–,12200,–,193,–,–,–,–,–,–,–,–,–,–,–,–,–,–,–,–,–,–,–,–,–,–,–,–,–,–,–,–,–,–,–,–,1.64
HSS,HSS7X4X.188,HSS7X4X3/16,–,13.25,3.63,–,–,7,6.48,–,–,–,4,3.48,–,–,–,–,–,–,–,0.1875,0.174,–,–,–,–,–,–,–,–,–,–,20,–,37.2,–,23.8,8.33,6.81,2.56,10.0,5.67,5.02,1.66,–,,–,22.7,–,9.07,–,–,–,–,–,–,–,–,–,–,–,–,–,–,–,–,–,–,–,–,–,–,–,–,–,–,–,–,–,–,–,–,HSS177.8X101.6X4.8,HSS177.8X101.6X4.8,19.7,2340,–,–,178,165,–,–,–,102,88.4,–,–,–,–,–,–,–,4.76,4.42,–,–,–,–,–,–,–,–,–,–,20,–,37.2,–,9.91,137.0,112.0,65.0,4.16,92.9,82.3,42.2,–,–,–,9450,–,149,–,–,–,–,–,–,–,–,–,–,–,–,–,–,–,–,–,–,–,–,–,–,–,–,–,–,–,–,–,–,–,–,1.66
HSS,HSS7X4X.125,HSS7X4X1/8,–,9.01,2.46,–,–,7,6.65,–,–,–,4,3.65,–,–,–,–,–,–,–,0.125,0.116,–,–,–,–,–,–,–,–,–,–,31.5,–,57.3,–,16.6,5.73,4.73,2.59,7.03,3.91,3.51,1.69,–,,–,15.6,–,6.2,–,–,–,–,–,–,–,–,–,–,–,–,–,–,–,–,–,–,–,–,–,–,–,–,–,–,–,–,–,–,–,–,HSS177.8X101.6X3.2,HSS177.8X101.6X3.2,13.4,1590,–,–,178,169,–,–,–,102,92.7,–,–,–,–,–,–,–,3.18,2.95,–,–,–,–,–,–,–,–,–,–,31.5,–,57.3,–,6.91,93.9,77.5,65.8,2.93,64.1,57.5,42.9,–,–,–,6490,–,102,–,–,–,–,–,–,–,–,–,–,–,–,–,–,–,–,–,–,–,–,–,–,–,–,–,–,–,–,–,–,–,–,1.69
HSS,HSS7X3X.500,HSS7X3X1/2,–,28.43,7.88,–,–,7,5.6,–,–,–,3,1.6,–,–,–,–,–,–,–,0.5,0.465,–,–,–,–,–,–,–,–,–,–,3.45,–,12.1,–,40.7,15.8,11.6,2.27,10.2,8.46,6.8,1.14,–,,–,28.6,–,15,–,–,–,–,–,–,–,–,–,–,–,–,–,–,–,–,–,–,–,–,–,–,–,–,–,–,–,–,–,–,–,–,HSS177.8X76.2X12.7,HSS177.8X76.2X12.7,42.1,5080,–,–,178,142,–,–,–,76.2,40.6,–,–,–,–,–,–,–,12.7,11.8,–,–,–,–,–,–,–,–,–,–,3.45,–,12.1,–,16.9,259.0,190.0,57.7,4.25,139.0,111.0,29.0,–,–,–,11900,–,246,–,–,–,–,–,–,–,–,–,–,–,–,–,–,–,–,–,–,–,–,–,–,–,–,–,–,–,–,–,–,–,–,1.14
HSS,HSS7X3X.375,HSS7X3X3/8,–,22.37,6.18,–,–,7,5.95,–,–,–,3,1.95,–,–,–,–,–,–,–,0.375,0.349,–,–,–,–,–,–,–,–,–,–,5.6,–,17.1,–,34.1,12.8,9.73,2.35,8.71,6.95,5.81,1.19,–,,–,23.9,–,12.1,–,–,–,–,–,–,–,–,–,–,–,–,–,–,–,–,–,–,–,–,–,–,–,–,–,–,–,–,–,–,–,–,HSS177.8X76.2X9.5,HSS177.8X76.2X9.5,33.2,3990,–,–,178,151,–,–,–,76.2,49.5,–,–,–,–,–,–,–,9.53,8.86,–,–,–,–,–,–,–,–,–,–,5.6,–,17.1,–,14.2,210.0,159.0,59.7,3.63,114.0,95.2,30.2,–,–,–,9950,–,198,–,–,–,–,–,–,–,–,–,–,–,–,–,–,–,–,–,–,–,–,–,–,–,–,–,–,–,–,–,–,–,–,1.19
HSS,HSS7X3X.313,HSS7X3X5/16,–,19.08,5.26,–,–,7,6.13,–,–,–,3,2.13,–,–,–,–,–,–,–,0.3125,0.291,–,–,–,–,–,–,–,–,–,–,7.31,–,21.1,–,29.9,11.1,8.54,2.38,7.74,6.05,5.16,1.21,–,,–,20.9,–,10.5,–,–,–,–,–,–,–,–,–,–,–,–,–,–,–,–,–,–,–,–,–,–,–,–,–,–,–,–,–,–,–,–,HSS177.8X76.2X7.9,HSS177.8X76.2X7.9,28.4,3390,–,–,178,156,–,–,–,76.2,54.1,–,–,–,–,–,–,–,7.94,7.39,–,–,–,–,–,–,–,–,–,–,7.31,–,21.1,–,12.4,182.0,140.0,60.5,3.22,99.1,84.6,30.7,–,–,–,8700,–,172,–,–,–,–,–,–,–,–,–,–,–,–,–,–,–,–,–,–,–,–,–,–,–,–,–,–,–,–,–,–,–,–,1.21
HSS,HSS7X3X.250,HSS7X3X1/4,–,15.62,4.3,–,–,7,6.3,–,–,–,3,2.3,–,–,–,–,–,–,–,0.25,0.233,–,–,–,–,–,–,–,–,–,–,9.88,–,27,–,25.2,9.22,7.19,2.42,6.6,5.06,4.4,1.24,–,,–,17.5,–,8.68,–,–,–,–,–,–,–,–,–,–,–,–,–,–,–,–,–,–,–,–,–,–,–,–,–,–,–,–,–,–,–,–,HSS177.8X76.2X6.4,HSS177.8X76.2X6.4,23.2,2770,–,–,178,160,–,–,–,76.2,58.4,–,–,–,–,–,–,–,6.35,5.92,–,–,–,–,–,–,–,–,–,–,9.88,–,27,–,10.5,151.0,118.0,61.5,2.75,82.9,72.1,31.5,–,–,–,7280,–,142,–,–,–,–,–,–,–,–,–,–,–,–,–,–,–,–,–,–,–,–,–,–,–,–,–,–,–,–,–,–,–,–,1.24
HSS,HSS7X3X.188,HSS7X3X3/16,–,11.97,3.28,–,–,7,6.48,–,–,–,3,2.48,–,–,–,–,–,–,–,0.1875,0.174,–,–,–,–,–,–,–,–,–,–,14.2,–,37.2,–,19.8,7.14,5.65,2.45,5.24,3.94,3.5,1.26,–,,–,13.7,–,6.69,–,–,–,–,–,–,–,–,–,–,–,–,–,–,–,–,–,–,–,–,–,–,–,–,–,–,–,–,–,–,–,–,HSS177.8X76.2X4.8,HSS177.8X76.2X4.8,17.8,2120,–,–,178,165,–,–,–,76.2,63,–,–,–,–,–,–,–,4.76,4.42,–,–,–,–,–,–,–,–,–,–,14.2,–,37.2,–,8.24,117.0,92.6,62.2,2.18,64.6,57.4,32.0,–,–,–,5700,–,110,–,–,–,–,–,–,–,–,–,–,–,–,–,–,–,–,–,–,–,–,–,–,–,–,–,–,–,–,–,–,–,–,1.26
HSS,HSS7X3X.125,HSS7X3X1/8,–,8.16,2.23,–,–,7,6.65,–,–,–,3,2.65,–,–,–,–,–,–,–,0.125,0.116,–,–,–,–,–,–,–,–,–,–,22.9,–,57.3,–,13.8,4.93,3.95,2.49,3.71,2.73,2.48,1.29,–,,–,9.48,–,4.6,–,–,–,–,–,–,–,–,–,–,–,–,–,–,–,–,–,–,–,–,–,–,–,–,–,–,–,–,–,–,–,–,HSS177.8X76.2X3.2,HSS177.8X76.2X3.2,12.1,1440,–,–,178,169,–,–,–,76.2,67.3,–,–,–,–,–,–,–,3.18,2.95,–,–,–,–,–,–,–,–,–,–,22.9,–,57.3,–,5.74,80.8,64.7,63.2,1.54,44.7,40.6,32.8,–,–,–,3950,–,75.4,–,–,–,–,–,–,–,–,–,–,–,–,–,–,–,–,–,–,–,–,–,–,–,–,–,–,–,–,–,–,–,–,1.29
HSS,HSS7X2X.250,HSS7X2X1/4,–,13.91,3.84,–,–,7,6.3,–,–,–,2,1.3,–,–,–,–,–,–,–,0.25,0.233,–,–,–,–,–,–,–,–,–,–,5.58,–,27,–,19.8,7.64,5.67,2.27,2.58,3.02,2.58,0.819,–,,–,7.95,–,5.52,–,–,–,–,–,–,–,–,–,–,–,–,–,–,–,–,–,–,–,–,–,–,–,–,–,–,–,–,–,–,–,–,HSS177.8X50.8X6.4,HSS177.8X50.8X6.4,20.7,2480,–,–,178,160,–,–,–,50.8,33,–,–,–,–,–,–,–,6.35,5.92,–,–,–,–,–,–,–,–,–,–,5.58,–,27,–,8.24,125.0,92.9,57.7,1.07,49.5,42.3,20.8,–,–,–,3310,–,90.5,–,–,–,–,–,–,–,–,–,–,–,–,–,–,–,–,–,–,–,–,–,–,–,–,–,–,–,–,–,–,–,–,0.819
HSS,HSS7X2X.188,HSS7X2X3/16,–,10.7,2.93,–,–,7,6.48,–,–,–,2,1.48,–,–,–,–,–,–,–,0.1875,0.174,–,–,–,–,–,–,–,–,–,–,8.49,–,37.2,–,15.7,5.95,4.49,2.31,2.1,2.39,2.1,0.845,–,,–,6.35,–,4.32,–,–,–,–,–,–,–,–,–,–,–,–,–,–,–,–,–,–,–,–,–,–,–,–,–,–,–,–,–,–,–,–,HSS177.8X50.8X4.8,HSS177.8X50.8X4.8,15.9,1890,–,–,178,165,–,–,–,50.8,37.6,–,–,–,–,–,–,–,4.76,4.42,–,–,–,–,–,–,–,–,–,–,8.49,–,37.2,–,6.53,97.5,73.6,58.7,0.874,39.2,34.4,21.5,–,–,–,2640,–,70.8,–,–,–,–,–,–,–,–,–,–,–,–,–,–,–,–,–,–,–,–,–,–,–,–,–,–,–,–,–,–,–,–,0.845
HSS,HSS7X2X.125,HSS7X2X1/8,–,7.31,2.0,–,–,7,6.65,–,–,–,2,1.65,–,–,–,–,–,–,–,0.125,0.116,–,–,–,–,–,–,–,–,–,–,14.2,–,57.3,–,11.1,4.13,3.16,2.35,1.52,1.68,1.52,0.871,–,,–,4.51,–,3,–,–,–,–,–,–,–,–,–,–,–,–,–,–,–,–,–,–,–,–,–,–,–,–,–,–,–,–,–,–,–,–,HSS177.8X50.8X3.2,HSS177.8X50.8X3.2,10.9,1290,–,–,178,169,–,–,–,50.8,41.9,–,–,–,–,–,–,–,3.18,2.95,–,–,–,–,–,–,–,–,–,–,14.2,–,57.3,–,4.62,67.7,51.8,59.7,0.633,27.5,24.9,22.1,–,–,–,1880,–,49.2,–,–,–,–,–,–,–,–,–,–,–,–,–,–,–,–,–,–,–,–,–,–,–,–,–,–,–,–,–,–,–,–,0.871
HSS,HSS6X6X.625,HSS6X6X5/8,–,42.3,11.7,–,–,6,4.26,–,–,–,6,4.26,–,–,–,–,–,–,–,0.625,0.581,–,–,–,–,–,–,–,–,–,–,7.33,–,7.33,–,55.2,23.2,18.4,2.17,55.2,23.2,18.4,2.17,–,,–,94.9,–,33.4,–,–,–,–,–,–,–,–,–,–,–,–,–,–,–,–,–,–,–,–,–,–,–,–,–,–,–,–,–,–,–,–,HSS152.4X152.4X15.9,HSS152.4X152.4X15.9,62.6,7550,–,–,152,108,–,–,–,152,108,–,–,–,–,–,–,–,15.9,14.8,–,–,–,–,–,–,–,–,–,–,7.33,–,7.33,–,23.0,380.0,302.0,55.1,23.0,380.0,302.0,55.1,–,–,–,39500,–,547,–,–,–,–,–,–,–,–,–,–,–,–,–,–,–,–,–,–,–,–,–,–,–,–,–,–,–,–,–,–,–,–,2.17
HSS,HSS6X6X.500,HSS6X6X1/2,–,35.24,9.74,–,–,6,4.61,–,–,–,6,4.61,–,–,–,–,–,–,–,0.5,0.465,–,–,–,–,–,–,–,–,–,–,9.9,–,9.9,–,48.3,19.8,16.1,2.23,48.3,19.8,16.1,2.23,–,,–,81.1,–,28.1,–,–,–,–,–,–,–,–,–,–,–,–,–,–,–,–,–,–,–,–,–,–,–,–,–,–,–,–,–,–,–,–,HSS152.4X152.4X12.7,HSS152.4X152.4X12.7,52.2,6280,–,–,152,117,–,–,–,152,117,–,–,–,–,–,–,–,12.7,11.8,–,–,–,–,–,–,–,–,–,–,9.9,–,9.9,–,20.1,324.0,264.0,56.6,20.1,324.0,264.0,56.6,–,–,–,33800,–,460,–,–,–,–,–,–,–,–,–,–,–,–,–,–,–,–,–,–,–,–,–,–,–,–,–,–,–,–,–,–,–,–,2.23
HSS,HSS6X6X.375,HSS6X6X3/8,–,27.48,7.58,–,–,6,4.95,–,–,–,6,4.95,–,–,–,–,–,–,–,0.375,0.349,–,–,–,–,–,–,–,–,–,–,14.2,–,14.2,–,39.5,15.8,13.2,2.28,39.5,15.8,13.2,2.28,–,,–,64.6,–,22.1,–,–,–,–,–,–,–,–,–,–,–,–,–,–,–,–,–,–,–,–,–,–,–,–,–,–,–,–,–,–,–,–,HSS152.4X152.4X9.5,HSS152.4X152.4X9.5,40.8,4890,–,–,152,126,–,–,–,152,126,–,–,–,–,–,–,–,9.53,8.86,–,–,–,–,–,–,–,–,–,–,14.2,–,14.2,–,16.4,259.0,216.0,57.9,16.4,259.0,216.0,57.9,–,–,–,26900,–,362,–,–,–,–,–,–,–,–,–,–,–,–,–,–,–,–,–,–,–,–,–,–,–,–,–,–,–,–,–,–,–,–,2.28
HSS,HSS6X6X.313,HSS6X6X5/16,–,23.34,6.43,–,–,6,5.13,–,–,–,6,5.13,–,–,–,–,–,–,–,0.3125,0.291,–,–,–,–,–,–,–,–,–,–,17.6,–,17.6,–,34.3,13.6,11.4,2.31,34.3,13.6,11.4,2.31,–,,–,55.4,–,18.9,–,–,–,–,–,–,–,–,–,–,–,–,–,–,–,–,–,–,–,–,–,–,–,–,–,–,–,–,–,–,–,–,HSS152.4X152.4X7.9,HSS152.4X152.4X7.9,34.6,4150,–,–,152,130,–,–,–,152,130,–,–,–,–,–,–,–,7.94,7.39,–,–,–,–,–,–,–,–,–,–,17.6,–,17.6,–,14.3,223.0,187.0,58.7,14.3,223.0,187.0,58.7,–,–,–,23100,–,310,–,–,–,–,–,–,–,–,–,–,–,–,–,–,–,–,–,–,–,–,–,–,–,–,–,–,–,–,–,–,–,–,2.31
HSS,HSS6X6X.250,HSS6X6X1/4,–,19.02,5.24,–,–,6,5.3,–,–,–,6,5.3,–,–,–,–,–,–,–,0.25,0.233,–,–,–,–,–,–,–,–,–,–,22.8,–,22.8,–,28.6,11.2,9.54,2.34,28.6,11.2,9.54,2.34,–,,–,45.6,–,15.4,–,–,–,–,–,–,–,–,–,–,–,–,–,–,–,–,–,–,–,–,–,–,–,–,–,–,–,–,–,–,–,–,HSS152.4X152.4X6.4,HSS152.4X152.4X6.4,28.3,3380,–,–,152,135,–,–,–,152,135,–,–,–,–,–,–,–,6.35,5.92,–,–,–,–,–,–,–,–,–,–,22.8,–,22.8,–,11.9,184.0,156.0,59.4,11.9,184.0,156.0,59.4,–,–,–,19000,–,252,–,–,–,–,–,–,–,–,–,–,–,–,–,–,–,–,–,–,–,–,–,–,–,–,–,–,–,–,–,–,–,–,2.34
HSS,HSS6X6X.188,HSS6X6X3/16,–,14.53,3.98,–,–,6,5.48,–,–,–,6,5.48,–,–,–,–,–,–,–,0.1875,0.174,–,–,–,–,–,–,–,–,–,–,31.5,–,31.5,–,22.3,8.63,7.42,2.37,22.3,8.63,7.42,2.37,–,,–,35,–,11.8,–,–,–,–,–,–,–,–,–,–,–,–,–,–,–,–,–,–,–,–,–,–,–,–,–,–,–,–,–,–,–,–,HSS152.4X152.4X4.8,HSS152.4X152.4X4.8,21.6,2570,–,–,152,139,–,–,–,152,139,–,–,–,–,–,–,–,4.76,4.42,–,–,–,–,–,–,–,–,–,–,31.5,–,31.5,–,9.28,141.0,122.0,60.2,9.28,141.0,122.0,60.2,–,–,–,14600,–,193,–,–,–,–,–,–,–,–,–,–,–,–,–,–,–,–,–,–,–,–,–,–,–,–,–,–,–,–,–,–,–,–,2.37
HSS,HSS6X6X.125,HSS6X6X1/8,–,9.86,2.7,–,–,6,5.65,–,–,–,6,5.65,–,–,–,–,–,–,–,0.125,0.116,–,–,–,–,–,–,–,–,–,–,48.7,–,48.7,–,15.5,5.92,5.15,2.39,15.5,5.92,5.15,2.39,–,,–,23.9,–,8.03,–,–,–,–,–,–,–,–,–,–,–,–,–,–,–,–,–,–,–,–,–,–,–,–,–,–,–,–,–,–,–,–,HSS152.4X152.4X3.2,HSS152.4X152.4X3.2,14.7,1740,–,–,152,144,–,–,–,152,144,–,–,–,–,–,–,–,3.18,2.95,–,–,–,–,–,–,–,–,–,–,48.7,–,48.7,–,6.45,97.0,84.4,60.7,6.45,97.0,84.4,60.7,–,–,–,9950,–,132,–,–,–,–,–,–,–,–,–,–,–,–,–,–,–,–,–,–,–,–,–,–,–,–,–,–,–,–,–,–,–,–,2.39
HSS,HSS6X5X.500,HSS6X5X1/2,–,31.84,8.81,–,–,6,4.61,–,–,–,5,3.6,–,–,–,–,–,–,–,0.5,0.465,–,–,–,–,–,–,–,–,–,–,7.75,–,9.9,–,41.1,17.2,13.7,2.16,30.8,15.2,12.3,1.87,–,,–,59.8,–,23,–,–,–,–,–,–,–,–,–,–,–,–,–,–,–,–,–,–,–,–,–,–,–,–,–,–,–,–,–,–,–,–,HSS152.4X127X12.7,HSS152.4X127X12.7,47.2,5680,–,–,152,117,–,–,–,127,91.4,–,–,–,–,–,–,–,12.7,11.8,–,–,–,–,–,–,–,–,–,–,7.75,–,9.9,–,17.1,282.0,225.0,54.9,12.8,249.0,202.0,47.5,–,–,–,24900,–,377,–,–,–,–,–,–,–,–,–,–,–,–,–,–,–,–,–,–,–,–,–,–,–,–,–,–,–,–,–,–,–,–,1.87
HSS,HSS6X5X.375,HSS6X5X3/8,–,24.93,6.88,–,–,6,4.95,–,–,–,5,3.95,–,–,–,–,–,–,–,0.375,0.349,–,–,–,–,–,–,–,–,–,–,11.3,–,14.2,–,33.9,13.8,11.3,2.22,25.5,12.2,10.2,1.92,–,,–,48.1,–,18.2,–,–,–,–,–,–,–,–,–,–,–,–,–,–,–,–,–,–,–,–,–,–,–,–,–,–,–,–,–,–,–,–,HSS152.4X127X9.5,HSS152.4X127X9.5,37.0,4440,–,–,152,126,–,–,–,127,100,–,–,–,–,–,–,–,9.53,8.86,–,–,–,–,–,–,–,–,–,–,11.3,–,14.2,–,14.1,226.0,185.0,56.4,10.6,200.0,167.0,48.8,–,–,–,20000,–,298,–,–,–,–,–,–,–,–,–,–,–,–,–,–,–,–,–,–,–,–,–,–,–,–,–,–,–,–,–,–,–,–,1.92
HSS,HSS6X5X.313,HSS6X5X5/16,–,21.21,5.85,–,–,6,5.13,–,–,–,5,4.13,–,–,–,–,–,–,–,0.3125,0.291,–,–,–,–,–,–,–,–,–,–,14.2,–,17.6,–,29.6,11.9,9.85,2.25,22.3,10.5,8.91,1.95,–,,–,41.4,–,15.6,–,–,–,–,–,–,–,–,–,–,–,–,–,–,–,–,–,–,–,–,–,–,–,–,–,–,–,–,–,–,–,–,HSS152.4X127X7.9,HSS152.4X127X7.9,31.5,3770,–,–,152,130,–,–,–,127,105,–,–,–,–,–,–,–,7.94,7.39,–,–,–,–,–,–,–,–,–,–,14.2,–,17.6,–,12.3,195.0,161.0,57.2,9.28,172.0,146.0,49.5,–,–,–,17200,–,256,–,–,–,–,–,–,–,–,–,–,–,–,–,–,–,–,–,–,–,–,–,–,–,–,–,–,–,–,–,–,–,–,1.95
HSS,HSS6X5X.250,HSS6X5X1/4,–,17.32,4.77,–,–,6,5.3,–,–,–,5,4.3,–,–,–,–,–,–,–,0.25,0.233,–,–,–,–,–,–,–,–,–,–,18.5,–,22.8,–,24.7,9.87,8.25,2.28,18.7,8.72,7.47,1.98,–,,–,34.2,–,12.8,–,–,–,–,–,–,–,–,–,–,–,–,–,–,–,–,–,–,–,–,–,–,–,–,–,–,–,–,–,–,–,–,HSS152.4X127X6.4,HSS152.4X127X6.4,25.7,3080,–,–,152,135,–,–,–,127,109,–,–,–,–,–,–,–,6.35,5.92,–,–,–,–,–,–,–,–,–,–,18.5,–,22.8,–,10.3,162.0,135.0,57.9,7.78,143.0,122.0,50.3,–,–,–,14200,–,210,–,–,–,–,–,–,–,–,–,–,–,–,–,–,–,–,–,–,–,–,–,–,–,–,–,–,–,–,–,–,–,–,1.98
HSS,HSS6X5X.188,HSS6X5X3/16,–,13.25,3.63,–,–,6,5.48,–,–,–,5,4.48,–,–,–,–,–,–,–,0.1875,0.174,–,–,–,–,–,–,–,–,–,–,25.7,–,31.5,–,19.3,7.62,6.44,2.31,14.6,6.73,5.84,2.01,–,,–,26.3,–,9.76,–,–,–,–,–,–,–,–,–,–,–,–,–,–,–,–,–,–,–,–,–,–,–,–,–,–,–,–,–,–,–,–,HSS152.4X127X4.8,HSS152.4X127X4.8,19.7,2340,–,–,152,139,–,–,–,127,114,–,–,–,–,–,–,–,4.76,4.42,–,–,–,–,–,–,–,–,–,–,25.7,–,31.5,–,8.03,125.0,106.0,58.7,6.08,110.0,95.7,51.1,–,–,–,10900,–,160,–,–,–,–,–,–,–,–,–,–,–,–,–,–,–,–,–,–,–,–,–,–,–,–,–,–,–,–,–,–,–,–,2.01
HSS,HSS6X5X.125,HSS6X5X1/8,–,9.01,2.46,–,–,6,5.65,–,–,–,5,4.65,–,–,–,–,–,–,–,0.125,0.116,–,–,–,–,–,–,–,–,–,–,40.1,–,48.7,–,13.4,5.24,4.48,2.34,10.2,4.63,4.07,2.03,–,,–,18,–,6.66,–,–,–,–,–,–,–,–,–,–,–,–,–,–,–,–,–,–,–,–,–,–,–,–,–,–,–,–,–,–,–,–,HSS152.4X127X3.2,HSS152.4X127X3.2,13.4,1590,–,–,152,144,–,–,–,127,118,–,–,–,–,–,–,–,3.18,2.95,–,–,–,–,–,–,–,–,–,–,40.1,–,48.7,–,5.58,85.9,73.4,59.4,4.25,75.9,66.7,51.6,–,–,–,7490,–,109,–,–,–,–,–,–,–,–,–,–,–,–,–,–,–,–,–,–,–,–,–,–,–,–,–,–,–,–,–,–,–,–,2.03
HSS,HSS6X4X.500,HSS6X4X1/2,–,28.43,7.88,–,–,6,4.61,–,–,–,4,2.6,–,–,–,–,–,–,–,0.5,0.465,–,–,–,–,–,–,–,–,–,–,5.6,–,9.9,–,34.0,14.6,11.3,2.08,17.8,11.0,8.89,1.5,–,,–,40.3,–,17.8,–,–,–,–,–,–,–,–,–,–,–,–,–,–,–,–,–,–,–,–,–,–,–,–,–,–,–,–,–,–,–,–,HSS152.4X101.6X12.7,HSS152.4X101.6X12.7,42.1,5080,–,–,152,117,–,–,–,102,66,–,–,–,–,–,–,–,12.7,11.8,–,–,–,–,–,–,–,–,–,–,5.6,–,9.9,–,14.2,239.0,185.0,52.8,7.41,180.0,146.0,38.1,–,–,–,16800,–,292,–,–,–,–,–,–,–,–,–,–,–,–,–,–,–,–,–,–,–,–,–,–,–,–,–,–,–,–,–,–,–,–,1.5
HSS,HSS6X4X.375,HSS6X4X3/8,–,22.37,6.18,–,–,6,4.95,–,–,–,4,2.95,–,–,–,–,–,–,–,0.375,0.349,–,–,–,–,–,–,–,–,–,–,8.46,–,14.2,–,28.3,11.9,9.43,2.14,14.9,8.94,7.47,1.55,–,,–,32.8,–,14.2,–,–,–,–,–,–,–,–,–,–,–,–,–,–,–,–,–,–,–,–,–,–,–,–,–,–,–,–,–,–,–,–,HSS152.4X101.6X9.5,HSS152.4X101.6X9.5,33.2,3990,–,–,152,126,–,–,–,102,74.9,–,–,–,–,–,–,–,9.53,8.86,–,–,–,–,–,–,–,–,–,–,8.46,–,14.2,–,11.8,195.0,155.0,54.4,6.2,147.0,122.0,39.4,–,–,–,13700,–,233,–,–,–,–,–,–,–,–,–,–,–,–,–,–,–,–,–,–,–,–,–,–,–,–,–,–,–,–,–,–,–,–,1.55
HSS,HSS6X4X.313,HSS6X4X5/16,–,19.08,5.26,–,–,6,5.13,–,–,–,4,3.13,–,–,–,–,–,–,–,0.3125,0.291,–,–,–,–,–,–,–,–,–,–,10.7,–,17.6,–,24.8,10.3,8.27,2.17,13.2,7.75,6.58,1.58,–,,–,28.4,–,12.2,–,–,–,–,–,–,–,–,–,–,–,–,–,–,–,–,–,–,–,–,–,–,–,–,–,–,–,–,–,–,–,–,HSS152.4X101.6X7.9,HSS152.4X101.6X7.9,28.4,3390,–,–,152,130,–,–,–,102,79.5,–,–,–,–,–,–,–,7.94,7.39,–,–,–,–,–,–,–,–,–,–,10.7,–,17.6,–,10.3,169.0,136.0,55.1,5.49,127.0,108.0,40.1,–,–,–,11800,–,200,–,–,–,–,–,–,–,–,–,–,–,–,–,–,–,–,–,–,–,–,–,–,–,–,–,–,–,–,–,–,–,–,1.58
HSS,HSS6X4X.250,HSS6X4X1/4,–,15.62,4.3,–,–,6,5.3,–,–,–,4,3.3,–,–,–,–,–,–,–,0.25,0.233,–,–,–,–,–,–,–,–,–,–,14.2,–,22.8,–,20.9,8.53,6.96,2.2,11.1,6.45,5.56,1.61,–,,–,23.6,–,10.1,–,–,–,–,–,–,–,–,–,–,–,–,–,–,–,–,–,–,–,–,–,–,–,–,–,–,–,–,–,–,–,–,HSS152.4X101.6X6.4,HSS152.4X101.6X6.4,23.2,2770,–,–,152,135,–,–,–,102,83.8,–,–,–,–,–,–,–,6.35,5.92,–,–,–,–,–,–,–,–,–,–,14.2,–,22.8,–,8.7,140.0,114.0,55.9,4.62,106.0,91.1,40.9,–,–,–,9820,–,166,–,–,–,–,–,–,–,–,–,–,–,–,–,–,–,–,–,–,–,–,–,–,–,–,–,–,–,–,–,–,–,–,1.61
HSS,HSS6X4X.188,HSS6X4X3/16,–,11.97,3.28,–,–,6,5.48,–,–,–,4,3.48,–,–,–,–,–,–,–,0.1875,0.174,–,–,–,–,–,–,–,–,–,–,20,–,31.5,–,16.4,6.6,5.46,2.23,8.76,5.0,4.38,1.63,–,,–,18.2,–,7.74,–,–,–,–,–,–,–,–,–,–,–,–,–,–,–,–,–,–,–,–,–,–,–,–,–,–,–,–,–,–,–,–,HSS152.4X101.6X4.8,HSS152.4X101.6X4.8,17.8,2120,–,–,152,139,–,–,–,102,88.4,–,–,–,–,–,–,–,4.76,4.42,–,–,–,–,–,–,–,–,–,–,20,–,31.5,–,6.83,108.0,89.5,56.6,3.65,81.9,71.8,41.4,–,–,–,7580,–,127,–,–,–,–,–,–,–,–,–,–,–,–,–,–,–,–,–,–,–,–,–,–,–,–,–,–,–,–,–,–,–,–,1.63
HSS,HSS6X4X.125,HSS6X4X1/8,–,8.16,2.23,–,–,6,5.65,–,–,–,4,3.65,–,–,–,–,–,–,–,0.125,0.116,–,–,–,–,–,–,–,–,–,–,31.5,–,48.7,–,11.4,4.56,3.81,2.26,6.15,3.46,3.08,1.66,–,,–,12.6,–,5.3,–,–,–,–,–,–,–,–,–,–,–,–,–,–,–,–,–,–,–,–,–,–,–,–,–,–,–,–,–,–,–,–,HSS152.4X101.6X3.2,HSS152.4X101.6X3.2,12.1,1440,–,–,152,144,–,–,–,102,92.7,–,–,–,–,–,–,–,3.18,2.95,–,–,–,–,–,–,–,–,–,–,31.5,–,48.7,–,4.75,74.7,62.4,57.4,2.56,56.7,50.5,42.2,–,–,–,5240,–,86.9,–,–,–,–,–,–,–,–,–,–,–,–,–,–,–,–,–,–,–,–,–,–,–,–,–,–,–,–,–,–,–,–,1.66
HSS,HSS6X3X.500,HSS6X3X1/2,–,25.03,6.95,–,–,6,4.61,–,–,–,3,1.6,–,–,–,–,–,–,–,0.5,0.465,–,–,–,–,–,–,–,–,–,–,3.45,–,9.9,–,26.8,12.1,8.95,1.97,8.69,7.28,5.79,1.12,–,,–,23.1,–,12.7,–,–,–,–,–,–,–,–,–,–,–,–,–,–,–,–,–,–,–,–,–,–,–,–,–,–,–,–,–,–,–,–,HSS152.4X76.2X12.7,HSS152.4X76.2X12.7,37.1,4480,–,–,152,117,–,–,–,76.2,40.6,–,–,–,–,–,–,–,12.7,11.8,–,–,–,–,–,–,–,–,–,–,3.45,–,9.9,–,11.2,198.0,147.0,50.0,3.62,119.0,94.9,28.4,–,–,–,9610,–,208,–,–,–,–,–,–,–,–,–,–,–,–,–,–,–,–,–,–,–,–,–,–,–,–,–,–,–,–,–,–,–,–,1.12
HSS,HSS6X3X.375,HSS6X3X3/8,–,19.82,5.48,–,–,6,4.95,–,–,–,3,1.95,–,–,–,–,–,–,–,0.375,0.349,–,–,–,–,–,–,–,–,–,–,5.6,–,14.2,–,22.7,9.9,7.57,2.04,7.48,6.03,4.99,1.17,–,,–,19.3,–,10.3,–,–,–,–,–,–,–,–,–,–,–,–,–,–,–,–,–,–,–,–,–,–,–,–,–,–,–,–,–,–,–,–,HSS152.4X76.2X9.5,HSS152.4X76.2X9.5,29.4,3540,–,–,152,126,–,–,–,76.2,49.5,–,–,–,–,–,–,–,9.53,8.86,–,–,–,–,–,–,–,–,–,–,5.6,–,14.2,–,9.45,162.0,124.0,51.8,3.11,98.8,81.8,29.7,–,–,–,8030,–,169,–,–,–,–,–,–,–,–,–,–,–,–,–,–,–,–,–,–,–,–,–,–,–,–,–,–,–,–,–,–,–,–,1.17
HSS,HSS6X3X.313,HSS6X3X5/16,–,16.96,4.68,–,–,6,5.13,–,–,–,3,2.13,–,–,–,–,–,–,–,0.3125,0.291,–,–,–,–,–,–,–,–,–,–,7.31,–,17.6,–,20.1,8.61,6.69,2.07,6.67,5.27,4.45,1.19,–,,–,16.9,–,8.91,–,–,–,–,–,–,–,–,–,–,–,–,–,–,–,–,–,–,–,–,–,–,–,–,–,–,–,–,–,–,–,–,HSS152.4X76.2X7.9,HSS152.4X76.2X7.9,25.2,3020,–,–,152,130,–,–,–,76.2,54.1,–,–,–,–,–,–,–,7.94,7.39,–,–,–,–,–,–,–,–,–,–,7.31,–,17.6,–,8.37,141.0,110.0,52.6,2.78,86.4,72.9,30.2,–,–,–,7030,–,146,–,–,–,–,–,–,–,–,–,–,–,–,–,–,–,–,–,–,–,–,–,–,–,–,–,–,–,–,–,–,–,–,1.19
HSS,HSS6X3X.250,HSS6X3X1/4,–,13.91,3.84,–,–,6,5.3,–,–,–,3,2.3,–,–,–,–,–,–,–,0.25,0.233,–,–,–,–,–,–,–,–,–,–,9.88,–,22.8,–,17.0,7.19,5.66,2.1,5.7,4.41,3.8,1.22,–,,–,14.2,–,7.39,–,–,–,–,–,–,–,–,–,–,–,–,–,–,–,–,–,–,–,–,–,–,–,–,–,–,–,–,–,–,–,–,HSS152.4X76.2X6.4,HSS152.4X76.2X6.4,20.7,2480,–,–,152,135,–,–,–,76.2,58.4,–,–,–,–,–,–,–,6.35,5.92,–,–,–,–,–,–,–,–,–,–,9.88,–,22.8,–,7.08,118.0,92.8,53.3,2.37,72.3,62.3,31.0,–,–,–,5910,–,121,–,–,–,–,–,–,–,–,–,–,–,–,–,–,–,–,–,–,–,–,–,–,–,–,–,–,–,–,–,–,–,–,1.22
HSS,HSS6X3X.188,HSS6X3X3/16,–,10.7,2.93,–,–,6,5.48,–,–,–,3,2.48,–,–,–,–,–,–,–,0.1875,0.174,–,–,–,–,–,–,–,–,–,–,14.2,–,31.5,–,13.4,5.59,4.47,2.14,4.55,3.45,3.03,1.25,–,,–,11.1,–,5.71,–,–,–,–,–,–,–,–,–,–,–,–,–,–,–,–,–,–,–,–,–,–,–,–,–,–,–,–,–,–,–,–,HSS152.4X76.2X4.8,HSS152.4X76.2X4.8,15.9,1890,–,–,152,139,–,–,–,76.2,63,–,–,–,–,–,–,–,4.76,4.42,–,–,–,–,–,–,–,–,–,–,14.2,–,31.5,–,5.58,91.6,73.3,54.4,1.89,56.5,49.7,31.8,–,–,–,4620,–,93.6,–,–,–,–,–,–,–,–,–,–,–,–,–,–,–,–,–,–,–,–,–,–,–,–,–,–,–,–,–,–,–,–,1.25
HSS,HSS6X3X.125,HSS6X3X1/8,–,7.31,2.0,–,–,6,5.65,–,–,–,3,2.65,–,–,–,–,–,–,–,0.125,0.116,–,–,–,–,–,–,–,–,–,–,22.9,–,48.7,–,9.43,3.87,3.14,2.17,3.23,2.4,2.15,1.27,–,,–,7.73,–,3.93,–,–,–,–,–,–,–,–,–,–,–,–,–,–,–,–,–,–,–,–,–,–,–,–,–,–,–,–,–,–,–,–,HSS152.4X76.2X3.2,HSS152.4X76.2X3.2,10.9,1290,–,–,152,144,–,–,–,76.2,67.3,–,–,–,–,–,–,–,3.18,2.95,–,–,–,–,–,–,–,–,–,–,22.9,–,48.7,–,3.93,63.4,51.5,55.1,1.34,39.3,35.2,32.3,–,–,–,3220,–,64.4,–,–,–,–,–,–,–,–,–,–,–,–,–,–,–,–,–,–,–,–,–,–,–,–,–,–,–,–,–,–,–,–,1.27
HSS,HSS6X2X.375,HSS6X2X3/8,–,17.27,4.78,–,–,6,4.95,–,–,–,2,0.953,–,–,–,–,–,–,–,0.375,0.349,–,–,–,–,–,–,–,–,–,–,2.73,–,14.2,–,17.1,7.93,5.71,1.89,2.77,3.46,2.77,0.76,–,,–,8.42,–,6.35,–,–,–,–,–,–,–,–,–,–,–,–,–,–,–,–,–,–,–,–,–,–,–,–,–,–,–,–,–,–,–,–,HSS152.4X50.8X9.5,HSS152.4X50.8X9.5,25.6,3080,–,–,152,126,–,–,–,50.8,24.2,–,–,–,–,–,–,–,9.53,8.86,–,–,–,–,–,–,–,–,–,–,2.73,–,14.2,–,7.12,130.0,93.6,48.0,1.15,56.7,45.4,19.3,–,–,–,3500,–,104,–,–,–,–,–,–,–,–,–,–,–,–,–,–,–,–,–,–,–,–,–,–,–,–,–,–,–,–,–,–,–,–,0.76
HSS,HSS6X2X.313,HSS6X2X5/16,–,14.83,4.1,–,–,6,5.13,–,–,–,2,1.13,–,–,–,–,–,–,–,0.3125,0.291,–,–,–,–,–,–,–,–,–,–,3.87,–,17.6,–,15.3,6.95,5.11,1.93,2.52,3.07,2.52,0.785,–,,–,7.6,–,5.58,–,–,–,–,–,–,–,–,–,–,–,–,–,–,–,–,–,–,–,–,–,–,–,–,–,–,–,–,–,–,–,–,HSS152.4X50.8X7.9,HSS152.4X50.8X7.9,22.0,2650,–,–,152,130,–,–,–,50.8,28.7,–,–,–,–,–,–,–,7.94,7.39,–,–,–,–,–,–,–,–,–,–,3.87,–,17.6,–,6.37,114.0,83.7,49.0,1.05,50.3,41.3,19.9,–,–,–,3160,–,91.4,–,–,–,–,–,–,–,–,–,–,–,–,–,–,–,–,–,–,–,–,–,–,–,–,–,–,–,–,–,–,–,–,0.785
HSS,HSS6X2X.250,HSS6X2X1/4,–,12.21,3.37,–,–,6,5.3,–,–,–,2,1.3,–,–,–,–,–,–,–,0.25,0.233,–,–,–,–,–,–,–,–,–,–,5.58,–,22.8,–,13.1,5.84,4.37,1.97,2.21,2.61,2.21,0.81,–,,–,6.55,–,4.7,–,–,–,–,–,–,–,–,–,–,–,–,–,–,–,–,–,–,–,–,–,–,–,–,–,–,–,–,–,–,–,–,HSS152.4X50.8X6.4,HSS152.4X50.8X6.4,18.1,2170,–,–,152,135,–,–,–,50.8,33,–,–,–,–,–,–,–,6.35,5.92,–,–,–,–,–,–,–,–,–,–,5.58,–,22.8,–,5.45,95.7,71.6,50.0,0.92,42.8,36.2,20.6,–,–,–,2730,–,77,–,–,–,–,–,–,–,–,–,–,–,–,–,–,–,–,–,–,–,–,–,–,–,–,–,–,–,–,–,–,–,–,0.81
HSS,HSS6X2X.188,HSS6X2X3/16,–,9.42,2.58,–,–,6,5.48,–,–,–,2,1.48,–,–,–,–,–,–,–,0.1875,0.174,–,–,–,–,–,–,–,–,–,–,8.49,–,31.5,–,10.5,4.58,3.49,2.01,1.8,2.07,1.8,0.836,–,,–,5.24,–,3.68,–,–,–,–,–,–,–,–,–,–,–,–,–,–,–,–,–,–,–,–,–,–,–,–,–,–,–,–,–,–,–,–,HSS152.4X50.8X4.8,HSS152.4X50.8X4.8,14.0,1660,–,–,152,139,–,–,–,50.8,37.6,–,–,–,–,–,–,–,4.76,4.42,–,–,–,–,–,–,–,–,–,–,8.49,–,31.5,–,4.37,75.1,57.2,51.1,0.749,33.9,29.5,21.2,–,–,–,2180,–,60.3,–,–,–,–,–,–,–,–,–,–,–,–,–,–,–,–,–,–,–,–,–,–,–,–,–,–,–,–,–,–,–,–,0.836
HSS,HSS6X2X.125,HSS6X2X1/8,–,6.46,1.77,–,–,6,5.65,–,–,–,2,1.65,–,–,–,–,–,–,–,0.125,0.116,–,–,–,–,–,–,–,–,–,–,14.2,–,48.7,–,7.42,3.19,2.47,2.05,1.31,1.46,1.31,0.861,–,,–,3.72,–,2.57,–,–,–,–,–,–,–,–,–,–,–,–,–,–,–,–,–,–,–,–,–,–,–,–,–,–,–,–,–,–,–,–,HSS152.4X50.8X3.2,HSS152.4X50.8X3.2,9.59,1140,–,–,152,144,–,–,–,50.8,41.9,–,–,–,–,–,–,–,3.18,2.95,–,–,–,–,–,–,–,–,–,–,14.2,–,48.7,–,3.09,52.3,40.5,52.1,0.545,23.9,21.5,21.9,–,–,–,1550,–,42.1,–,–,–,–,–,–,–,–,–,–,–,–,–,–,–,–,–,–,–,–,–,–,–,–,–,–,–,–,–,–,–,–,0.861
HSS,HSS5-1/2X5-1/2X.375,HSS5-1/2X5-1/2X3/8,–,24.93,6.88,–,–,5.5,4.45,–,–,–,5.5,4.45,–,–,–,–,–,–,–,0.375,0.349,–,–,–,–,–,–,–,–,–,–,12.8,–,12.8,–,29.7,13.1,10.8,2.08,29.7,13.1,10.8,2.08,–,,–,49,–,18.4,–,–,–,–,–,–,–,–,–,–,–,–,–,–,–,–,–,–,–,–,–,–,–,–,–,–,–,–,–,–,–,–,HSS139.7X139.7X9.5,HSS139.7X139.7X9.5,37.0,4440,–,–,140,113,–,–,–,140,113,–,–,–,–,–,–,–,9.53,8.86,–,–,–,–,–,–,–,–,–,–,12.8,–,12.8,–,12.4,215.0,177.0,52.8,12.4,215.0,177.0,52.8,–,–,–,20400,–,302,–,–,–,–,–,–,–,–,–,–,–,–,–,–,–,–,–,–,–,–,–,–,–,–,–,–,–,–,–,–,–,–,2.08
HSS,HSS5-1/2X5-1/2X.313,HSS5-1/2X5-1/2X5/16,–,21.21,5.85,–,–,5.5,4.63,–,–,–,5.5,4.63,–,–,–,–,–,–,–,0.3125,0.291,–,–,–,–,–,–,–,–,–,–,15.9,–,15.9,–,25.9,11.3,9.43,2.11,25.9,11.3,9.43,2.11,–,,–,42.2,–,15.7,–,–,–,–,–,–,–,–,–,–,–,–,–,–,–,–,–,–,–,–,–,–,–,–,–,–,–,–,–,–,–,–,HSS139.7X139.7X7.9,HSS139.7X139.7X7.9,31.5,3770,–,–,140,118,–,–,–,140,118,–,–,–,–,–,–,–,7.94,7.39,–,–,–,–,–,–,–,–,–,–,15.9,–,15.9,–,10.8,185.0,155.0,53.6,10.8,185.0,155.0,53.6,–,–,–,17600,–,257,–,–,–,–,–,–,–,–,–,–,–,–,–,–,–,–,–,–,–,–,–,–,–,–,–,–,–,–,–,–,–,–,2.11
HSS,HSS5-1/2X5-1/2X.250,HSS5-1/2X5-1/2X1/4,–,17.32,4.77,–,–,5.5,4.8,–,–,–,5.5,4.8,–,–,–,–,–,–,–,0.25,0.233,–,–,–,–,–,–,–,–,–,–,20.6,–,20.6,–,21.7,9.32,7.9,2.13,21.7,9.32,7.9,2.13,–,,–,34.8,–,12.9,–,–,–,–,–,–,–,–,–,–,–,–,–,–,–,–,–,–,–,–,–,–,–,–,–,–,–,–,–,–,–,–,HSS139.7X139.7X6.4,HSS139.7X139.7X6.4,25.7,3080,–,–,140,122,–,–,–,140,122,–,–,–,–,–,–,–,6.35,5.92,–,–,–,–,–,–,–,–,–,–,20.6,–,20.6,–,9.03,153.0,129.0,54.1,9.03,153.0,129.0,54.1,–,–,–,14500,–,211,–,–,–,–,–,–,–,–,–,–,–,–,–,–,–,–,–,–,–,–,–,–,–,–,–,–,–,–,–,–,–,–,2.13
HSS,HSS5-1/2X5-1/2X.188,HSS5-1/2X5-1/2X3/16,–,13.25,3.63,–,–,5.5,4.98,–,–,–,5.5,4.98,–,–,–,–,–,–,–,0.1875,0.174,–,–,–,–,–,–,–,–,–,–,28.6,–,28.6,–,17.0,7.19,6.17,2.16,17.0,7.19,6.17,2.16,–,,–,26.7,–,9.85,–,–,–,–,–,–,–,–,–,–,–,–,–,–,–,–,–,–,–,–,–,–,–,–,–,–,–,–,–,–,–,–,HSS139.7X139.7X4.8,HSS139.7X139.7X4.8,19.7,2340,–,–,140,126,–,–,–,140,126,–,–,–,–,–,–,–,4.76,4.42,–,–,–,–,–,–,–,–,–,–,28.6,–,28.6,–,7.08,118.0,101.0,54.9,7.08,118.0,101.0,54.9,–,–,–,11100,–,161,–,–,–,–,–,–,–,–,–,–,–,–,–,–,–,–,–,–,–,–,–,–,–,–,–,–,–,–,–,–,–,–,2.16
HSS,HSS5-1/2X5-1/2X.125,HSS5-1/2X5-1/2X1/8,–,9.01,2.46,–,–,5.5,5.15,–,–,–,5.5,5.15,–,–,–,–,–,–,–,0.125,0.116,–,–,–,–,–,–,–,–,–,–,44.4,–,44.4,–,11.8,4.95,4.3,2.19,11.8,4.95,4.3,2.19,–,,–,18.3,–,6.72,–,–,–,–,–,–,–,–,–,–,–,–,–,–,–,–,–,–,–,–,–,–,–,–,–,–,–,–,–,–,–,–,HSS139.7X139.7X3.2,HSS139.7X139.7X3.2,13.4,1590,–,–,140,131,–,–,–,140,131,–,–,–,–,–,–,–,3.18,2.95,–,–,–,–,–,–,–,–,–,–,44.4,–,44.4,–,4.91,81.1,70.5,55.6,4.91,81.1,70.5,55.6,–,–,–,7620,–,110,–,–,–,–,–,–,–,–,–,–,–,–,–,–,–,–,–,–,–,–,–,–,–,–,–,–,–,–,–,–,–,–,2.19
HSS,HSS5X5X.500,HSS5X5X1/2,–,28.43,7.88,–,–,5,3.6,–,–,–,5,3.6,–,–,–,–,–,–,–,0.5,0.465,–,–,–,–,–,–,–,–,–,–,7.75,–,7.75,–,26.0,13.1,10.4,1.82,26.0,13.1,10.4,1.82,–,,–,44.6,–,18.7,–,–,–,–,–,–,–,–,–,–,–,–,–,–,–,–,–,–,–,–,–,–,–,–,–,–,–,–,–,–,–,–,HSS127X127X12.7,HSS127X127X12.7,42.1,5080,–,–,127,91.4,–,–,–,127,91.4,–,–,–,–,–,–,–,12.7,11.8,–,–,–,–,–,–,–,–,–,–,7.75,–,7.75,–,10.8,215.0,170.0,46.2,10.8,215.0,170.0,46.2,–,–,–,18600,–,306,–,–,–,–,–,–,–,–,–,–,–,–,–,–,–,–,–,–,–,–,–,–,–,–,–,–,–,–,–,–,–,–,1.82
HSS,HSS5X5X.375,HSS5X5X3/8,–,22.37,6.18,–,–,5,3.95,–,–,–,5,3.95,–,–,–,–,–,–,–,0.375,0.349,–,–,–,–,–,–,–,–,–,–,11.3,–,11.3,–,21.7,10.6,8.68,1.87,21.7,10.6,8.68,1.87,–,,–,36.1,–,14.9,–,–,–,–,–,–,–,–,–,–,–,–,–,–,–,–,–,–,–,–,–,–,–,–,–,–,–,–,–,–,–,–,HSS127X127X9.5,HSS127X127X9.5,33.2,3990,–,–,127,100,–,–,–,127,100,–,–,–,–,–,–,–,9.53,8.86,–,–,–,–,–,–,–,–,–,–,11.3,–,11.3,–,9.03,174.0,142.0,47.5,9.03,174.0,142.0,47.5,–,–,–,15000,–,244,–,–,–,–,–,–,–,–,–,–,–,–,–,–,–,–,–,–,–,–,–,–,–,–,–,–,–,–,–,–,–,–,1.87
HSS,HSS5X5X.313,HSS5X5X5/16,–,19.08,5.26,–,–,5,4.13,–,–,–,5,4.13,–,–,–,–,–,–,–,0.3125,0.291,–,–,–,–,–,–,–,–,–,–,14.2,–,14.2,–,19.0,9.16,7.62,1.9,19.0,9.16,7.62,1.9,–,,–,31.2,–,12.8,–,–,–,–,–,–,–,–,–,–,–,–,–,–,–,–,–,–,–,–,–,–,–,–,–,–,–,–,–,–,–,–,HSS127X127X7.9,HSS127X127X7.9,28.3,3390,–,–,127,105,–,–,–,127,105,–,–,–,–,–,–,–,7.94,7.39,–,–,–,–,–,–,–,–,–,–,14.2,–,14.2,–,7.91,150.0,125.0,48.3,7.91,150.0,125.0,48.3,–,–,–,13000,–,210,–,–,–,–,–,–,–,–,–,–,–,–,–,–,–,–,–,–,–,–,–,–,–,–,–,–,–,–,–,–,–,–,1.9
HSS,HSS5X5X.250,HSS5X5X1/4,–,15.62,4.3,–,–,5,4.3,–,–,–,5,4.3,–,–,–,–,–,–,–,0.25,0.233,–,–,–,–,–,–,–,–,–,–,18.5,–,18.5,–,16.0,7.61,6.41,1.93,16.0,7.61,6.41,1.93,–,,–,25.8,–,10.5,–,–,–,–,–,–,–,–,–,–,–,–,–,–,–,–,–,–,–,–,–,–,–,–,–,–,–,–,–,–,–,–,HSS127X127X6.4,HSS127X127X6.4,23.2,2770,–,–,127,109,–,–,–,127,109,–,–,–,–,–,–,–,6.35,5.92,–,–,–,–,–,–,–,–,–,–,18.5,–,18.5,–,6.66,125.0,105.0,49.0,6.66,125.0,105.0,49.0,–,–,–,10700,–,172,–,–,–,–,–,–,–,–,–,–,–,–,–,–,–,–,–,–,–,–,–,–,–,–,–,–,–,–,–,–,–,–,1.93
HSS,HSS5X5X.188,HSS5X5X3/16,–,11.97,3.28,–,–,5,4.48,–,–,–,5,4.48,–,–,–,–,–,–,–,0.1875,0.174,–,–,–,–,–,–,–,–,–,–,25.7,–,25.7,–,12.6,5.89,5.03,1.96,12.6,5.89,5.03,1.96,–,,–,19.9,–,8.08,–,–,–,–,–,–,–,–,–,–,–,–,–,–,–,–,–,–,–,–,–,–,–,–,–,–,–,–,–,–,–,–,HSS127X127X4.8,HSS127X127X4.8,17.8,2120,–,–,127,114,–,–,–,127,114,–,–,–,–,–,–,–,4.76,4.42,–,–,–,–,–,–,–,–,–,–,25.7,–,25.7,–,5.24,96.5,82.4,49.8,5.24,96.5,82.4,49.8,–,–,–,8280,–,132,–,–,–,–,–,–,–,–,–,–,–,–,–,–,–,–,–,–,–,–,–,–,–,–,–,–,–,–,–,–,–,–,1.96
HSS,HSS5X5X.125,HSS5X5X1/8,–,8.16,2.23,–,–,5,4.65,–,–,–,5,4.65,–,–,–,–,–,–,–,0.125,0.116,–,–,–,–,–,–,–,–,–,–,40.1,–,40.1,–,8.8,4.07,3.52,1.99,8.8,4.07,3.52,1.99,–,,–,13.7,–,5.53,–,–,–,–,–,–,–,–,–,–,–,–,–,–,–,–,–,–,–,–,–,–,–,–,–,–,–,–,–,–,–,–,HSS127X127X3.2,HSS127X127X3.2,12.1,1440,–,–,127,118,–,–,–,127,118,–,–,–,–,–,–,–,3.18,2.95,–,–,–,–,–,–,–,–,–,–,40.1,–,40.1,–,3.66,66.7,57.7,50.5,3.66,66.7,57.7,50.5,–,–,–,5700,–,90.6,–,–,–,–,–,–,–,–,–,–,–,–,–,–,–,–,–,–,–,–,–,–,–,–,–,–,–,–,–,–,–,–,1.99
HSS,HSS5X4X.500,HSS5X4X1/2,–,25.03,6.95,–,–,5,3.6,–,–,–,4,2.6,–,–,–,–,–,–,–,0.5,0.465,–,–,–,–,–,–,–,–,–,–,5.6,–,7.75,–,21.2,10.9,8.49,1.75,14.9,9.35,7.43,1.46,–,,–,30.3,–,14.5,–,–,–,–,–,–,–,–,–,–,–,–,–,–,–,–,–,–,–,–,–,–,–,–,–,–,–,–,–,–,–,–,HSS127X101.6X12.7,HSS127X101.6X12.7,37.1,4480,–,–,127,91.4,–,–,–,102,66,–,–,–,–,–,–,–,12.7,11.8,–,–,–,–,–,–,–,–,–,–,5.6,–,7.75,–,8.82,179.0,139.0,44.5,6.2,153.0,122.0,37.1,–,–,–,12600,–,238,–,–,–,–,–,–,–,–,–,–,–,–,–,–,–,–,–,–,–,–,–,–,–,–,–,–,–,–,–,–,–,–,1.46
HSS,HSS5X4X.375,HSS5X4X3/8,–,19.82,5.48,–,–,5,3.95,–,–,–,4,2.95,–,–,–,–,–,–,–,0.375,0.349,–,–,–,–,–,–,–,–,–,–,8.46,–,11.3,–,17.9,8.96,7.17,1.81,12.6,7.67,6.3,1.52,–,,–,24.9,–,11.7,–,–,–,–,–,–,–,–,–,–,–,–,–,–,–,–,–,–,–,–,–,–,–,–,–,–,–,–,–,–,–,–,HSS127X101.6X9.5,HSS127X101.6X9.5,29.4,3540,–,–,127,100,–,–,–,102,74.9,–,–,–,–,–,–,–,9.53,8.86,–,–,–,–,–,–,–,–,–,–,8.46,–,11.3,–,7.45,147.0,117.0,46.0,5.24,126.0,103.0,38.6,–,–,–,10400,–,192,–,–,–,–,–,–,–,–,–,–,–,–,–,–,–,–,–,–,–,–,–,–,–,–,–,–,–,–,–,–,–,–,1.52
HSS,HSS5X4X.313,HSS5X4X5/16,–,16.96,4.68,–,–,5,4.13,–,–,–,4,3.13,–,–,–,–,–,–,–,0.3125,0.291,–,–,–,–,–,–,–,–,–,–,10.7,–,14.2,–,15.8,7.79,6.32,1.84,11.1,6.67,5.57,1.54,–,,–,21.7,–,10.1,–,–,–,–,–,–,–,–,–,–,–,–,–,–,–,–,–,–,–,–,–,–,–,–,–,–,–,–,–,–,–,–,HSS127X101.6X7.9,HSS127X101.6X7.9,25.2,3020,–,–,127,105,–,–,–,102,79.5,–,–,–,–,–,–,–,7.94,7.39,–,–,–,–,–,–,–,–,–,–,10.7,–,14.2,–,6.58,128.0,104.0,46.7,4.62,109.0,91.3,39.1,–,–,–,9030,–,166,–,–,–,–,–,–,–,–,–,–,–,–,–,–,–,–,–,–,–,–,–,–,–,–,–,–,–,–,–,–,–,–,1.54
HSS,HSS5X4X.250,HSS5X4X1/4,–,13.91,3.84,–,–,5,4.3,–,–,–,4,3.3,–,–,–,–,–,–,–,0.25,0.233,–,–,–,–,–,–,–,–,–,–,14.2,–,18.5,–,13.4,6.49,5.35,1.87,9.46,5.57,4.73,1.57,–,,–,18,–,8.32,–,–,–,–,–,–,–,–,–,–,–,–,–,–,–,–,–,–,–,–,–,–,–,–,–,–,–,–,–,–,–,–,HSS127X101.6X6.4,HSS127X101.6X6.4,20.7,2480,–,–,127,109,–,–,–,102,83.8,–,–,–,–,–,–,–,6.35,5.92,–,–,–,–,–,–,–,–,–,–,14.2,–,18.5,–,5.58,106.0,87.7,47.5,3.94,91.3,77.5,39.9,–,–,–,7490,–,136,–,–,–,–,–,–,–,–,–,–,–,–,–,–,–,–,–,–,–,–,–,–,–,–,–,–,–,–,–,–,–,–,1.57
HSS,HSS5X4X.188,HSS5X4X3/16,–,10.7,2.93,–,–,5,4.48,–,–,–,4,3.48,–,–,–,–,–,–,–,0.1875,0.174,–,–,–,–,–,–,–,–,–,–,20,–,25.7,–,10.6,5.05,4.22,1.9,7.48,4.34,3.74,1.6,–,,–,14,–,6.41,–,–,–,–,–,–,–,–,–,–,–,–,–,–,–,–,–,–,–,–,–,–,–,–,–,–,–,–,–,–,–,–,HSS127X101.6X4.8,HSS127X101.6X4.8,15.9,1890,–,–,127,114,–,–,–,102,88.4,–,–,–,–,–,–,–,4.76,4.42,–,–,–,–,–,–,–,–,–,–,20,–,25.7,–,4.41,82.8,69.2,48.3,3.11,71.1,61.3,40.6,–,–,–,5830,–,105,–,–,–,–,–,–,–,–,–,–,–,–,–,–,–,–,–,–,–,–,–,–,–,–,–,–,–,–,–,–,–,–,1.6
HSS,HSS5X4X.125,HSS5X4X1/8,–,7.31,2.0,–,–,5,4.65,–,–,–,4,3.65,–,–,–,–,–,–,–,0.125,0.116,–,–,–,–,–,–,–,–,–,–,31.5,–,40.1,–,7.42,3.5,2.97,1.93,5.27,3.01,2.64,1.62,–,,–,9.66,–,4.39,–,–,–,–,–,–,–,–,–,–,–,–,–,–,–,–,–,–,–,–,–,–,–,–,–,–,–,–,–,–,–,–,HSS127X101.6X3.2,HSS127X101.6X3.2,10.9,1290,–,–,127,118,–,–,–,102,92.7,–,–,–,–,–,–,–,3.18,2.95,–,–,–,–,–,–,–,–,–,–,31.5,–,40.1,–,3.09,57.4,48.7,49.0,2.19,49.3,43.3,41.1,–,–,–,4020,–,71.9,–,–,–,–,–,–,–,–,–,–,–,–,–,–,–,–,–,–,–,–,–,–,–,–,–,–,–,–,–,–,–,–,1.62
HSS,HSS5X3X.500,HSS5X3X1/2,–,21.63,6.02,–,–,5,3.6,–,–,–,3,1.6,–,–,–,–,–,–,–,0.5,0.465,–,–,–,–,–,–,–,–,–,–,3.45,–,7.75,–,16.4,8.83,6.57,1.65,7.18,6.1,4.78,1.09,–,,–,17.6,–,10.3,–,–,–,–,–,–,–,–,–,–,–,–,–,–,–,–,–,–,–,–,–,–,–,–,–,–,–,–,–,–,–,–,HSS127X76.2X12.7,HSS127X76.2X12.7,32.0,3880,–,–,127,91.4,–,–,–,76.2,40.6,–,–,–,–,–,–,–,12.7,11.8,–,–,–,–,–,–,–,–,–,–,3.45,–,7.75,–,6.83,145.0,108.0,41.9,2.99,100.0,78.3,27.7,–,–,–,7330,–,169,–,–,–,–,–,–,–,–,–,–,–,–,–,–,–,–,–,–,–,–,–,–,–,–,–,–,–,–,–,–,–,–,1.09
HSS,HSS5X3X.375,HSS5X3X3/8,–,17.27,4.78,–,–,5,3.95,–,–,–,3,1.95,–,–,–,–,–,–,–,0.375,0.349,–,–,–,–,–,–,–,–,–,–,5.6,–,11.3,–,14.1,7.34,5.65,1.72,6.25,5.1,4.16,1.14,–,,–,14.9,–,8.44,–,–,–,–,–,–,–,–,–,–,–,–,–,–,–,–,–,–,–,–,–,–,–,–,–,–,–,–,–,–,–,–,HSS127X76.2X9.5,HSS127X76.2X9.5,25.6,3080,–,–,127,100,–,–,–,76.2,49.5,–,–,–,–,–,–,–,9.53,8.86,–,–,–,–,–,–,–,–,–,–,5.6,–,11.3,–,5.87,120.0,92.6,43.7,2.6,83.6,68.2,29.0,–,–,–,6200,–,138,–,–,–,–,–,–,–,–,–,–,–,–,–,–,–,–,–,–,–,–,–,–,–,–,–,–,–,–,–,–,–,–,1.14
HSS,HSS5X3X.313,HSS5X3X5/16,–,14.83,4.1,–,–,5,4.13,–,–,–,3,2.13,–,–,–,–,–,–,–,0.3125,0.291,–,–,–,–,–,–,–,–,–,–,7.31,–,14.2,–,12.6,6.42,5.03,1.75,5.6,4.48,3.73,1.17,–,,–,13.1,–,7.33,–,–,–,–,–,–,–,–,–,–,–,–,–,–,–,–,–,–,–,–,–,–,–,–,–,–,–,–,–,–,–,–,HSS127X76.2X7.9,HSS127X76.2X7.9,22.0,2650,–,–,127,105,–,–,–,76.2,54.1,–,–,–,–,–,–,–,7.94,7.39,–,–,–,–,–,–,–,–,–,–,7.31,–,14.2,–,5.24,105.0,82.4,44.5,2.33,73.4,61.1,29.7,–,–,–,5450,–,120,–,–,–,–,–,–,–,–,–,–,–,–,–,–,–,–,–,–,–,–,–,–,–,–,–,–,–,–,–,–,–,–,1.17
HSS,HSS5X3X.250,HSS5X3X1/4,–,12.21,3.37,–,–,5,4.3,–,–,–,3,2.3,–,–,–,–,–,–,–,0.25,0.233,–,–,–,–,–,–,–,–,–,–,9.88,–,18.5,–,10.7,5.38,4.29,1.78,4.81,3.77,3.21,1.19,–,,–,11,–,6.1,–,–,–,–,–,–,–,–,–,–,–,–,–,–,–,–,–,–,–,–,–,–,–,–,–,–,–,–,–,–,–,–,HSS127X76.2X6.4,HSS127X76.2X6.4,18.1,2170,–,–,127,109,–,–,–,76.2,58.4,–,–,–,–,–,–,–,6.35,5.92,–,–,–,–,–,–,–,–,–,–,9.88,–,18.5,–,4.45,88.2,70.3,45.2,2.0,61.8,52.6,30.2,–,–,–,4580,–,100,–,–,–,–,–,–,–,–,–,–,–,–,–,–,–,–,–,–,–,–,–,–,–,–,–,–,–,–,–,–,–,–,1.19
HSS,HSS5X3X.188,HSS5X3X3/16,–,9.42,2.58,–,–,5,4.48,–,–,–,3,2.48,–,–,–,–,–,–,–,0.1875,0.174,–,–,–,–,–,–,–,–,–,–,14.2,–,25.7,–,8.53,4.21,3.41,1.82,3.85,2.96,2.57,1.22,–,,–,8.64,–,4.73,–,–,–,–,–,–,–,–,–,–,–,–,–,–,–,–,–,–,–,–,–,–,–,–,–,–,–,–,–,–,–,–,HSS127X76.2X4.8,HSS127X76.2X4.8,14.0,1660,–,–,127,114,–,–,–,76.2,63,–,–,–,–,–,–,–,4.76,4.42,–,–,–,–,–,–,–,–,–,–,14.2,–,25.7,–,3.55,69.0,55.9,46.2,1.6,48.5,42.1,31.0,–,–,–,3600,–,77.5,–,–,–,–,–,–,–,–,–,–,–,–,–,–,–,–,–,–,–,–,–,–,–,–,–,–,–,–,–,–,–,–,1.22
HSS,HSS5X3X.125,HSS5X3X1/8,–,6.46,1.77,–,–,5,4.65,–,–,–,3,2.65,–,–,–,–,–,–,–,0.125,0.116,–,–,–,–,–,–,–,–,–,–,22.9,–,40.1,–,6.03,2.93,2.41,1.85,2.75,2.07,1.83,1.25,–,,–,6.02,–,3.26,–,–,–,–,–,–,–,–,–,–,–,–,–,–,–,–,–,–,–,–,–,–,–,–,–,–,–,–,–,–,–,–,HSS127X76.2X3.2,HSS127X76.2X3.2,9.59,1140,–,–,127,118,–,–,–,76.2,67.3,–,–,–,–,–,–,–,3.18,2.95,–,–,–,–,–,–,–,–,–,–,22.9,–,40.1,–,2.51,48.0,39.5,47.0,1.14,33.9,30.0,31.8,–,–,–,2510,–,53.4,–,–,–,–,–,–,–,–,–,–,–,–,–,–,–,–,–,–,–,–,–,–,–,–,–,–,–,–,–,–,–,–,1.25
HSS,HSS5X2-1/2X.250,HSS5X2-1/2X1/4,–,11.36,3.14,–,–,5,4.3,–,–,–,2.5,1.8,–,–,–,–,–,–,–,0.25,0.233,–,–,–,–,–,–,–,–,–,–,7.73,–,18.5,–,9.4,4.83,3.76,1.73,3.13,2.95,2.5,0.999,–,,–,7.93,–,4.99,–,–,–,–,–,–,–,–,–,–,–,–,–,–,–,–,–,–,–,–,–,–,–,–,–,–,–,–,–,–,–,–,HSS127X63.5X6.4,HSS127X63.5X6.4,16.9,2030,–,–,127,109,–,–,–,63.5,45.7,–,–,–,–,–,–,–,6.35,5.92,–,–,–,–,–,–,–,–,–,–,7.73,–,18.5,–,3.91,79.1,61.6,43.9,1.3,48.3,41.0,25.4,–,–,–,3300,–,81.8,–,–,–,–,–,–,–,–,–,–,–,–,–,–,–,–,–,–,–,–,–,–,–,–,–,–,–,–,–,–,–,–,0.999
HSS,HSS5X2-1/2X.188,HSS5X2-1/2X3/16,–,8.78,2.41,–,–,5,4.48,–,–,–,2.5,1.98,–,–,–,–,–,–,–,0.1875,0.174,–,–,–,–,–,–,–,–,–,–,11.4,–,25.7,–,7.51,3.79,3.01,1.77,2.53,2.33,2.03,1.02,–,,–,6.26,–,3.89,–,–,–,–,–,–,–,–,–,–,–,–,–,–,–,–,–,–,–,–,–,–,–,–,–,–,–,–,–,–,–,–,HSS127X63.5X4.8,HSS127X63.5X4.8,13.1,1550,–,–,127,114,–,–,–,63.5,50.3,–,–,–,–,–,–,–,4.76,4.42,–,–,–,–,–,–,–,–,–,–,11.4,–,25.7,–,3.13,62.1,49.3,45.0,1.05,38.2,33.3,25.9,–,–,–,2610,–,63.7,–,–,–,–,–,–,–,–,–,–,–,–,–,–,–,–,–,–,–,–,–,–,–,–,–,–,–,–,–,–,–,–,1.02
HSS,HSS5X2-1/2X.125,HSS5X2-1/2X1/8,–,6.03,1.65,–,–,5,4.65,–,–,–,2.5,2.15,–,–,–,–,–,–,–,0.125,0.116,–,–,–,–,–,–,–,–,–,–,18.6,–,40.1,–,5.34,2.65,2.14,1.8,1.82,1.64,1.46,1.05,–,,–,4.4,–,2.7,–,–,–,–,–,–,–,–,–,–,–,–,–,–,–,–,–,–,–,–,–,–,–,–,–,–,–,–,–,–,–,–,HSS127X63.5X3.2,HSS127X63.5X3.2,8.96,1060,–,–,127,118,–,–,–,63.5,54.6,–,–,–,–,–,–,–,3.18,2.95,–,–,–,–,–,–,–,–,–,–,18.6,–,40.1,–,2.22,43.4,35.1,45.7,0.758,26.9,23.9,26.7,–,–,–,1830,–,44.2,–,–,–,–,–,–,–,–,–,–,–,–,–,–,–,–,–,–,–,–,–,–,–,–,–,–,–,–,–,–,–,–,1.05
HSS,HSS5X2X.375,HSS5X2X3/8,–,14.72,4.09,–,–,5,3.95,–,–,–,2,0.953,–,–,–,–,–,–,–,0.375,0.349,–,–,–,–,–,–,–,–,–,–,2.73,–,11.3,–,10.4,5.71,4.14,1.59,2.28,2.88,2.28,0.748,–,,–,6.61,–,5.2,–,–,–,–,–,–,–,–,–,–,–,–,–,–,–,–,–,–,–,–,–,–,–,–,–,–,–,–,–,–,–,–,HSS127X50.8X9.5,HSS127X50.8X9.5,21.8,2640,–,–,127,100,–,–,–,50.8,24.2,–,–,–,–,–,–,–,9.53,8.86,–,–,–,–,–,–,–,–,–,–,2.73,–,11.3,–,4.33,93.6,67.8,40.4,0.949,47.2,37.4,19.0,–,–,–,2750,–,85.2,–,–,–,–,–,–,–,–,–,–,–,–,–,–,–,–,–,–,–,–,–,–,–,–,–,–,–,–,–,–,–,–,0.748
HSS,HSS5X2X.313,HSS5X2X5/16,–,12.7,3.52,–,–,5,4.13,–,–,–,2,1.13,–,–,–,–,–,–,–,0.3125,0.291,–,–,–,–,–,–,–,–,–,–,3.87,–,14.2,–,9.35,5.05,3.74,1.63,2.1,2.57,2.1,0.772,–,,–,5.99,–,4.59,–,–,–,–,–,–,–,–,–,–,–,–,–,–,–,–,–,–,–,–,–,–,–,–,–,–,–,–,–,–,–,–,HSS127X50.8X7.9,HSS127X50.8X7.9,18.8,2270,–,–,127,105,–,–,–,50.8,28.7,–,–,–,–,–,–,–,7.94,7.39,–,–,–,–,–,–,–,–,–,–,3.87,–,14.2,–,3.89,82.8,61.3,41.4,0.874,42.1,34.4,19.6,–,–,–,2490,–,75.2,–,–,–,–,–,–,–,–,–,–,–,–,–,–,–,–,–,–,–,–,–,–,–,–,–,–,–,–,–,–,–,–,0.772
HSS,HSS5X2X.250,HSS5X2X1/4,–,10.51,2.91,–,–,5,4.3,–,–,–,2,1.3,–,–,–,–,–,–,–,0.25,0.233,–,–,–,–,–,–,–,–,–,–,5.58,–,18.5,–,8.08,4.27,3.23,1.67,1.84,2.2,1.84,0.797,–,,–,5.17,–,3.88,–,–,–,–,–,–,–,–,–,–,–,–,–,–,–,–,–,–,–,–,–,–,–,–,–,–,–,–,–,–,–,–,HSS127X50.8X6.4,HSS127X50.8X6.4,15.6,1880,–,–,127,109,–,–,–,50.8,33,–,–,–,–,–,–,–,6.35,5.92,–,–,–,–,–,–,–,–,–,–,5.58,–,18.5,–,3.36,70.0,52.9,42.4,0.766,36.1,30.2,20.2,–,–,–,2150,–,63.6,–,–,–,–,–,–,–,–,–,–,–,–,–,–,–,–,–,–,–,–,–,–,–,–,–,–,–,–,–,–,–,–,0.797
HSS,HSS5X2X.188,HSS5X2X3/16,–,8.15,2.24,–,–,5,4.48,–,–,–,2,1.48,–,–,–,–,–,–,–,0.1875,0.174,–,–,–,–,–,–,–,–,–,–,8.49,–,25.7,–,6.5,3.37,2.6,1.7,1.51,1.75,1.51,0.823,–,,–,4.15,–,3.05,–,–,–,–,–,–,–,–,–,–,–,–,–,–,–,–,–,–,–,–,–,–,–,–,–,–,–,–,–,–,–,–,HSS127X50.8X4.8,HSS127X50.8X4.8,12.1,1450,–,–,127,114,–,–,–,50.8,37.6,–,–,–,–,–,–,–,4.76,4.42,–,–,–,–,–,–,–,–,–,–,8.49,–,25.7,–,2.71,55.2,42.6,43.2,0.629,28.7,24.7,20.9,–,–,–,1730,–,50,–,–,–,–,–,–,–,–,–,–,–,–,–,–,–,–,–,–,–,–,–,–,–,–,–,–,–,–,–,–,–,–,0.823
HSS,HSS5X2X.125,HSS5X2X1/8,–,5.61,1.54,–,–,5,4.65,–,–,–,2,1.65,–,–,–,–,–,–,–,0.125,0.116,–,–,–,–,–,–,–,–,–,–,14.2,–,40.1,–,4.65,2.37,1.86,1.74,1.1,1.24,1.1,0.848,–,,–,2.95,–,2.13,–,–,–,–,–,–,–,–,–,–,–,–,–,–,–,–,–,–,–,–,–,–,–,–,–,–,–,–,–,–,–,–,HSS127X50.8X3.2,HSS127X50.8X3.2,8.33,994,–,–,127,118,–,–,–,50.8,41.9,–,–,–,–,–,–,–,3.18,2.95,–,–,–,–,–,–,–,–,–,–,14.2,–,40.1,–,1.94,38.8,30.5,44.2,0.458,20.3,18.0,21.5,–,–,–,1230,–,34.9,–,–,–,–,–,–,–,–,–,–,–,–,–,–,–,–,–,–,–,–,–,–,–,–,–,–,–,–,–,–,–,–,0.848
HSS,HSS4-1/2X4-1/2X.500,HSS4-1/2X4-1/2X1/2,–,25.03,6.95,–,–,4.5,3.1,–,–,–,4.5,3.1,–,–,–,–,–,–,–,0.5,0.465,–,–,–,–,–,–,–,–,–,–,6.68,–,6.68,–,18.1,10.2,8.03,1.61,18.1,10.2,8.03,1.61,–,,–,31.3,–,14.8,–,–,–,–,–,–,–,–,–,–,–,–,–,–,–,–,–,–,–,–,–,–,–,–,–,–,–,–,–,–,–,–,HSS114.3X114.3X12.7,HSS114.3X114.3X12.7,37.1,4480,–,–,114,78.7,–,–,–,114,78.7,–,–,–,–,–,–,–,12.7,11.8,–,–,–,–,–,–,–,–,–,–,6.68,–,6.68,–,7.53,167.0,132.0,40.9,7.53,167.0,132.0,40.9,–,–,–,13000,–,243,–,–,–,–,–,–,–,–,–,–,–,–,–,–,–,–,–,–,–,–,–,–,–,–,–,–,–,–,–,–,–,–,1.61
HSS,HSS4-1/2X4-1/2X.375,HSS4-1/2X4-1/2X3/8,–,19.82,5.48,–,–,4.5,3.45,–,–,–,4.5,3.45,–,–,–,–,–,–,–,0.375,0.349,–,–,–,–,–,–,–,–,–,–,9.89,–,9.89,–,15.3,8.36,6.79,1.67,15.3,8.36,6.79,1.67,–,,–,25.7,–,11.9,–,–,–,–,–,–,–,–,–,–,–,–,–,–,–,–,–,–,–,–,–,–,–,–,–,–,–,–,–,–,–,–,HSS114.3X114.3X9.5,HSS114.3X114.3X9.5,29.4,3540,–,–,114,87.6,–,–,–,114,87.6,–,–,–,–,–,–,–,9.53,8.86,–,–,–,–,–,–,–,–,–,–,9.89,–,9.89,–,6.37,137.0,111.0,42.4,6.37,137.0,111.0,42.4,–,–,–,10700,–,195,–,–,–,–,–,–,–,–,–,–,–,–,–,–,–,–,–,–,–,–,–,–,–,–,–,–,–,–,–,–,–,–,1.67
HSS,HSS4-1/2X4-1/2X.313,HSS4-1/2X4-1/2X5/16,–,16.96,4.68,–,–,4.5,3.63,–,–,–,4.5,3.63,–,–,–,–,–,–,–,0.3125,0.291,–,–,–,–,–,–,–,–,–,–,12.5,–,12.5,–,13.5,7.27,6.0,1.7,13.5,7.27,6.0,1.7,–,,–,22.3,–,10.2,–,–,–,–,–,–,–,–,–,–,–,–,–,–,–,–,–,–,–,–,–,–,–,–,–,–,–,–,–,–,–,–,HSS114.3X114.3X7.9,HSS114.3X114.3X7.9,25.2,3020,–,–,114,92.2,–,–,–,114,92.2,–,–,–,–,–,–,–,7.94,7.39,–,–,–,–,–,–,–,–,–,–,12.5,–,12.5,–,5.62,119.0,98.3,43.2,5.62,119.0,98.3,43.2,–,–,–,9280,–,167,–,–,–,–,–,–,–,–,–,–,–,–,–,–,–,–,–,–,–,–,–,–,–,–,–,–,–,–,–,–,–,–,1.7
HSS,HSS4-1/2X4-1/2X.250,HSS4-1/2X4-1/2X1/4,–,13.91,3.84,–,–,4.5,3.8,–,–,–,4.5,3.8,–,–,–,–,–,–,–,0.25,0.233,–,–,–,–,–,–,–,–,–,–,16.3,–,16.3,–,11.4,6.06,5.08,1.73,11.4,6.06,5.08,1.73,–,,–,18.5,–,8.44,–,–,–,–,–,–,–,–,–,–,–,–,–,–,–,–,–,–,–,–,–,–,–,–,–,–,–,–,–,–,–,–,HSS114.3X114.3X6.4,HSS114.3X114.3X6.4,20.7,2480,–,–,114,96.5,–,–,–,114,96.5,–,–,–,–,–,–,–,6.35,5.92,–,–,–,–,–,–,–,–,–,–,16.3,–,16.3,–,4.75,99.3,83.2,43.9,4.75,99.3,83.2,43.9,–,–,–,7700,–,138,–,–,–,–,–,–,–,–,–,–,–,–,–,–,–,–,–,–,–,–,–,–,–,–,–,–,–,–,–,–,–,–,1.73
HSS,HSS4-1/2X4-1/2X.188,HSS4-1/2X4-1/2X3/16,–,10.7,2.93,–,–,4.5,3.98,–,–,–,4.5,3.98,–,–,–,–,–,–,–,0.1875,0.174,–,–,–,–,–,–,–,–,–,–,22.9,–,22.9,–,9.02,4.71,4.01,1.75,9.02,4.71,4.01,1.75,–,,–,14.4,–,6.49,–,–,–,–,–,–,–,–,–,–,–,–,–,–,–,–,–,–,–,–,–,–,–,–,–,–,–,–,–,–,–,–,HSS114.3X114.3X4.8,HSS114.3X114.3X4.8,15.9,1890,–,–,114,101,–,–,–,114,101,–,–,–,–,–,–,–,4.76,4.42,–,–,–,–,–,–,–,–,–,–,22.9,–,22.9,–,3.75,77.2,65.7,44.5,3.75,77.2,65.7,44.5,–,–,–,5990,–,106,–,–,–,–,–,–,–,–,–,–,–,–,–,–,–,–,–,–,–,–,–,–,–,–,–,–,–,–,–,–,–,–,1.75
HSS,HSS4-1/2X4-1/2X.125,HSS4-1/2X4-1/2X1/8,–,7.31,2.0,–,–,4.5,4.15,–,–,–,4.5,4.15,–,–,–,–,–,–,–,0.125,0.116,–,–,–,–,–,–,–,–,–,–,35.8,–,35.8,–,6.35,3.27,2.82,1.78,6.35,3.27,2.82,1.78,–,,–,9.92,–,4.45,–,–,–,–,–,–,–,–,–,–,–,–,–,–,–,–,–,–,–,–,–,–,–,–,–,–,–,–,–,–,–,–,HSS114.3X114.3X3.2,HSS114.3X114.3X3.2,10.9,1290,–,–,114,105,–,–,–,114,105,–,–,–,–,–,–,–,3.18,2.95,–,–,–,–,–,–,–,–,–,–,35.8,–,35.8,–,2.64,53.6,46.2,45.2,2.64,53.6,46.2,45.2,–,–,–,4130,–,72.9,–,–,–,–,–,–,–,–,–,–,–,–,–,–,–,–,–,–,–,–,–,–,–,–,–,–,–,–,–,–,–,–,1.78
HSS,HSS4X4X.500,HSS4X4X1/2,–,21.63,6.02,–,–,4,2.6,–,–,–,4,2.6,–,–,–,–,–,–,–,0.5,0.465,–,–,–,–,–,–,–,–,–,–,5.6,–,5.6,–,11.9,7.7,5.97,1.41,11.9,7.7,5.97,1.41,–,,–,21,–,11.2,–,–,–,–,–,–,–,–,–,–,–,–,–,–,–,–,–,–,–,–,–,–,–,–,–,–,–,–,–,–,–,–,HSS101.6X101.6X12.7,HSS101.6X101.6X12.7,32.0,3880,–,–,102,66,–,–,–,102,66,–,–,–,–,–,–,–,12.7,11.8,–,–,–,–,–,–,–,–,–,–,5.6,–,5.6,–,4.95,126.0,97.8,35.8,4.95,126.0,97.8,35.8,–,–,–,8740,–,184,–,–,–,–,–,–,–,–,–,–,–,–,–,–,–,–,–,–,–,–,–,–,–,–,–,–,–,–,–,–,–,–,1.41
HSS,HSS4X4X.375,HSS4X4X3/8,–,17.27,4.78,–,–,4,2.95,–,–,–,4,2.95,–,–,–,–,–,–,–,0.375,0.349,–,–,–,–,–,–,–,–,–,–,8.46,–,8.46,–,10.3,6.39,5.13,1.47,10.3,6.39,5.13,1.47,–,,–,17.5,–,9.14,–,–,–,–,–,–,–,–,–,–,–,–,–,–,–,–,–,–,–,–,–,–,–,–,–,–,–,–,–,–,–,–,HSS101.6X101.6X9.5,HSS101.6X101.6X9.5,25.6,3080,–,–,102,74.9,–,–,–,102,74.9,–,–,–,–,–,–,–,9.53,8.86,–,–,–,–,–,–,–,–,–,–,8.46,–,8.46,–,4.29,105.0,84.1,37.3,4.29,105.0,84.1,37.3,–,–,–,7280,–,150,–,–,–,–,–,–,–,–,–,–,–,–,–,–,–,–,–,–,–,–,–,–,–,–,–,–,–,–,–,–,–,–,1.47
HSS,HSS4X4X.313,HSS4X4X5/16,–,14.83,4.1,–,–,4,3.13,–,–,–,4,3.13,–,–,–,–,–,–,–,0.3125,0.291,–,–,–,–,–,–,–,–,–,–,10.7,–,10.7,–,9.14,5.59,4.57,1.49,9.14,5.59,4.57,1.49,–,,–,15.3,–,7.91,–,–,–,–,–,–,–,–,–,–,–,–,–,–,–,–,–,–,–,–,–,–,–,–,–,–,–,–,–,–,–,–,HSS101.6X101.6X7.9,HSS101.6X101.6X7.9,22.0,2650,–,–,102,79.5,–,–,–,102,79.5,–,–,–,–,–,–,–,7.94,7.39,–,–,–,–,–,–,–,–,–,–,10.7,–,10.7,–,3.8,91.6,74.9,37.8,3.8,91.6,74.9,37.8,–,–,–,6370,–,130,–,–,–,–,–,–,–,–,–,–,–,–,–,–,–,–,–,–,–,–,–,–,–,–,–,–,–,–,–,–,–,–,1.49
HSS,HSS4X4X.250,HSS4X4X1/4,–,12.21,3.37,–,–,4,3.3,–,–,–,4,3.3,–,–,–,–,–,–,–,0.25,0.233,–,–,–,–,–,–,–,–,–,–,14.2,–,14.2,–,7.8,4.69,3.9,1.52,7.8,4.69,3.9,1.52,–,,–,12.8,–,6.56,–,–,–,–,–,–,–,–,–,–,–,–,–,–,–,–,–,–,–,–,–,–,–,–,–,–,–,–,–,–,–,–,HSS101.6X101.6X6.4,HSS101.6X101.6X6.4,18.1,2170,–,–,102,83.8,–,–,–,102,83.8,–,–,–,–,–,–,–,6.35,5.92,–,–,–,–,–,–,–,–,–,–,14.2,–,14.2,–,3.25,76.9,63.9,38.6,3.25,76.9,63.9,38.6,–,–,–,5330,–,107,–,–,–,–,–,–,–,–,–,–,–,–,–,–,–,–,–,–,–,–,–,–,–,–,–,–,–,–,–,–,–,–,1.52
HSS,HSS4X4X.188,HSS4X4X3/16,–,9.42,2.58,–,–,4,3.48,–,–,–,4,3.48,–,–,–,–,–,–,–,0.1875,0.174,–,–,–,–,–,–,–,–,–,–,20,–,20,–,6.21,3.67,3.1,1.55,6.21,3.67,3.1,1.55,–,,–,10,–,5.07,–,–,–,–,–,–,–,–,–,–,–,–,–,–,–,–,–,–,–,–,–,–,–,–,–,–,–,–,–,–,–,–,HSS101.6X101.6X4.8,HSS101.6X101.6X4.8,14.0,1660,–,–,102,88.4,–,–,–,102,88.4,–,–,–,–,–,–,–,4.76,4.42,–,–,–,–,–,–,–,–,–,–,20,–,20,–,2.58,60.1,50.8,39.4,2.58,60.1,50.8,39.4,–,–,–,4160,–,83.1,–,–,–,–,–,–,–,–,–,–,–,–,–,–,–,–,–,–,–,–,–,–,–,–,–,–,–,–,–,–,–,–,1.55
HSS,HSS4X4X.125,HSS4X4X1/8,–,6.46,1.77,–,–,4,3.65,–,–,–,4,3.65,–,–,–,–,–,–,–,0.125,0.116,–,–,–,–,–,–,–,–,–,–,31.5,–,31.5,–,4.4,2.56,2.2,1.58,4.4,2.56,2.2,1.58,–,,–,6.91,–,3.49,–,–,–,–,–,–,–,–,–,–,–,–,–,–,–,–,–,–,–,–,–,–,–,–,–,–,–,–,–,–,–,–,HSS101.6X101.6X3.2,HSS101.6X101.6X3.2,9.59,1140,–,–,102,92.7,–,–,–,102,92.7,–,–,–,–,–,–,–,3.18,2.95,–,–,–,–,–,–,–,–,–,–,31.5,–,31.5,–,1.83,42.0,36.1,40.1,1.83,42.0,36.1,40.1,–,–,–,2880,–,57.2,–,–,–,–,–,–,–,–,–,–,–,–,–,–,–,–,–,–,–,–,–,–,–,–,–,–,–,–,–,–,–,–,1.58
HSS,HSS4X3X.375,HSS4X3X3/8,–,14.72,4.09,–,–,4,2.95,–,–,–,3,1.95,–,–,–,–,–,–,–,0.375,0.349,–,–,–,–,–,–,–,–,–,–,5.6,–,8.46,–,7.93,5.12,3.97,1.39,5.01,4.18,3.34,1.11,–,,–,10.6,–,6.59,–,–,–,–,–,–,–,–,–,–,–,–,–,–,–,–,–,–,–,–,–,–,–,–,–,–,–,–,–,–,–,–,HSS101.6X76.2X9.5,HSS101.6X76.2X9.5,21.8,2640,–,–,102,74.9,–,–,–,76.2,49.5,–,–,–,–,–,–,–,9.53,8.86,–,–,–,–,–,–,–,–,–,–,5.6,–,8.46,–,3.3,83.9,65.1,35.3,2.09,68.5,54.7,28.2,–,–,–,4410,–,108,–,–,–,–,–,–,–,–,–,–,–,–,–,–,–,–,–,–,–,–,–,–,–,–,–,–,–,–,–,–,–,–,1.11
HSS,HSS4X3X.313,HSS4X3X5/16,–,12.7,3.52,–,–,4,3.13,–,–,–,3,2.13,–,–,–,–,–,–,–,0.3125,0.291,–,–,–,–,–,–,–,–,–,–,7.31,–,10.7,–,7.14,4.51,3.57,1.42,4.52,3.69,3.02,1.13,–,,–,9.41,–,5.75,–,–,–,–,–,–,–,–,–,–,–,–,–,–,–,–,–,–,–,–,–,–,–,–,–,–,–,–,–,–,–,–,HSS101.6X76.2X7.9,HSS101.6X76.2X7.9,18.8,2270,–,–,102,79.5,–,–,–,76.2,54.1,–,–,–,–,–,–,–,7.94,7.39,–,–,–,–,–,–,–,–,–,–,7.31,–,10.7,–,2.97,73.9,58.5,36.1,1.88,60.5,49.5,28.7,–,–,–,3920,–,94.2,–,–,–,–,–,–,–,–,–,–,–,–,–,–,–,–,–,–,–,–,–,–,–,–,–,–,–,–,–,–,–,–,1.13
HSS,HSS4X3X.250,HSS4X3X1/4,–,10.51,2.91,–,–,4,3.3,–,–,–,3,2.3,–,–,–,–,–,–,–,0.25,0.233,–,–,–,–,–,–,–,–,–,–,9.88,–,14.2,–,6.15,3.81,3.07,1.45,3.91,3.12,2.61,1.16,–,,–,7.96,–,4.81,–,–,–,–,–,–,–,–,–,–,–,–,–,–,–,–,–,–,–,–,–,–,–,–,–,–,–,–,–,–,–,–,HSS101.6X76.2X6.4,HSS101.6X76.2X6.4,15.6,1880,–,–,102,83.8,–,–,–,76.2,58.4,–,–,–,–,–,–,–,6.35,5.92,–,–,–,–,–,–,–,–,–,–,9.88,–,14.2,–,2.56,62.4,50.3,36.8,1.63,51.1,42.8,29.5,–,–,–,3310,–,78.8,–,–,–,–,–,–,–,–,–,–,–,–,–,–,–,–,–,–,–,–,–,–,–,–,–,–,–,–,–,–,–,–,1.16
HSS,HSS4X3X.188,HSS4X3X3/16,–,8.15,2.24,–,–,4,3.48,–,–,–,3,2.48,–,–,–,–,–,–,–,0.1875,0.174,–,–,–,–,–,–,–,–,–,–,14.2,–,20,–,4.93,3.0,2.47,1.49,3.16,2.46,2.1,1.19,–,,–,6.26,–,3.74,–,–,–,–,–,–,–,–,–,–,–,–,–,–,–,–,–,–,–,–,–,–,–,–,–,–,–,–,–,–,–,–,HSS101.6X76.2X4.8,HSS101.6X76.2X4.8,12.1,1450,–,–,102,88.4,–,–,–,76.2,63,–,–,–,–,–,–,–,4.76,4.42,–,–,–,–,–,–,–,–,–,–,14.2,–,20,–,2.05,49.2,40.5,37.8,1.32,40.3,34.4,30.2,–,–,–,2610,–,61.3,–,–,–,–,–,–,–,–,–,–,–,–,–,–,–,–,–,–,–,–,–,–,–,–,–,–,–,–,–,–,–,–,1.19
HSS,HSS4X3X.125,HSS4X3X1/8,–,5.61,1.54,–,–,4,3.65,–,–,–,3,2.65,–,–,–,–,–,–,–,0.125,0.116,–,–,–,–,–,–,–,–,–,–,22.9,–,31.5,–,3.52,2.11,1.76,1.52,2.27,1.73,1.51,1.21,–,,–,4.38,–,2.59,–,–,–,–,–,–,–,–,–,–,–,–,–,–,–,–,–,–,–,–,–,–,–,–,–,–,–,–,–,–,–,–,HSS101.6X76.2X3.2,HSS101.6X76.2X3.2,8.33,994,–,–,102,92.7,–,–,–,76.2,67.3,–,–,–,–,–,–,–,3.18,2.95,–,–,–,–,–,–,–,–,–,–,22.9,–,31.5,–,1.47,34.6,28.8,38.6,0.945,28.3,24.7,30.7,–,–,–,1820,–,42.4,–,–,–,–,–,–,–,–,–,–,–,–,–,–,–,–,–,–,–,–,–,–,–,–,–,–,–,–,–,–,–,–,1.21
HSS,HSS4X2-1/2X.250,HSS4X2-1/2X1/4,–,9.66,2.67,–,–,4,3.3,–,–,–,2.5,1.8,–,–,–,–,–,–,–,0.25,0.233,–,–,–,–,–,–,–,–,–,–,7.73,–,14.2,–,5.32,3.38,2.66,1.41,2.53,2.43,2.02,0.973,–,,–,5.78,–,3.93,–,–,–,–,–,–,–,–,–,–,–,–,–,–,–,–,–,–,–,–,–,–,–,–,–,–,–,–,–,–,–,–,HSS101.6X63.5X6.4,HSS101.6X63.5X6.4,14.3,1720,–,–,102,83.8,–,–,–,63.5,45.7,–,–,–,–,–,–,–,6.35,5.92,–,–,–,–,–,–,–,–,–,–,7.73,–,14.2,–,2.21,55.4,43.6,35.8,1.05,39.8,33.1,24.7,–,–,–,2410,–,64.4,–,–,–,–,–,–,–,–,–,–,–,–,–,–,–,–,–,–,–,–,–,–,–,–,–,–,–,–,–,–,–,–,0.973
HSS,HSS4X2-1/2X.188,HSS4X2-1/2X3/16,–,7.51,2.06,–,–,4,3.48,–,–,–,2.5,1.98,–,–,–,–,–,–,–,0.1875,0.174,–,–,–,–,–,–,–,–,–,–,11.4,–,20,–,4.3,2.67,2.15,1.44,2.06,1.93,1.65,0.999,–,,–,4.59,–,3.08,–,–,–,–,–,–,–,–,–,–,–,–,–,–,–,–,–,–,–,–,–,–,–,–,–,–,–,–,–,–,–,–,HSS101.6X63.5X4.8,HSS101.6X63.5X4.8,11.2,1330,–,–,102,88.4,–,–,–,63.5,50.3,–,–,–,–,–,–,–,4.76,4.42,–,–,–,–,–,–,–,–,–,–,11.4,–,20,–,1.79,43.8,35.2,36.6,0.857,31.6,27.0,25.4,–,–,–,1910,–,50.5,–,–,–,–,–,–,–,–,–,–,–,–,–,–,–,–,–,–,–,–,–,–,–,–,–,–,–,–,–,–,–,–,0.999
HSS,HSS4X2-1/2X.125,HSS4X2-1/2X1/8,–,5.18,1.42,–,–,4,3.65,–,–,–,2.5,2.15,–,–,–,–,–,–,–,0.125,0.116,–,–,–,–,–,–,–,–,–,–,18.6,–,31.5,–,3.09,1.88,1.54,1.47,1.49,1.36,1.19,1.03,–,,–,3.23,–,2.14,–,–,–,–,–,–,–,–,–,–,–,–,–,–,–,–,–,–,–,–,–,–,–,–,–,–,–,–,–,–,–,–,HSS101.6X63.5X3.2,HSS101.6X63.5X3.2,7.7,916,–,–,102,92.7,–,–,–,63.5,54.6,–,–,–,–,–,–,–,3.18,2.95,–,–,–,–,–,–,–,–,–,–,18.6,–,31.5,–,1.29,30.8,25.2,37.3,0.62,22.3,19.5,26.2,–,–,–,1340,–,35.1,–,–,–,–,–,–,–,–,–,–,–,–,–,–,–,–,–,–,–,–,–,–,–,–,–,–,–,–,–,–,–,–,1.03
HSS,HSS4X2X.375,HSS4X2X3/8,–,12.17,3.39,–,–,4,2.95,–,–,–,2,0.953,–,–,–,–,–,–,–,0.375,0.349,–,–,–,–,–,–,–,–,–,–,2.73,–,8.46,–,5.6,3.84,2.8,1.29,1.8,2.31,1.8,0.729,–,,–,4.83,–,4.04,–,–,–,–,–,–,–,–,–,–,–,–,–,–,–,–,–,–,–,–,–,–,–,–,–,–,–,–,–,–,–,–,HSS101.6X50.8X9.5,HSS101.6X50.8X9.5,18.0,2190,–,–,102,74.9,–,–,–,50.8,24.2,–,–,–,–,–,–,–,9.53,8.86,–,–,–,–,–,–,–,–,–,–,2.73,–,8.46,–,2.33,62.9,45.9,32.8,0.749,37.9,29.5,18.5,–,–,–,2010,–,66.2,–,–,–,–,–,–,–,–,–,–,–,–,–,–,–,–,–,–,–,–,–,–,–,–,–,–,–,–,–,–,–,–,0.729
HSS,HSS4X2X.313,HSS4X2X5/16,–,10.58,2.94,–,–,4,3.13,–,–,–,2,1.13,–,–,–,–,–,–,–,0.3125,0.291,–,–,–,–,–,–,–,–,–,–,3.87,–,10.7,–,5.13,3.43,2.56,1.32,1.67,2.08,1.67,0.754,–,,–,4.4,–,3.59,–,–,–,–,–,–,–,–,–,–,–,–,–,–,–,–,–,–,–,–,–,–,–,–,–,–,–,–,–,–,–,–,HSS101.6X50.8X7.9,HSS101.6X50.8X7.9,15.7,1900,–,–,102,79.5,–,–,–,50.8,28.7,–,–,–,–,–,–,–,7.94,7.39,–,–,–,–,–,–,–,–,–,–,3.87,–,10.7,–,2.14,56.2,42.0,33.5,0.695,34.1,27.4,19.2,–,–,–,1830,–,58.8,–,–,–,–,–,–,–,–,–,–,–,–,–,–,–,–,–,–,–,–,–,–,–,–,–,–,–,–,–,–,–,–,0.754
HSS,HSS4X2X.250,HSS4X2X1/4,–,8.81,2.44,–,–,4,3.3,–,–,–,2,1.3,–,–,–,–,–,–,–,0.25,0.233,–,–,–,–,–,–,–,–,–,–,5.58,–,14.2,–,4.49,2.94,2.25,1.36,1.48,1.79,1.48,0.779,–,,–,3.82,–,3.05,–,–,–,–,–,–,–,–,–,–,–,–,–,–,–,–,–,–,–,–,–,–,–,–,–,–,–,–,–,–,–,–,HSS101.6X50.8X6.4,HSS101.6X50.8X6.4,13.1,1570,–,–,102,83.8,–,–,–,50.8,33,–,–,–,–,–,–,–,6.35,5.92,–,–,–,–,–,–,–,–,–,–,5.58,–,14.2,–,1.87,48.2,36.9,34.5,0.616,29.3,24.3,19.8,–,–,–,1590,–,50,–,–,–,–,–,–,–,–,–,–,–,–,–,–,–,–,–,–,–,–,–,–,–,–,–,–,–,–,–,–,–,–,0.779
HSS,HSS4X2X.188,HSS4X2X3/16,–,6.87,1.89,–,–,4,3.48,–,–,–,2,1.48,–,–,–,–,–,–,–,0.1875,0.174,–,–,–,–,–,–,–,–,–,–,8.49,–,20,–,3.66,2.34,1.83,1.39,1.22,1.43,1.22,0.804,–,,–,3.08,–,2.41,–,–,–,–,–,–,–,–,–,–,–,–,–,–,–,–,–,–,–,–,–,–,–,–,–,–,–,–,–,–,–,–,HSS101.6X50.8X4.8,HSS101.6X50.8X4.8,10.2,1220,–,–,102,88.4,–,–,–,50.8,37.6,–,–,–,–,–,–,–,4.76,4.42,–,–,–,–,–,–,–,–,–,–,8.49,–,20,–,1.52,38.3,30.0,35.3,0.508,23.4,20.0,20.4,–,–,–,1280,–,39.5,–,–,–,–,–,–,–,–,–,–,–,–,–,–,–,–,–,–,–,–,–,–,–,–,–,–,–,–,–,–,–,–,0.804
HSS,HSS4X2X.125,HSS4X2X1/8,–,4.75,1.3,–,–,4,3.65,–,–,–,2,1.65,–,–,–,–,–,–,–,0.125,0.116,–,–,–,–,–,–,–,–,–,–,14.2,–,31.5,–,2.65,1.66,1.32,1.43,0.898,1.02,0.898,0.83,–,,–,2.2,–,1.69,–,–,–,–,–,–,–,–,–,–,–,–,–,–,–,–,–,–,–,–,–,–,–,–,–,–,–,–,–,–,–,–,HSS101.6X50.8X3.2,HSS101.6X50.8X3.2,7.06,839,–,–,102,92.7,–,–,–,50.8,41.9,–,–,–,–,–,–,–,3.18,2.95,–,–,–,–,–,–,–,–,–,–,14.2,–,31.5,–,1.1,27.2,21.6,36.3,0.374,16.7,14.7,21.1,–,–,–,916,–,27.7,–,–,–,–,–,–,–,–,–,–,–,–,–,–,–,–,–,–,–,–,–,–,–,–,–,–,–,–,–,–,–,–,0.83
HSS,HSS4X1-1/2X.250,HSS4X1-1/2X1/4,–,7.96,2.21,–,–,4,3.3,–,–,–,1.5,0.801,–,–,–,–,–,–,–,0.25,0.233,–,–,–,–,–,–,–,–,–,–,3.44,–,14.2,–,3.66,2.5,1.83,1.29,0.733,1.21,0.977,0.576,–,,–,2.14,–,2.18,–,–,–,–,–,–,–,–,–,–,–,–,–,–,–,–,–,–,–,–,–,–,–,–,–,–,–,–,–,–,–,–,HSS101.6X38.1X6.4,HSS101.6X38.1X6.4,11.8,1430,–,–,102,83.8,–,–,–,38.1,20.3,–,–,–,–,–,–,–,6.35,5.92,–,–,–,–,–,–,–,–,–,–,3.44,–,14.2,–,1.52,41.0,30.0,32.8,0.305,19.8,16.0,14.6,–,–,–,891,–,35.7,–,–,–,–,–,–,–,–,–,–,–,–,–,–,–,–,–,–,–,–,–,–,–,–,–,–,–,–,–,–,–,–,0.576
HSS,HSS4X1-1/2X.188,HSS4X1-1/2X3/16,–,6.23,1.71,–,–,4,3.48,–,–,–,1.5,0.978,–,–,–,–,–,–,–,0.1875,0.174,–,–,–,–,–,–,–,–,–,–,5.62,–,20,–,3.02,2.01,1.51,1.33,0.621,0.982,0.827,0.602,–,,–,1.78,–,1.75,–,–,–,–,–,–,–,–,–,–,–,–,–,–,–,–,–,–,–,–,–,–,–,–,–,–,–,–,–,–,–,–,HSS101.6X38.1X4.8,HSS101.6X38.1X4.8,9.27,1100,–,–,102,88.4,–,–,–,38.1,24.8,–,–,–,–,–,–,–,4.78,4.42,–,–,–,–,–,–,–,–,–,–,5.62,–,20,–,1.26,32.9,24.7,33.8,0.258,16.1,13.6,15.3,–,–,–,741,–,28.7,–,–,–,–,–,–,–,–,–,–,–,–,–,–,–,–,–,–,–,–,–,–,–,–,–,–,–,–,–,–,–,–,0.602
HSS,HSS4X1-1/2X.125,HSS4X1-1/2X1/8,–,4.33,1.19,–,–,4,3.65,–,–,–,1.5,1.15,–,–,–,–,–,–,–,0.125,0.116,–,–,–,–,–,–,–,–,–,–,9.93,–,31.5,–,2.21,1.43,1.11,1.36,0.467,0.71,0.622,0.627,–,,–,1.3,–,1.24,–,–,–,–,–,–,–,–,–,–,–,–,–,–,–,–,–,–,–,–,–,–,–,–,–,–,–,–,–,–,–,–,HSS101.6X38.1X3.2,HSS101.6X38.1X3.2,6.44,768,–,–,102,92.7,–,–,–,38.1,29.2,–,–,–,–,–,–,–,3.18,2.95,–,–,–,–,–,–,–,–,–,–,9.93,–,31.5,–,0.92,23.4,18.2,34.5,0.194,11.6,10.2,15.9,–,–,–,541,–,20.3,–,–,–,–,–,–,–,–,–,–,–,–,–,–,–,–,–,–,–,–,–,–,–,–,–,–,–,–,–,–,–,–,0.627
HSS,HSS3-1/2X3-1/2X.375,HSS3-1/2X3-1/2X3/8,–,14.72,4.09,–,–,3.5,2.45,–,–,–,3.5,2.45,–,–,–,–,–,–,–,0.375,0.349,–,–,–,–,–,–,–,–,–,–,7.03,–,7.03,–,6.49,4.69,3.71,1.26,6.49,4.69,3.71,1.26,–,,–,11.2,–,6.77,–,–,–,–,–,–,–,–,–,–,–,–,–,–,–,–,–,–,–,–,–,–,–,–,–,–,–,–,–,–,–,–,HSS88.9X88.9X9.5,HSS88.9X88.9X9.5,21.8,2640,–,–,88.9,62.2,–,–,–,88.9,62.2,–,–,–,–,–,–,–,9.53,8.86,–,–,–,–,–,–,–,–,–,–,7.03,–,7.03,–,2.7,76.9,60.8,32.0,2.7,76.9,60.8,32.0,–,–,–,4660,–,111,–,–,–,–,–,–,–,–,–,–,–,–,–,–,–,–,–,–,–,–,–,–,–,–,–,–,–,–,–,–,–,–,1.26
HSS,HSS3-1/2X3-1/2X.313,HSS3-1/2X3-1/2X5/16,–,12.7,3.52,–,–,3.5,2.63,–,–,–,3.5,2.63,–,–,–,–,–,–,–,0.3125,0.291,–,–,–,–,–,–,–,–,–,–,9.03,–,9.03,–,5.84,4.14,3.34,1.29,5.84,4.14,3.34,1.29,–,,–,9.89,–,5.9,–,–,–,–,–,–,–,–,–,–,–,–,–,–,–,–,–,–,–,–,–,–,–,–,–,–,–,–,–,–,–,–,HSS88.9X88.9X7.9,HSS88.9X88.9X7.9,18.8,2270,–,–,88.9,66.8,–,–,–,88.9,66.8,–,–,–,–,–,–,–,7.94,7.39,–,–,–,–,–,–,–,–,–,–,9.03,–,9.03,–,2.43,67.8,54.7,32.8,2.43,67.8,54.7,32.8,–,–,–,4120,–,96.7,–,–,–,–,–,–,–,–,–,–,–,–,–,–,–,–,–,–,–,–,–,–,–,–,–,–,–,–,–,–,–,–,1.29
HSS,HSS3-1/2X3-1/2X.250,HSS3-1/2X3-1/2X1/4,–,10.51,2.91,–,–,3.5,2.8,–,–,–,3.5,2.8,–,–,–,–,–,–,–,0.25,0.233,–,–,–,–,–,–,–,–,–,–,12,–,12,–,5.04,3.5,2.88,1.32,5.04,3.5,2.88,1.32,–,,–,8.35,–,4.92,–,–,–,–,–,–,–,–,–,–,–,–,–,–,–,–,–,–,–,–,–,–,–,–,–,–,–,–,–,–,–,–,HSS88.9X88.9X6.4,HSS88.9X88.9X6.4,15.6,1880,–,–,88.9,71.1,–,–,–,88.9,71.1,–,–,–,–,–,–,–,6.35,5.92,–,–,–,–,–,–,–,–,–,–,12,–,12,–,2.1,57.4,47.2,33.5,2.1,57.4,47.2,33.5,–,–,–,3480,–,80.6,–,–,–,–,–,–,–,–,–,–,–,–,–,–,–,–,–,–,–,–,–,–,–,–,–,–,–,–,–,–,–,–,1.32
HSS,HSS3-1/2X3-1/2X.188,HSS3-1/2X3-1/2X3/16,–,8.15,2.24,–,–,3.5,2.98,–,–,–,3.5,2.98,–,–,–,–,–,–,–,0.1875,0.174,–,–,–,–,–,–,–,–,–,–,17.1,–,17.1,–,4.05,2.76,2.31,1.35,4.05,2.76,2.31,1.35,–,,–,6.56,–,3.83,–,–,–,–,–,–,–,–,–,–,–,–,–,–,–,–,–,–,–,–,–,–,–,–,–,–,–,–,–,–,–,–,HSS88.9X88.9X4.8,HSS88.9X88.9X4.8,12.1,1450,–,–,88.9,75.7,–,–,–,88.9,75.7,–,–,–,–,–,–,–,4.76,4.42,–,–,–,–,–,–,–,–,–,–,17.1,–,17.1,–,1.69,45.2,37.9,34.3,1.69,45.2,37.9,34.3,–,–,–,2730,–,62.8,–,–,–,–,–,–,–,–,–,–,–,–,–,–,–,–,–,–,–,–,–,–,–,–,–,–,–,–,–,–,–,–,1.35
HSS,HSS3-1/2X3-1/2X.125,HSS3-1/2X3-1/2X1/8,–,5.61,1.54,–,–,3.5,3.15,–,–,–,3.5,3.15,–,–,–,–,–,–,–,0.125,0.116,–,–,–,–,–,–,–,–,–,–,27.2,–,27.2,–,2.9,1.93,1.66,1.37,2.9,1.93,1.66,1.37,–,,–,4.58,–,2.65,–,–,–,–,–,–,–,–,–,–,–,–,–,–,–,–,–,–,–,–,–,–,–,–,–,–,–,–,–,–,–,–,HSS88.9X88.9X3.2,HSS88.9X88.9X3.2,8.33,994,–,–,88.9,80,–,–,–,88.9,80,–,–,–,–,–,–,–,3.18,2.95,–,–,–,–,–,–,–,–,–,–,27.2,–,27.2,–,1.21,31.6,27.2,34.8,1.21,31.6,27.2,34.8,–,–,–,1910,–,43.4,–,–,–,–,–,–,–,–,–,–,–,–,–,–,–,–,–,–,–,–,–,–,–,–,–,–,–,–,–,–,–,–,1.37
HSS,HSS3-1/2X2-1/2X.375,HSS3-1/2X2-1/2X3/8,–,12.17,3.39,–,–,3.5,2.45,–,–,–,2.5,1.45,–,–,–,–,–,–,–,0.375,0.349,–,–,–,–,–,–,–,–,–,–,4.16,–,7.03,–,4.75,3.59,2.72,1.18,2.77,2.82,2.21,0.904,–,,–,6.16,–,4.57,–,–,–,–,–,–,–,–,–,–,–,–,–,–,–,–,–,–,–,–,–,–,–,–,–,–,–,–,–,–,–,–,HSS88.9X63.5X9.5,HSS88.9X63.5X9.5,18.0,2190,–,–,88.9,62.2,–,–,–,63.5,36.8,–,–,–,–,–,–,–,9.53,8.86,–,–,–,–,–,–,–,–,–,–,4.16,–,7.03,–,1.98,58.8,44.5,30.1,1.15,46.3,36.3,23.0,–,–,–,2560,–,74.8,–,–,–,–,–,–,–,–,–,–,–,–,–,–,–,–,–,–,–,–,–,–,–,–,–,–,–,–,–,–,–,–,0.904
HSS,HSS3-1/2X2-1/2X.313,HSS3-1/2X2-1/2X5/16,–,10.58,2.94,–,–,3.5,2.63,–,–,–,2.5,1.63,–,–,–,–,–,–,–,0.3125,0.291,–,–,–,–,–,–,–,–,–,–,5.59,–,9.03,–,4.34,3.2,2.48,1.22,2.54,2.52,2.03,0.93,–,,–,5.53,–,4.03,–,–,–,–,–,–,–,–,–,–,–,–,–,–,–,–,–,–,–,–,–,–,–,–,–,–,–,–,–,–,–,–,HSS88.9X63.5X7.9,HSS88.9X63.5X7.9,15.6,1900,–,–,88.9,66.8,–,–,–,63.5,41.4,–,–,–,–,–,–,–,7.94,7.39,–,–,–,–,–,–,–,–,–,–,5.59,–,9.03,–,1.81,52.5,40.7,30.9,1.06,41.4,33.3,23.6,–,–,–,2300,–,66,–,–,–,–,–,–,–,–,–,–,–,–,–,–,–,–,–,–,–,–,–,–,–,–,–,–,–,–,–,–,–,–,0.93
HSS,HSS3-1/2X2-1/2X.250,HSS3-1/2X2-1/2X1/4,–,8.81,2.44,–,–,3.5,2.8,–,–,–,2.5,1.8,–,–,–,–,–,–,–,0.25,0.233,–,–,–,–,–,–,–,–,–,–,7.73,–,12,–,3.79,2.74,2.17,1.25,2.23,2.16,1.78,0.956,–,,–,4.75,–,3.4,–,–,–,–,–,–,–,–,–,–,–,–,–,–,–,–,–,–,–,–,–,–,–,–,–,–,–,–,–,–,–,–,HSS88.9X63.5X6.4,HSS88.9X63.5X6.4,13.1,1570,–,–,88.9,71.1,–,–,–,63.5,45.7,–,–,–,–,–,–,–,6.35,5.92,–,–,–,–,–,–,–,–,–,–,7.73,–,12,–,1.58,44.8,35.5,31.7,0.928,35.4,29.2,24.3,–,–,–,1980,–,55.8,–,–,–,–,–,–,–,–,–,–,–,–,–,–,–,–,–,–,–,–,–,–,–,–,–,–,–,–,–,–,–,–,0.956
HSS,HSS3-1/2X2-1/2X.188,HSS3-1/2X2-1/2X3/16,–,6.87,1.89,–,–,3.5,2.98,–,–,–,2.5,1.98,–,–,–,–,–,–,–,0.1875,0.174,–,–,–,–,–,–,–,–,–,–,11.4,–,17.1,–,3.09,2.18,1.76,1.28,1.82,1.72,1.46,0.983,–,,–,3.78,–,2.67,–,–,–,–,–,–,–,–,–,–,–,–,–,–,–,–,–,–,–,–,–,–,–,–,–,–,–,–,–,–,–,–,HSS88.9X63.5X4.8,HSS88.9X63.5X4.8,10.2,1220,–,–,88.9,75.7,–,–,–,63.5,50.3,–,–,–,–,–,–,–,4.76,4.42,–,–,–,–,–,–,–,–,–,–,11.4,–,17.1,–,1.29,35.7,28.9,32.5,0.76,28.3,23.9,25.0,–,–,–,1570,–,43.8,–,–,–,–,–,–,–,–,–,–,–,–,–,–,–,–,–,–,–,–,–,–,–,–,–,–,–,–,–,–,–,–,0.983
HSS,HSS3-1/2X2-1/2X.125,HSS3-1/2X2-1/2X1/8,–,4.75,1.3,–,–,3.5,3.15,–,–,–,2.5,2.15,–,–,–,–,–,–,–,0.125,0.116,–,–,–,–,–,–,–,–,–,–,18.6,–,27.2,–,2.23,1.54,1.28,1.31,1.33,1.22,1.06,1.01,–,,–,2.67,–,1.87,–,–,–,–,–,–,–,–,–,–,–,–,–,–,–,–,–,–,–,–,–,–,–,–,–,–,–,–,–,–,–,–,HSS88.9X63.5X3.2,HSS88.9X63.5X3.2,7.07,839,–,–,88.9,80,–,–,–,63.5,54.6,–,–,–,–,–,–,–,3.18,2.95,–,–,–,–,–,–,–,–,–,–,18.6,–,27.2,–,0.929,25.3,20.9,33.2,0.553,20.1,17.4,25.6,–,–,–,1110,–,30.6,–,–,–,–,–,–,–,–,–,–,–,–,–,–,–,–,–,–,–,–,–,–,–,–,–,–,–,–,–,–,–,–,1.01
HSS,HSS3-1/2X2X.250,HSS3-1/2X2X1/4,–,7.96,2.21,–,–,3.5,2.8,–,–,–,2,1.3,–,–,–,–,–,–,–,0.25,0.233,–,–,–,–,–,–,–,–,–,–,5.58,–,12,–,3.17,2.36,1.81,1.2,1.3,1.58,1.3,0.766,–,,–,3.16,–,2.64,–,–,–,–,–,–,–,–,–,–,–,–,–,–,–,–,–,–,–,–,–,–,–,–,–,–,–,–,–,–,–,–,HSS88.9X50.8X6.4,HSS88.9X50.8X6.4,11.8,1430,–,–,88.9,71.1,–,–,–,50.8,33,–,–,–,–,–,–,–,6.35,5.92,–,–,–,–,–,–,–,–,–,–,5.58,–,12,–,1.32,38.7,29.7,30.5,0.541,25.9,21.3,19.5,–,–,–,1320,–,43.3,–,–,–,–,–,–,–,–,–,–,–,–,–,–,–,–,–,–,–,–,–,–,–,–,–,–,–,–,–,–,–,–,0.766
HSS,HSS3-1/2X2X.188,HSS3-1/2X2X3/16,–,6.23,1.71,–,–,3.5,2.98,–,–,–,2,1.48,–,–,–,–,–,–,–,0.1875,0.174,–,–,–,–,–,–,–,–,–,–,8.49,–,17.1,–,2.61,1.89,1.49,1.23,1.08,1.27,1.08,0.792,–,,–,2.55,–,2.09,–,–,–,–,–,–,–,–,–,–,–,–,–,–,–,–,–,–,–,–,–,–,–,–,–,–,–,–,–,–,–,–,HSS88.9X50.8X4.8,HSS88.9X50.8X4.8,9.27,1100,–,–,88.9,75.7,–,–,–,50.8,37.6,–,–,–,–,–,–,–,4.76,4.42,–,–,–,–,–,–,–,–,–,–,8.49,–,17.1,–,1.09,31.0,24.4,31.2,0.45,20.8,17.7,20.1,–,–,–,1060,–,34.2,–,–,–,–,–,–,–,–,–,–,–,–,–,–,–,–,–,–,–,–,–,–,–,–,–,–,–,–,–,–,–,–,0.792
HSS,HSS3-1/2X2X.125,HSS3-1/2X2X1/8,–,4.33,1.19,–,–,3.5,3.15,–,–,–,2,1.65,–,–,–,–,–,–,–,0.125,0.116,–,–,–,–,–,–,–,–,–,–,14.2,–,27.2,–,1.9,1.34,1.09,1.27,0.795,0.912,0.795,0.818,–,,–,1.83,–,1.47,–,–,–,–,–,–,–,–,–,–,–,–,–,–,–,–,–,–,–,–,–,–,–,–,–,–,–,–,–,–,–,–,HSS88.9X50.8X3.2,HSS88.9X50.8X3.2,6.43,768,–,–,88.9,80,–,–,–,50.8,41.9,–,–,–,–,–,–,–,3.18,2.95,–,–,–,–,–,–,–,–,–,–,14.2,–,27.2,–,0.791,22.0,17.9,32.3,0.331,14.9,13.0,20.8,–,–,–,762,–,24.1,–,–,–,–,–,–,–,–,–,–,–,–,–,–,–,–,–,–,–,–,–,–,–,–,–,–,–,–,–,–,–,–,0.818
HSS,HSS3-1/2X1-1/2X.250,HSS3-1/2X1-1/2X1/4,–,7.11,1.97,–,–,3.5,2.8,–,–,–,1.5,0.801,–,–,–,–,–,–,–,0.25,0.233,–,–,–,–,–,–,–,–,–,–,3.44,–,12,–,2.55,1.98,1.46,1.14,0.638,1.06,0.851,0.569,–,,–,1.79,–,1.88,–,–,–,–,–,–,–,–,–,–,–,–,–,–,–,–,–,–,–,–,–,–,–,–,–,–,–,–,–,–,–,–,HSS88.9X38.1X6.4,HSS88.9X38.1X6.4,10.5,1270,–,–,88.9,71.1,–,–,–,38.1,20.3,–,–,–,–,–,–,–,6.35,5.92,–,–,–,–,–,–,–,–,–,–,3.44,–,12,–,1.06,32.4,23.9,29.0,0.266,17.4,13.9,14.5,–,–,–,745,–,30.8,–,–,–,–,–,–,–,–,–,–,–,–,–,–,–,–,–,–,–,–,–,–,–,–,–,–,–,–,–,–,–,–,0.569
HSS,HSS3-1/2X1-1/2X.188,HSS3-1/2X1-1/2X3/16,–,5.59,1.54,–,–,3.5,2.98,–,–,–,1.5,0.978,–,–,–,–,–,–,–,0.1875,0.174,–,–,–,–,–,–,–,–,–,–,5.62,–,17.1,–,2.12,1.6,1.21,1.17,0.544,0.867,0.725,0.594,–,,–,1.49,–,1.51,–,–,–,–,–,–,–,–,–,–,–,–,–,–,–,–,–,–,–,–,–,–,–,–,–,–,–,–,–,–,–,–,HSS88.9X38.1X4.8,HSS88.9X38.1X4.8,8.31,994,–,–,88.9,75.7,–,–,–,38.1,24.8,–,–,–,–,–,–,–,4.76,4.42,–,–,–,–,–,–,–,–,–,–,5.62,–,17.1,–,0.882,26.2,19.8,29.7,0.226,14.2,11.9,15.1,–,–,–,620,–,24.7,–,–,–,–,–,–,–,–,–,–,–,–,–,–,–,–,–,–,–,–,–,–,–,–,–,–,–,–,–,–,–,–,0.594
HSS,HSS3-1/2X1-1/2X.125,HSS3-1/2X1-1/2X1/8,–,3.9,1.07,–,–,3.5,3.15,–,–,–,1.5,1.15,–,–,–,–,–,–,–,0.125,0.116,–,–,–,–,–,–,–,–,–,–,9.93,–,27.2,–,1.57,1.15,0.896,1.21,0.411,0.63,0.548,0.619,–,,–,1.09,–,1.08,–,–,–,–,–,–,–,–,–,–,–,–,–,–,–,–,–,–,–,–,–,–,–,–,–,–,–,–,–,–,–,–,HSS88.9X38.1X3.2,HSS88.9X38.1X3.2,5.8,690,–,–,88.9,80,–,–,–,38.1,29.2,–,–,–,–,–,–,–,3.18,2.95,–,–,–,–,–,–,–,–,–,–,9.93,–,27.2,–,0.653,18.8,14.7,30.7,0.171,10.3,8.98,15.7,–,–,–,454,–,17.7,–,–,–,–,–,–,–,–,–,–,–,–,–,–,–,–,–,–,–,–,–,–,–,–,–,–,–,–,–,–,–,–,0.619
HSS,HSS3X3X.375,HSS3X3X3/8,–,12.17,3.39,–,–,3,1.95,–,–,–,3,1.95,–,–,–,–,–,–,–,0.375,0.349,–,–,–,–,–,–,–,–,–,–,5.6,–,5.6,–,3.78,3.25,2.52,1.06,3.78,3.25,2.52,1.06,–,,–,6.64,–,4.74,–,–,–,–,–,–,–,–,–,–,–,–,–,–,–,–,–,–,–,–,–,–,–,–,–,–,–,–,–,–,–,–,HSS76.2X76.2X9.5,HSS76.2X76.2X9.5,18.0,2190,–,–,76.2,49.5,–,–,–,76.2,49.5,–,–,–,–,–,–,–,9.53,8.86,–,–,–,–,–,–,–,–,–,–,5.6,–,5.6,–,1.57,53.3,41.3,26.9,1.57,53.3,41.3,26.9,–,–,–,2760,–,77.7,–,–,–,–,–,–,–,–,–,–,–,–,–,–,–,–,–,–,–,–,–,–,–,–,–,–,–,–,–,–,–,–,1.06
HSS,HSS3X3X.313,HSS3X3X5/16,–,10.58,2.94,–,–,3,2.13,–,–,–,3,2.13,–,–,–,–,–,–,–,0.3125,0.291,–,–,–,–,–,–,–,–,–,–,7.31,–,7.31,–,3.45,2.9,2.3,1.08,3.45,2.9,2.3,1.08,–,,–,5.94,–,4.18,–,–,–,–,–,–,–,–,–,–,–,–,–,–,–,–,–,–,–,–,–,–,–,–,–,–,–,–,–,–,–,–,HSS76.2X76.2X7.9,HSS76.2X76.2X7.9,15.7,1900,–,–,76.2,54.1,–,–,–,76.2,54.1,–,–,–,–,–,–,–,7.94,7.39,–,–,–,–,–,–,–,–,–,–,7.31,–,7.31,–,1.44,47.5,37.7,27.4,1.44,47.5,37.7,27.4,–,–,–,2470,–,68.5,–,–,–,–,–,–,–,–,–,–,–,–,–,–,–,–,–,–,–,–,–,–,–,–,–,–,–,–,–,–,–,–,1.08
HSS,HSS3X3X.250,HSS3X3X1/4,–,8.81,2.44,–,–,3,2.3,–,–,–,3,2.3,–,–,–,–,–,–,–,0.25,0.233,–,–,–,–,–,–,–,–,–,–,9.88,–,9.88,–,3.02,2.48,2.01,1.11,3.02,2.48,2.01,1.11,–,,–,5.08,–,3.52,–,–,–,–,–,–,–,–,–,–,–,–,–,–,–,–,–,–,–,–,–,–,–,–,–,–,–,–,–,–,–,–,HSS76.2X76.2X6.4,HSS76.2X76.2X6.4,13.1,1570,–,–,76.2,58.4,–,–,–,76.2,58.4,–,–,–,–,–,–,–,6.35,5.92,–,–,–,–,–,–,–,–,–,–,9.88,–,9.88,–,1.26,40.6,32.9,28.2,1.26,40.6,32.9,28.2,–,–,–,2110,–,57.7,–,–,–,–,–,–,–,–,–,–,–,–,–,–,–,–,–,–,–,–,–,–,–,–,–,–,–,–,–,–,–,–,1.11
HSS,HSS3X3X.188,HSS3X3X3/16,–,6.87,1.89,–,–,3,2.48,–,–,–,3,2.48,–,–,–,–,–,–,–,0.1875,0.174,–,–,–,–,–,–,–,–,–,–,14.2,–,14.2,–,2.46,1.97,1.64,1.14,2.46,1.97,1.64,1.14,–,,–,4.03,–,2.76,–,–,–,–,–,–,–,–,–,–,–,–,–,–,–,–,–,–,–,–,–,–,–,–,–,–,–,–,–,–,–,–,HSS76.2X76.2X4.8,HSS76.2X76.2X4.8,10.2,1220,–,–,76.2,63,–,–,–,76.2,63,–,–,–,–,–,–,–,4.76,4.42,–,–,–,–,–,–,–,–,–,–,14.2,–,14.2,–,1.02,32.3,26.9,29.0,1.02,32.3,26.9,29.0,–,–,–,1680,–,45.2,–,–,–,–,–,–,–,–,–,–,–,–,–,–,–,–,–,–,–,–,–,–,–,–,–,–,–,–,–,–,–,–,1.14
HSS,HSS3X3X.125,HSS3X3X1/8,–,4.75,1.3,–,–,3,2.65,–,–,–,3,2.65,–,–,–,–,–,–,–,0.125,0.116,–,–,–,–,–,–,–,–,–,–,22.9,–,22.9,–,1.78,1.4,1.19,1.17,1.78,1.4,1.19,1.17,–,,–,2.84,–,1.92,–,–,–,–,–,–,–,–,–,–,–,–,–,–,–,–,–,–,–,–,–,–,–,–,–,–,–,–,–,–,–,–,HSS76.2X76.2X3.2,HSS76.2X76.2X3.2,7.06,839,–,–,76.2,67.3,–,–,–,76.2,67.3,–,–,–,–,–,–,–,3.18,2.95,–,–,–,–,–,–,–,–,–,–,22.9,–,22.9,–,0.741,22.9,19.5,29.7,0.741,22.9,19.5,29.7,–,–,–,1180,–,31.5,–,–,–,–,–,–,–,–,–,–,–,–,–,–,–,–,–,–,–,–,–,–,–,–,–,–,–,–,–,–,–,–,1.17
HSS,HSS3X2-1/2X.313,HSS3X2-1/2X5/16,–,9.51,2.64,–,–,3,2.13,–,–,–,2.5,1.63,–,–,–,–,–,–,–,0.3125,0.291,–,–,–,–,–,–,–,–,–,–,5.59,–,7.31,–,2.92,2.51,1.94,1.05,2.18,2.2,1.74,0.908,–,,–,4.34,–,3.39,–,–,–,–,–,–,–,–,–,–,–,–,–,–,–,–,–,–,–,–,–,–,–,–,–,–,–,–,–,–,–,–,HSS76.2X63.5X7.9,HSS76.2X63.5X7.9,14.1,1700,–,–,76.2,54.1,–,–,–,63.5,41.4,–,–,–,–,–,–,–,7.94,7.39,–,–,–,–,–,–,–,–,–,–,5.59,–,7.31,–,1.22,41.1,31.8,26.7,0.907,36.1,28.5,23.1,–,–,–,1810,–,55.6,–,–,–,–,–,–,–,–,–,–,–,–,–,–,–,–,–,–,–,–,–,–,–,–,–,–,–,–,–,–,–,–,0.908
HSS,HSS3X2-1/2X.250,HSS3X2-1/2X1/4,–,7.96,2.21,–,–,3,2.3,–,–,–,2.5,1.8,–,–,–,–,–,–,–,0.25,0.233,–,–,–,–,–,–,–,–,–,–,7.73,–,9.88,–,2.57,2.16,1.72,1.08,1.93,1.9,1.54,0.935,–,,–,3.74,–,2.87,–,–,–,–,–,–,–,–,–,–,–,–,–,–,–,–,–,–,–,–,–,–,–,–,–,–,–,–,–,–,–,–,HSS76.2X63.5X6.4,HSS76.2X63.5X6.4,11.8,1430,–,–,76.2,58.4,–,–,–,63.5,45.7,–,–,–,–,–,–,–,6.35,5.92,–,–,–,–,–,–,–,–,–,–,7.73,–,9.88,–,1.07,35.4,28.2,27.4,0.803,31.1,25.2,23.7,–,–,–,1560,–,47,–,–,–,–,–,–,–,–,–,–,–,–,–,–,–,–,–,–,–,–,–,–,–,–,–,–,–,–,–,–,–,–,0.935
HSS,HSS3X2-1/2X.188,HSS3X2-1/2X3/16,–,6.23,1.71,–,–,3,2.48,–,–,–,2.5,1.98,–,–,–,–,–,–,–,0.1875,0.174,–,–,–,–,–,–,–,–,–,–,11.4,–,14.2,–,2.11,1.73,1.41,1.11,1.59,1.52,1.27,0.963,–,,–,3,–,2.27,–,–,–,–,–,–,–,–,–,–,–,–,–,–,–,–,–,–,–,–,–,–,–,–,–,–,–,–,–,–,–,–,HSS76.2X63.5X4.8,HSS76.2X63.5X4.8,9.27,1100,–,–,76.2,63,–,–,–,63.5,50.3,–,–,–,–,–,–,–,4.76,4.42,–,–,–,–,–,–,–,–,–,–,11.4,–,14.2,–,0.878,28.3,23.1,28.2,0.662,24.9,20.8,24.5,–,–,–,1250,–,37.2,–,–,–,–,–,–,–,–,–,–,–,–,–,–,–,–,–,–,–,–,–,–,–,–,–,–,–,–,–,–,–,–,0.963
HSS,HSS3X2-1/2X.125,HSS3X2-1/2X1/8,–,4.33,1.19,–,–,3,2.65,–,–,–,2.5,2.15,–,–,–,–,–,–,–,0.125,0.116,–,–,–,–,–,–,–,–,–,–,18.6,–,22.9,–,1.54,1.23,1.03,1.14,1.16,1.09,0.931,0.99,–,,–,2.13,–,1.59,–,–,–,–,–,–,–,–,–,–,–,–,–,–,–,–,–,–,–,–,–,–,–,–,–,–,–,–,–,–,–,–,HSS76.2X63.5X3.2,HSS76.2X63.5X3.2,6.43,768,–,–,76.2,67.3,–,–,–,63.5,54.6,–,–,–,–,–,–,–,3.18,2.95,–,–,–,–,–,–,–,–,–,–,18.6,–,22.9,–,0.641,20.2,16.9,29.0,0.483,17.9,15.3,25.1,–,–,–,887,–,26.1,–,–,–,–,–,–,–,–,–,–,–,–,–,–,–,–,–,–,–,–,–,–,–,–,–,–,–,–,–,–,–,–,0.99
HSS,HSS3X2X.313,HSS3X2X5/16,–,8.45,2.35,–,–,3,2.13,–,–,–,2,1.13,–,–,–,–,–,–,–,0.3125,0.291,–,–,–,–,–,–,–,–,–,–,3.87,–,7.31,–,2.38,2.11,1.59,1.01,1.24,1.58,1.24,0.725,–,,–,2.87,–,2.6,–,–,–,–,–,–,–,–,–,–,–,–,–,–,–,–,–,–,–,–,–,–,–,–,–,–,–,–,–,–,–,–,HSS76.2X50.8X7.9,HSS76.2X50.8X7.9,12.5,1520,–,–,76.2,54.1,–,–,–,50.8,28.7,–,–,–,–,–,–,–,7.94,7.39,–,–,–,–,–,–,–,–,–,–,3.87,–,7.31,–,0.991,34.6,26.1,25.7,0.516,25.9,20.3,18.4,–,–,–,1190,–,42.6,–,–,–,–,–,–,–,–,–,–,–,–,–,–,–,–,–,–,–,–,–,–,–,–,–,–,–,–,–,–,–,–,0.725
HSS,HSS3X2X.250,HSS3X2X1/4,–,7.11,1.97,–,–,3,2.3,–,–,–,2,1.3,–,–,–,–,–,–,–,0.25,0.233,–,–,–,–,–,–,–,–,–,–,5.58,–,9.88,–,2.13,1.83,1.42,1.04,1.11,1.38,1.11,0.751,–,,–,2.52,–,2.23,–,–,–,–,–,–,–,–,–,–,–,–,–,–,–,–,–,–,–,–,–,–,–,–,–,–,–,–,–,–,–,–,HSS76.2X50.8X6.4,HSS76.2X50.8X6.4,10.5,1270,–,–,76.2,58.4,–,–,–,50.8,33,–,–,–,–,–,–,–,6.35,5.92,–,–,–,–,–,–,–,–,–,–,5.58,–,9.88,–,0.887,30.0,23.3,26.4,0.462,22.6,18.2,19.1,–,–,–,1050,–,36.5,–,–,–,–,–,–,–,–,–,–,–,–,–,–,–,–,–,–,–,–,–,–,–,–,–,–,–,–,–,–,–,–,0.751
HSS,HSS3X2X.188,HSS3X2X3/16,–,5.59,1.54,–,–,3,2.48,–,–,–,2,1.48,–,–,–,–,–,–,–,0.1875,0.174,–,–,–,–,–,–,–,–,–,–,8.49,–,14.2,–,1.77,1.48,1.18,1.07,0.932,1.12,0.932,0.778,–,,–,2.05,–,1.78,–,–,–,–,–,–,–,–,–,–,–,–,–,–,–,–,–,–,–,–,–,–,–,–,–,–,–,–,–,–,–,–,HSS76.2X50.8X4.8,HSS76.2X50.8X4.8,8.31,994,–,–,76.2,63,–,–,–,50.8,37.6,–,–,–,–,–,–,–,4.76,4.42,–,–,–,–,–,–,–,–,–,–,8.49,–,14.2,–,0.737,24.3,19.3,27.2,0.388,18.4,15.3,19.8,–,–,–,853,–,29.2,–,–,–,–,–,–,–,–,–,–,–,–,–,–,–,–,–,–,–,–,–,–,–,–,–,–,–,–,–,–,–,–,0.778
HSS,HSS3X2X.125,HSS3X2X1/8,–,3.9,1.07,–,–,3,2.65,–,–,–,2,1.65,–,–,–,–,–,–,–,0.125,0.116,–,–,–,–,–,–,–,–,–,–,14.2,–,22.9,–,1.3,1.06,0.867,1.1,0.692,0.803,0.692,0.804,–,,–,1.47,–,1.25,–,–,–,–,–,–,–,–,–,–,–,–,–,–,–,–,–,–,–,–,–,–,–,–,–,–,–,–,–,–,–,–,HSS76.2X50.8X3.2,HSS76.2X50.8X3.2,5.8,690,–,–,76.2,67.3,–,–,–,50.8,41.9,–,–,–,–,–,–,–,3.18,2.95,–,–,–,–,–,–,–,–,–,–,14.2,–,22.9,–,0.541,17.4,14.2,27.9,0.288,13.2,11.3,20.4,–,–,–,612,–,20.5,–,–,–,–,–,–,–,–,–,–,–,–,–,–,–,–,–,–,–,–,–,–,–,–,–,–,–,–,–,–,–,–,0.804
HSS,HSS3X1-1/2X.250,HSS3X1-1/2X1/4,–,6.26,1.74,–,–,3,2.3,–,–,–,1.5,0.801,–,–,–,–,–,–,–,0.25,0.233,–,–,–,–,–,–,–,–,–,–,3.44,–,9.88,–,1.68,1.51,1.12,0.982,0.543,0.911,0.725,0.559,–,,–,1.44,–,1.58,–,–,–,–,–,–,–,–,–,–,–,–,–,–,–,–,–,–,–,–,–,–,–,–,–,–,–,–,–,–,–,–,HSS76.2X38.1X6.4,HSS76.2X38.1X6.4,9.26,1120,–,–,76.2,58.4,–,–,–,38.1,20.3,–,–,–,–,–,–,–,6.35,5.92,–,–,–,–,–,–,–,–,–,–,3.44,–,9.88,–,0.699,24.7,18.4,24.9,0.226,14.9,11.9,14.2,–,–,–,599,–,25.9,–,–,–,–,–,–,–,–,–,–,–,–,–,–,–,–,–,–,–,–,–,–,–,–,–,–,–,–,–,–,–,–,0.559
HSS,HSS3X1-1/2X.188,HSS3X1-1/2X3/16,–,4.96,1.37,–,–,3,2.48,–,–,–,1.5,0.978,–,–,–,–,–,–,–,0.1875,0.174,–,–,–,–,–,–,–,–,–,–,5.62,–,14.2,–,1.42,1.24,0.945,1.02,0.467,0.752,0.622,0.584,–,,–,1.21,–,1.28,–,–,–,–,–,–,–,–,–,–,–,–,–,–,–,–,–,–,–,–,–,–,–,–,–,–,–,–,–,–,–,–,HSS76.2X38.1X4.8,HSS76.2X38.1X4.8,7.36,884,–,–,76.2,63,–,–,–,38.1,24.8,–,–,–,–,–,–,–,4.76,4.42,–,–,–,–,–,–,–,–,–,–,5.62,–,14.2,–,0.591,20.3,15.5,25.9,0.194,12.3,10.2,14.8,–,–,–,504,–,21,–,–,–,–,–,–,–,–,–,–,–,–,–,–,–,–,–,–,–,–,–,–,–,–,–,–,–,–,–,–,–,–,0.584
HSS,HSS3X1-1/2X.125,HSS3X1-1/2X1/8,–,3.48,0.956,–,–,3,2.65,–,–,–,1.5,1.15,–,–,–,–,–,–,–,0.125,0.116,–,–,–,–,–,–,–,–,–,–,9.93,–,22.9,–,1.06,0.895,0.706,1.05,0.355,0.55,0.474,0.61,–,,–,0.886,–,0.92,–,–,–,–,–,–,–,–,–,–,–,–,–,–,–,–,–,–,–,–,–,–,–,–,–,–,–,–,–,–,–,–,HSS76.2X38.1X3.2,HSS76.2X38.1X3.2,5.16,617,–,–,76.2,67.3,–,–,–,38.1,29.2,–,–,–,–,–,–,–,3.18,2.95,–,–,–,–,–,–,–,–,–,–,9.93,–,22.9,–,0.441,14.7,11.6,26.7,0.148,9.01,7.77,15.5,–,–,–,369,–,15.1,–,–,–,–,–,–,–,–,–,–,–,–,–,–,–,–,–,–,–,–,–,–,–,–,–,–,–,–,–,–,–,–,0.61
HSS,HSS3X1X.188,HSS3X1X3/16,–,4.32,1.19,–,–,3,2.48,–,–,–,1,0.478,–,–,–,–,–,–,–,0.1875,0.174,–,–,–,–,–,–,–,–,–,–,2.75,–,14.2,–,1.07,0.989,0.713,0.947,0.173,0.432,0.345,0.38,–,,–,0.526,–,0.792,–,–,–,–,–,–,–,–,–,–,–,–,–,–,–,–,–,–,–,–,–,–,–,–,–,–,–,–,–,–,–,–,HSS76.2X25.4X4.8,HSS76.2X25.4X4.8,6.41,768,–,–,76.2,63,–,–,–,25.4,12.1,–,–,–,–,–,–,–,4.76,4.42,–,–,–,–,–,–,–,–,–,–,2.75,–,14.2,–,0.445,16.2,11.7,24.1,0.072,7.08,5.65,9.65,–,–,–,219,–,13,–,–,–,–,–,–,–,–,–,–,–,–,–,–,–,–,–,–,–,–,–,–,–,–,–,–,–,–,–,–,–,–,0.38
HSS,HSS3X1X.125,HSS3X1X1/8,–,3.05,0.84,–,–,3,2.65,–,–,–,1,0.652,–,–,–,–,–,–,–,0.125,0.116,–,–,–,–,–,–,–,–,–,–,5.62,–,22.9,–,0.817,0.728,0.545,0.987,0.138,0.325,0.276,0.405,–,,–,0.408,–,0.585,–,–,–,–,–,–,–,–,–,–,–,–,–,–,–,–,–,–,–,–,–,–,–,–,–,–,–,–,–,–,–,–,HSS76.2X25.4X3.2,HSS76.2X25.4X3.2,4.53,542,–,–,76.2,67.3,–,–,–,25.4,16.6,–,–,–,–,–,–,–,3.18,2.95,–,–,–,–,–,–,–,–,–,–,5.62,–,22.9,–,0.34,11.9,8.93,25.1,0.0574,5.33,4.52,10.3,–,–,–,170,–,9.59,–,–,–,–,–,–,–,–,–,–,–,–,–,–,–,–,–,–,–,–,–,–,–,–,–,–,–,–,–,–,–,–,0.405
HSS,HSS2-1/2X2-1/2X.313,HSS2-1/2X2-1/2X5/16,–,8.45,2.35,–,–,2.5,1.63,–,–,–,2.5,1.63,–,–,–,–,–,–,–,0.3125,0.291,–,–,–,–,–,–,–,–,–,–,5.59,–,5.59,–,1.82,1.88,1.46,0.88,1.82,1.88,1.46,0.88,–,,–,3.2,–,2.74,–,–,–,–,–,–,–,–,–,–,–,–,–,–,–,–,–,–,–,–,–,–,–,–,–,–,–,–,–,–,–,–,HSS63.5X63.5X7.9,HSS63.5X63.5X7.9,12.5,1520,–,–,63.5,41.4,–,–,–,63.5,41.4,–,–,–,–,–,–,–,7.94,7.39,–,–,–,–,–,–,–,–,–,–,5.59,–,5.59,–,0.758,30.8,23.9,22.4,0.758,30.8,23.9,22.4,–,–,–,1330,–,44.9,–,–,–,–,–,–,–,–,–,–,–,–,–,–,–,–,–,–,–,–,–,–,–,–,–,–,–,–,–,–,–,–,0.88
HSS,HSS2-1/2X2-1/2X.250,HSS2-1/2X2-1/2X1/4,–,7.11,1.97,–,–,2.5,1.8,–,–,–,2.5,1.8,–,–,–,–,–,–,–,0.25,0.233,–,–,–,–,–,–,–,–,–,–,7.73,–,7.73,–,1.63,1.63,1.3,0.908,1.63,1.63,1.3,0.908,–,,–,2.79,–,2.35,–,–,–,–,–,–,–,–,–,–,–,–,–,–,–,–,–,–,–,–,–,–,–,–,–,–,–,–,–,–,–,–,HSS63.5X63.5X6.4,HSS63.5X63.5X6.4,10.5,1270,–,–,63.5,45.7,–,–,–,63.5,45.7,–,–,–,–,–,–,–,6.35,5.92,–,–,–,–,–,–,–,–,–,–,7.73,–,7.73,–,0.678,26.7,21.3,23.1,0.678,26.7,21.3,23.1,–,–,–,1160,–,38.5,–,–,–,–,–,–,–,–,–,–,–,–,–,–,–,–,–,–,–,–,–,–,–,–,–,–,–,–,–,–,–,–,0.908
HSS,HSS2-1/2X2-1/2X.188,HSS2-1/2X2-1/2X3/16,–,5.59,1.54,–,–,2.5,1.98,–,–,–,2.5,1.98,–,–,–,–,–,–,–,0.1875,0.174,–,–,–,–,–,–,–,–,–,–,11.4,–,11.4,–,1.35,1.32,1.08,0.937,1.35,1.32,1.08,0.937,–,,–,2.25,–,1.86,–,–,–,–,–,–,–,–,–,–,–,–,–,–,–,–,–,–,–,–,–,–,–,–,–,–,–,–,–,–,–,–,HSS63.5X63.5X4.8,HSS63.5X63.5X4.8,8.3,994,–,–,63.5,50.3,–,–,–,63.5,50.3,–,–,–,–,–,–,–,4.76,4.42,–,–,–,–,–,–,–,–,–,–,11.4,–,11.4,–,0.562,21.6,17.7,23.8,0.562,21.6,17.7,23.8,–,–,–,937,–,30.5,–,–,–,–,–,–,–,–,–,–,–,–,–,–,–,–,–,–,–,–,–,–,–,–,–,–,–,–,–,–,–,–,0.937
HSS,HSS2-1/2X2-1/2X.125,HSS2-1/2X2-1/2X1/8,–,3.9,1.07,–,–,2.5,2.15,–,–,–,2.5,2.15,–,–,–,–,–,–,–,0.125,0.116,–,–,–,–,–,–,–,–,–,–,18.6,–,18.6,–,0.998,0.947,0.799,0.965,0.998,0.947,0.799,0.965,–,,–,1.61,–,1.31,–,–,–,–,–,–,–,–,–,–,–,–,–,–,–,–,–,–,–,–,–,–,–,–,–,–,–,–,–,–,–,–,HSS63.5X63.5X3.2,HSS63.5X63.5X3.2,5.8,690,–,–,63.5,54.6,–,–,–,63.5,54.6,–,–,–,–,–,–,–,3.18,2.95,–,–,–,–,–,–,–,–,–,–,18.6,–,18.6,–,0.415,15.5,13.1,24.5,0.415,15.5,13.1,24.5,–,–,–,670,–,21.5,–,–,–,–,–,–,–,–,–,–,–,–,–,–,–,–,–,–,–,–,–,–,–,–,–,–,–,–,–,–,–,–,0.965
HSS,HSS2-1/2X2X.250,HSS2-1/2X2X1/4,–,6.26,1.74,–,–,2.5,1.8,–,–,–,2,1.3,–,–,–,–,–,–,–,0.25,0.233,–,–,–,–,–,–,–,–,–,–,5.58,–,7.73,–,1.33,1.37,1.06,0.874,0.93,1.17,0.93,0.731,–,,–,1.9,–,1.82,–,–,–,–,–,–,–,–,–,–,–,–,–,–,–,–,–,–,–,–,–,–,–,–,–,–,–,–,–,–,–,–,HSS63.5X50.8X6.4,HSS63.5X50.8X6.4,9.26,1120,–,–,63.5,45.7,–,–,–,50.8,33,–,–,–,–,–,–,–,6.35,5.92,–,–,–,–,–,–,–,–,–,–,5.58,–,7.73,–,0.554,22.5,17.4,22.2,0.387,19.2,15.2,18.6,–,–,–,791,–,29.8,–,–,–,–,–,–,–,–,–,–,–,–,–,–,–,–,–,–,–,–,–,–,–,–,–,–,–,–,–,–,–,–,0.731
HSS,HSS2-1/2X2X.188,HSS2-1/2X2X3/16,–,4.96,1.37,–,–,2.5,1.98,–,–,–,2,1.48,–,–,–,–,–,–,–,0.1875,0.174,–,–,–,–,–,–,–,–,–,–,8.49,–,11.4,–,1.12,1.12,0.894,0.904,0.786,0.956,0.786,0.758,–,,–,1.55,–,1.46,–,–,–,–,–,–,–,–,–,–,–,–,–,–,–,–,–,–,–,–,–,–,–,–,–,–,–,–,–,–,–,–,HSS63.5X50.8X4.8,HSS63.5X50.8X4.8,7.36,884,–,–,63.5,50.3,–,–,–,50.8,37.6,–,–,–,–,–,–,–,4.76,4.42,–,–,–,–,–,–,–,–,–,–,8.49,–,11.4,–,0.466,18.4,14.7,23.0,0.327,15.7,12.9,19.3,–,–,–,645,–,23.9,–,–,–,–,–,–,–,–,–,–,–,–,–,–,–,–,–,–,–,–,–,–,–,–,–,–,–,–,–,–,–,–,0.758
HSS,HSS2-1/2X2X.125,HSS2-1/2X2X1/8,–,3.48,0.956,–,–,2.5,2.15,–,–,–,2,1.65,–,–,–,–,–,–,–,0.125,0.116,–,–,–,–,–,–,–,–,–,–,14.2,–,18.6,–,0.833,0.809,0.667,0.934,0.589,0.694,0.589,0.785,–,,–,1.12,–,1.04,–,–,–,–,–,–,–,–,–,–,–,–,–,–,–,–,–,–,–,–,–,–,–,–,–,–,–,–,–,–,–,–,HSS63.5X50.8X3.2,HSS63.5X50.8X3.2,5.16,617,–,–,63.5,54.6,–,–,–,50.8,41.9,–,–,–,–,–,–,–,3.18,2.95,–,–,–,–,–,–,–,–,–,–,14.2,–,18.6,–,0.347,13.3,10.9,23.7,0.245,11.4,9.65,19.9,–,–,–,466,–,17,–,–,–,–,–,–,–,–,–,–,–,–,–,–,–,–,–,–,–,–,–,–,–,–,–,–,–,–,–,–,–,–,0.785
HSS,HSS2-1/2X1-1/2X.250,HSS2-1/2X1-1/2X1/4,–,5.41,1.51,–,–,2.5,1.8,–,–,–,1.5,0.801,–,–,–,–,–,–,–,0.25,0.233,–,–,–,–,–,–,–,–,–,–,3.44,–,7.73,–,1.03,1.11,0.822,0.826,0.449,0.764,0.599,0.546,–,,–,1.1,–,1.29,–,–,–,–,–,–,–,–,–,–,–,–,–,–,–,–,–,–,–,–,–,–,–,–,–,–,–,–,–,–,–,–,HSS63.5X38.1X6.4,HSS63.5X38.1X6.4,8.0,974,–,–,63.5,45.7,–,–,–,38.1,20.3,–,–,–,–,–,–,–,6.35,5.92,–,–,–,–,–,–,–,–,–,–,3.44,–,7.73,–,0.429,18.2,13.5,21.0,0.187,12.5,9.82,13.9,–,–,–,458,–,21.1,–,–,–,–,–,–,–,–,–,–,–,–,–,–,–,–,–,–,–,–,–,–,–,–,–,–,–,–,–,–,–,–,0.546
HSS,HSS2-1/2X1-1/2X.188,HSS2-1/2X1-1/2X3/16,–,4.32,1.19,–,–,2.5,1.98,–,–,–,1.5,0.978,–,–,–,–,–,–,–,0.1875,0.174,–,–,–,–,–,–,–,–,–,–,5.62,–,11.4,–,0.882,0.915,0.705,0.86,0.39,0.636,0.52,0.572,–,,–,0.929,–,1.05,–,–,–,–,–,–,–,–,–,–,–,–,–,–,–,–,–,–,–,–,–,–,–,–,–,–,–,–,–,–,–,–,HSS63.5X38.1X4.8,HSS63.5X38.1X4.8,6.41,768,–,–,63.5,50.3,–,–,–,38.1,24.8,–,–,–,–,–,–,–,4.76,4.42,–,–,–,–,–,–,–,–,–,–,5.62,–,11.4,–,0.367,15.0,11.6,21.8,0.162,10.4,8.52,14.5,–,–,–,387,–,17.2,–,–,–,–,–,–,–,–,–,–,–,–,–,–,–,–,–,–,–,–,–,–,–,–,–,–,–,–,–,–,–,–,0.572
HSS,HSS2-1/2X1-1/2X.125,HSS2-1/2X1-1/2X1/8,–,3.05,0.84,–,–,2.5,2.15,–,–,–,1.5,1.15,–,–,–,–,–,–,–,0.125,0.116,–,–,–,–,–,–,–,–,–,–,9.93,–,18.6,–,0.668,0.671,0.535,0.892,0.3,0.469,0.399,0.597,–,,–,0.687,–,0.759,–,–,–,–,–,–,–,–,–,–,–,–,–,–,–,–,–,–,–,–,–,–,–,–,–,–,–,–,–,–,–,–,HSS63.5X38.1X3.2,HSS63.5X38.1X3.2,4.53,542,–,–,63.5,54.6,–,–,–,38.1,29.2,–,–,–,–,–,–,–,3.18,2.95,–,–,–,–,–,–,–,–,–,–,9.93,–,18.6,–,0.278,11.0,8.77,22.7,0.125,7.69,6.54,15.2,–,–,–,286,–,12.4,–,–,–,–,–,–,–,–,–,–,–,–,–,–,–,–,–,–,–,–,–,–,–,–,–,–,–,–,–,–,–,–,0.597
HSS,HSS2-1/2X1X.188,HSS2-1/2X1X3/16,–,3.68,1.02,–,–,2.5,1.98,–,–,–,1,0.478,–,–,–,–,–,–,–,0.1875,0.174,–,–,–,–,–,–,–,–,–,–,2.75,–,11.4,–,0.646,0.713,0.517,0.796,0.143,0.36,0.285,0.374,–,,–,0.412,–,0.648,–,–,–,–,–,–,–,–,–,–,–,–,–,–,–,–,–,–,–,–,–,–,–,–,–,–,–,–,–,–,–,–,HSS63.5X25.4X4.8,HSS63.5X25.4X4.8,5.46,658,–,–,63.5,50.3,–,–,–,25.4,12.1,–,–,–,–,–,–,–,4.76,4.42,–,–,–,–,–,–,–,–,–,–,2.75,–,11.4,–,0.269,11.7,8.47,20.2,0.0595,5.9,4.67,9.5,–,–,–,171,–,10.6,–,–,–,–,–,–,–,–,–,–,–,–,–,–,–,–,–,–,–,–,–,–,–,–,–,–,–,–,–,–,–,–,0.374
HSS,HSS2-1/2X1X.125,HSS2-1/2X1X1/8,–,2.63,0.724,–,–,2.5,2.15,–,–,–,1,0.652,–,–,–,–,–,–,–,0.125,0.116,–,–,–,–,–,–,–,–,–,–,5.62,–,18.6,–,0.503,0.532,0.403,0.834,0.115,0.274,0.23,0.399,–,,–,0.322,–,0.483,–,–,–,–,–,–,–,–,–,–,–,–,–,–,–,–,–,–,–,–,–,–,–,–,–,–,–,–,–,–,–,–,HSS63.5X25.4X3.2,HSS63.5X25.4X3.2,3.9,467,–,–,63.5,54.6,–,–,–,25.4,16.6,–,–,–,–,–,–,–,3.18,2.95,–,–,–,–,–,–,–,–,–,–,5.62,–,18.6,–,0.209,8.72,6.6,21.2,0.0479,4.49,3.77,10.1,–,–,–,134,–,7.91,–,–,–,–,–,–,–,–,–,–,–,–,–,–,–,–,–,–,–,–,–,–,–,–,–,–,–,–,–,–,–,–,0.399
HSS,HSS2-1/4X2-1/4X.250,HSS2-1/4X2-1/4X1/4,–,6.26,1.74,–,–,2.25,1.55,–,–,–,2.25,1.55,–,–,–,–,–,–,–,0.25,0.233,–,–,–,–,–,–,–,–,–,–,6.66,–,6.66,–,1.13,1.28,1.01,0.806,1.13,1.28,1.01,0.806,–,,–,1.96,–,1.85,–,–,–,–,–,–,–,–,–,–,–,–,–,–,–,–,–,–,–,–,–,–,–,–,–,–,–,–,–,–,–,–,HSS57.2X57.2X6.4,HSS57.2X57.2X6.4,9.26,1120,–,–,57.2,39.4,–,–,–,57.2,39.4,–,–,–,–,–,–,–,6.35,5.92,–,–,–,–,–,–,–,–,–,–,6.66,–,6.66,–,0.47,21.0,16.6,20.5,0.47,21.0,16.6,20.5,–,–,–,816,–,30.3,–,–,–,–,–,–,–,–,–,–,–,–,–,–,–,–,–,–,–,–,–,–,–,–,–,–,–,–,–,–,–,–,0.806
HSS,HSS2-1/4X2-1/4X.188,HSS2-1/4X2-1/4X3/16,–,4.96,1.37,–,–,2.25,1.73,–,–,–,2.25,1.73,–,–,–,–,–,–,–,0.1875,0.174,–,–,–,–,–,–,–,–,–,–,9.93,–,9.93,–,0.953,1.04,0.847,0.835,0.953,1.04,0.847,0.835,–,,–,1.6,–,1.48,–,–,–,–,–,–,–,–,–,–,–,–,–,–,–,–,–,–,–,–,–,–,–,–,–,–,–,–,–,–,–,–,HSS57.2X57.2X4.8,HSS57.2X57.2X4.8,7.35,884,–,–,57.2,43.9,–,–,–,57.2,43.9,–,–,–,–,–,–,–,4.76,4.42,–,–,–,–,–,–,–,–,–,–,9.93,–,9.93,–,0.397,17.0,13.9,21.2,0.397,17.0,13.9,21.2,–,–,–,666,–,24.3,–,–,–,–,–,–,–,–,–,–,–,–,–,–,–,–,–,–,–,–,–,–,–,–,–,–,–,–,–,–,–,–,0.835
HSS,HSS2-1/4X2-1/4X.125,HSS2-1/4X2-1/4X1/8,–,3.48,0.956,–,–,2.25,1.9,–,–,–,2.25,1.9,–,–,–,–,–,–,–,0.125,0.116,–,–,–,–,–,–,–,–,–,–,16.4,–,16.4,–,0.712,0.755,0.633,0.863,0.712,0.755,0.633,0.863,–,,–,1.15,–,1.05,–,–,–,–,–,–,–,–,–,–,–,–,–,–,–,–,–,–,–,–,–,–,–,–,–,–,–,–,–,–,–,–,HSS57.2X57.2X3.2,HSS57.2X57.2X3.2,5.16,617,–,–,57.2,48.3,–,–,–,57.2,48.3,–,–,–,–,–,–,–,3.18,2.95,–,–,–,–,–,–,–,–,–,–,16.4,–,16.4,–,0.296,12.4,10.4,21.9,0.296,12.4,10.4,21.9,–,–,–,479,–,17.2,–,–,–,–,–,–,–,–,–,–,–,–,–,–,–,–,–,–,–,–,–,–,–,–,–,–,–,–,–,–,–,–,0.863
HSS,HSS2X2X.250,HSS2X2X1/4,–,5.41,1.51,–,–,2,1.3,–,–,–,2,1.3,–,–,–,–,–,–,–,0.25,0.233,–,–,–,–,–,–,–,–,–,–,5.58,–,5.58,–,0.747,0.964,0.747,0.704,0.747,0.964,0.747,0.704,–,,–,1.31,–,1.41,–,–,–,–,–,–,–,–,–,–,–,–,–,–,–,–,–,–,–,–,–,–,–,–,–,–,–,–,–,–,–,–,HSS50.8X50.8X6.4,HSS50.8X50.8X6.4,8.0,974,–,–,50.8,33,–,–,–,50.8,33,–,–,–,–,–,–,–,6.35,5.92,–,–,–,–,–,–,–,–,–,–,5.58,–,5.58,–,0.311,15.8,12.2,17.9,0.311,15.8,12.2,17.9,–,–,–,545,–,23.1,–,–,–,–,–,–,–,–,–,–,–,–,–,–,–,–,–,–,–,–,–,–,–,–,–,–,–,–,–,–,–,–,0.704
HSS,HSS2X2X.188,HSS2X2X3/16,–,4.32,1.19,–,–,2,1.48,–,–,–,2,1.48,–,–,–,–,–,–,–,0.1875,0.174,–,–,–,–,–,–,–,–,–,–,8.49,–,8.49,–,0.641,0.797,0.641,0.733,0.641,0.797,0.641,0.733,–,,–,1.09,–,1.14,–,–,–,–,–,–,–,–,–,–,–,–,–,–,–,–,–,–,–,–,–,–,–,–,–,–,–,–,–,–,–,–,HSS50.8X50.8X4.8,HSS50.8X50.8X4.8,6.4,768,–,–,50.8,37.6,–,–,–,50.8,37.6,–,–,–,–,–,–,–,4.76,4.42,–,–,–,–,–,–,–,–,–,–,8.49,–,8.49,–,0.267,13.1,10.5,18.6,0.267,13.1,10.5,18.6,–,–,–,454,–,18.7,–,–,–,–,–,–,–,–,–,–,–,–,–,–,–,–,–,–,–,–,–,–,–,–,–,–,–,–,–,–,–,–,0.733
HSS,HSS2X2X.125,HSS2X2X1/8,–,3.05,0.84,–,–,2,1.65,–,–,–,2,1.65,–,–,–,–,–,–,–,0.125,0.116,–,–,–,–,–,–,–,–,–,–,14.2,–,14.2,–,0.486,0.584,0.486,0.761,0.486,0.584,0.486,0.761,–,,–,0.796,–,0.817,–,–,–,–,–,–,–,–,–,–,–,–,–,–,–,–,–,–,–,–,–,–,–,–,–,–,–,–,–,–,–,–,HSS50.8X50.8X3.2,HSS50.8X50.8X3.2,4.53,542,–,–,50.8,41.9,–,–,–,50.8,41.9,–,–,–,–,–,–,–,3.18,2.95,–,–,–,–,–,–,–,–,–,–,14.2,–,14.2,–,0.202,9.57,7.96,19.3,0.202,9.57,7.96,19.3,–,–,–,331,–,13.4,–,–,–,–,–,–,–,–,–,–,–,–,–,–,–,–,–,–,–,–,–,–,–,–,–,–,–,–,–,–,–,–,0.761
HSS,HSS2X1-1/2X.188,HSS2X1-1/2X3/16,–,3.68,1.02,–,–,2,1.48,–,–,–,1.5,0.978,–,–,–,–,–,–,–,0.1875,0.174,–,–,–,–,–,–,–,–,–,–,5.62,–,8.49,–,0.495,0.639,0.495,0.697,0.313,0.521,0.417,0.554,–,,–,0.664,–,0.822,–,–,–,–,–,–,–,–,–,–,–,–,–,–,–,–,–,–,–,–,–,–,–,–,–,–,–,–,–,–,–,–,HSS50.8X38.1X4.8,HSS50.8X38.1X4.8,5.46,658,–,–,50.8,37.6,–,–,–,38.1,24.8,–,–,–,–,–,–,–,4.76,4.42,–,–,–,–,–,–,–,–,–,–,5.62,–,8.49,–,0.206,10.5,8.11,17.7,0.13,8.54,6.83,14.1,–,–,–,276,–,13.5,–,–,–,–,–,–,–,–,–,–,–,–,–,–,–,–,–,–,–,–,–,–,–,–,–,–,–,–,–,–,–,–,0.554
HSS,HSS2X1-1/2X.125,HSS2X1-1/2X1/8,–,2.63,0.724,–,–,2,1.65,–,–,–,1.5,1.15,–,–,–,–,–,–,–,0.125,0.116,–,–,–,–,–,–,–,–,–,–,9.93,–,14.2,–,0.383,0.475,0.383,0.728,0.244,0.389,0.325,0.581,–,,–,0.496,–,0.599,–,–,–,–,–,–,–,–,–,–,–,–,–,–,–,–,–,–,–,–,–,–,–,–,–,–,–,–,–,–,–,–,HSS50.8X38.1X3.2,HSS50.8X38.1X3.2,3.9,467,–,–,50.8,41.9,–,–,–,38.1,29.2,–,–,–,–,–,–,–,3.18,2.95,–,–,–,–,–,–,–,–,–,–,9.93,–,14.2,–,0.159,7.78,6.28,18.5,0.102,6.37,5.33,14.8,–,–,–,206,–,9.82,–,–,–,–,–,–,–,–,–,–,–,–,–,–,–,–,–,–,–,–,–,–,–,–,–,–,–,–,–,–,–,–,0.581
HSS,HSS2X1X.188,HSS2X1X3/16,–,3.04,0.845,–,–,2,1.48,–,–,–,1,0.478,–,–,–,–,–,–,–,0.1875,0.174,–,–,–,–,–,–,–,–,–,–,2.75,–,8.49,–,0.35,0.48,0.35,0.643,0.112,0.288,0.225,0.365,–,,–,0.301,–,0.505,–,–,–,–,–,–,–,–,–,–,–,–,–,–,–,–,–,–,–,–,–,–,–,–,–,–,–,–,–,–,–,–,HSS50.8X25.4X4.8,HSS50.8X25.4X4.8,4.51,545,–,–,50.8,37.6,–,–,–,25.4,12.1,–,–,–,–,–,–,–,4.76,4.42,–,–,–,–,–,–,–,–,–,–,2.75,–,8.49,–,0.146,7.87,5.74,16.3,0.0466,4.72,3.69,9.27,–,–,–,125,–,8.28,–,–,–,–,–,–,–,–,–,–,–,–,–,–,–,–,–,–,–,–,–,–,–,–,–,–,–,–,–,–,–,–,0.365
HSS,HSS2X1X.125,HSS2X1X1/8,–,2.2,0.608,–,–,2,1.65,–,–,–,1,0.652,–,–,–,–,–,–,–,0.125,0.116,–,–,–,–,–,–,–,–,–,–,5.62,–,14.2,–,0.28,0.366,0.28,0.679,0.0922,0.223,0.184,0.39,–,,–,0.238,–,0.38,–,–,–,–,–,–,–,–,–,–,–,–,–,–,–,–,–,–,–,–,–,–,–,–,–,–,–,–,–,–,–,–,HSS50.8X25.4X3.2,HSS50.8X25.4X3.2,3.26,392,–,–,50.8,41.9,–,–,–,25.4,16.6,–,–,–,–,–,–,–,3.18,2.95,–,–,–,–,–,–,–,–,–,–,5.62,–,14.2,–,0.117,6.0,4.59,17.2,0.0384,3.65,3.02,9.91,–,–,–,99.1,–,6.23,–,–,–,–,–,–,–,–,–,–,–,–,–,–,–,–,–,–,–,–,–,–,–,–,–,–,–,–,–,–,–,–,0.39
HSS,HSS1-1/2X1-1/2X.250,HSS1-1/2X1-1/2X1/4,–,3.71,1.04,–,–,1.5,0.801,–,–,–,1.5,0.801,–,–,–,–,–,–,–,0.25,0.233,–,–,–,–,–,–,–,–,–,–,3.44,–,3.44,–,0.26,0.469,0.346,0.5,0.26,0.469,0.346,0.5,–,,–,0.47,–,0.699,–,–,–,–,–,–,–,–,–,–,–,–,–,–,–,–,–,–,–,–,–,–,–,–,–,–,–,–,–,–,–,–,HSS38.1X38.1X6.4,HSS38.1X38.1X6.4,5.52,671,–,–,38.1,20.3,–,–,–,38.1,20.3,–,–,–,–,–,–,–,6.35,5.92,–,–,–,–,–,–,–,–,–,–,3.44,–,3.44,–,0.108,7.69,5.67,12.7,0.108,7.69,5.67,12.7,–,–,–,196,–,11.5,–,–,–,–,–,–,–,–,–,–,–,–,–,–,–,–,–,–,–,–,–,–,–,–,–,–,–,–,–,–,–,–,0.5
HSS,HSS1-1/2X1-1/2X.188,HSS1-1/2X1-1/2X3/16,–,3.04,0.845,–,–,1.5,0.978,–,–,–,1.5,0.978,–,–,–,–,–,–,–,0.188,0.174,–,–,–,–,–,–,–,–,–,–,5.62,–,5.62,–,0.236,0.406,0.315,0.528,0.236,0.406,0.315,0.528,–,,–,0.414,–,0.592,–,–,–,–,–,–,–,–,–,–,–,–,–,–,–,–,–,–,–,–,–,–,–,–,–,–,–,–,–,–,–,–,HSS38.1X38.1X4.8,HSS38.1X38.1X4.8,4.52,545,–,–,38.1,24.8,–,–,–,38.1,24.8,–,–,–,–,–,–,–,4.78,4.42,–,–,–,–,–,–,–,–,–,–,5.62,–,5.62,–,0.0982,6.65,5.16,13.4,0.0982,6.65,5.16,13.4,–,–,–,172,–,9.7,–,–,–,–,–,–,–,–,–,–,–,–,–,–,–,–,–,–,–,–,–,–,–,–,–,–,–,–,–,–,–,–,0.528
HSS,HSS1-1/2X1-1/2X.125,HSS1-1/2X1-1/2X1/8,–,2.2,0.608,–,–,1.5,1.15,–,–,–,1.5,1.15,–,–,–,–,–,–,–,0.125,0.116,–,–,–,–,–,–,–,–,–,–,9.93,–,9.93,–,0.188,0.309,0.251,0.557,0.188,0.309,0.251,0.557,–,,–,0.316,–,0.438,–,–,–,–,–,–,–,–,–,–,–,–,–,–,–,–,–,–,–,–,–,–,–,–,–,–,–,–,–,–,–,–,HSS38.1X38.1X3.2,HSS38.1X38.1X3.2,3.27,392,–,–,38.1,29.2,–,–,–,38.1,29.2,–,–,–,–,–,–,–,3.18,2.95,–,–,–,–,–,–,–,–,–,–,9.93,–,9.93,–,0.0783,5.06,4.11,14.1,0.0783,5.06,4.11,14.1,–,–,–,132,–,7.18,–,–,–,–,–,–,–,–,–,–,–,–,–,–,–,–,–,–,–,–,–,–,–,–,–,–,–,–,–,–,–,–,0.557
HSS,HSS28X1.000,HSS28.000X1.000,–,288.63,79.1,–,–,–,–,28,–,–,–,–,–,–,–,–,–,–,–,1,0.93,–,–,–,–,–,–,–,–,–,–,–,–,–,30.1,7250.0,682.0,518.0,9.58,7250.0,682.0,518.0,9.58,–,,–,14500,–,1030,–,–,–,–,–,–,–,–,–,–,–,–,–,–,–,–,–,–,–,–,–,–,–,–,–,–,–,–,–,–,–,–,HSS711.2X25.4,HSS711.2X25.4,430.0,51000,–,–,–,–,711,–,–,–,–,–,–,–,–,–,–,–,25.4,23.6,–,–,–,–,–,–,–,–,–,–,–,–,–,30.1,3020.0,11200.0,8490.0,243.0,3020.0,11200.0,8490.0,243.0,–,–,–,6040000,–,16900,–,–,–,–,–,–,–,–,–,–,–,–,–,–,–,–,–,–,–,–,–,–,–,–,–,–,–,–,–,–,–,–,9.58
HSS,HSS28X.875,HSS28.000X0.875,–,253.72,69.5,–,–,–,–,28,–,–,–,–,–,–,–,–,–,–,–,0.875,0.814,–,–,–,–,–,–,–,–,–,–,–,–,–,34.4,6430.0,602.0,459.0,9.62,6430.0,602.0,459.0,9.62,–,,–,12900,–,917,–,–,–,–,–,–,–,–,–,–,–,–,–,–,–,–,–,–,–,–,–,–,–,–,–,–,–,–,–,–,–,–,HSS711.2X22.2,HSS711.2X22.2,378.0,44800,–,–,–,–,711,–,–,–,–,–,–,–,–,–,–,–,22.2,20.7,–,–,–,–,–,–,–,–,–,–,–,–,–,34.4,2680.0,9870.0,7520.0,244.0,2680.0,9870.0,7520.0,244.0,–,–,–,5370000,–,15000,–,–,–,–,–,–,–,–,–,–,–,–,–,–,–,–,–,–,–,–,–,–,–,–,–,–,–,–,–,–,–,–,9.62
HSS,HSS28X.750,HSS28.000X0.750,–,218.48,59.8,–,–,–,–,28,–,–,–,–,–,–,–,–,–,–,–,0.75,0.698,–,–,–,–,–,–,–,–,–,–,–,–,–,40.1,5580.0,520.0,398.0,9.66,5580.0,520.0,398.0,9.66,–,,–,11200,–,796,–,–,–,–,–,–,–,–,–,–,–,–,–,–,–,–,–,–,–,–,–,–,–,–,–,–,–,–,–,–,–,–,HSS711.2X19.0,HSS711.2X19.0,325.0,38600,–,–,–,–,711,–,–,–,–,–,–,–,–,–,–,–,19.1,17.7,–,–,–,–,–,–,–,–,–,–,–,–,–,40.1,2320.0,8520.0,6520.0,245.0,2320.0,8520.0,6520.0,245.0,–,–,–,4660000,–,13000,–,–,–,–,–,–,–,–,–,–,–,–,–,–,–,–,–,–,–,–,–,–,–,–,–,–,–,–,–,–,–,–,9.66
HSS,HSS28X.625,HSS28.000X0.625,–,182.9,50.1,–,–,–,–,28,–,–,–,–,–,–,–,–,–,–,–,0.625,0.581,–,–,–,–,–,–,–,–,–,–,–,–,–,48.2,4710.0,437.0,336.0,9.7,4710.0,437.0,336.0,9.7,–,,–,9410,–,672,–,–,–,–,–,–,–,–,–,–,–,–,–,–,–,–,–,–,–,–,–,–,–,–,–,–,–,–,–,–,–,–,HSS711.2X15.9,HSS711.2X15.9,272.0,32300,–,–,–,–,711,–,–,–,–,–,–,–,–,–,–,–,15.9,14.8,–,–,–,–,–,–,–,–,–,–,–,–,–,48.2,1960.0,7160.0,5510.0,246.0,1960.0,7160.0,5510.0,246.0,–,–,–,3920000,–,11000,–,–,–,–,–,–,–,–,–,–,–,–,–,–,–,–,–,–,–,–,–,–,–,–,–,–,–,–,–,–,–,–,9.7
HSS,HSS28X.500,HSS28.000X0.500,–,146.99,40.2,–,–,–,–,28,–,–,–,–,–,–,–,–,–,–,–,0.5,0.465,–,–,–,–,–,–,–,–,–,–,–,–,–,60.2,3810.0,353.0,272.0,9.74,3810.0,353.0,272.0,9.74,–,,–,7630,–,544,–,–,–,–,–,–,–,–,–,–,–,–,–,–,–,–,–,–,–,–,–,–,–,–,–,–,–,–,–,–,–,–,HSS711.2X12.7,HSS711.2X12.7,219.0,25900,–,–,–,–,711,–,–,–,–,–,–,–,–,–,–,–,12.7,11.8,–,–,–,–,–,–,–,–,–,–,–,–,–,60.2,1590.0,5780.0,4460.0,247.0,1590.0,5780.0,4460.0,247.0,–,–,–,3180000,–,8910,–,–,–,–,–,–,–,–,–,–,–,–,–,–,–,–,–,–,–,–,–,–,–,–,–,–,–,–,–,–,–,–,9.74
HSS,HSS28X.375,HSS28.000X0.375,–,110.74,30.3,–,–,–,–,28,–,–,–,–,–,–,–,–,–,–,–,0.375,0.349,–,–,–,–,–,–,–,–,–,–,–,–,–,80.3,2900.0,267.0,207.0,9.78,2900.0,267.0,207.0,9.78,–,,–,5790,–,414,–,–,–,–,–,–,–,–,–,–,–,–,–,–,–,–,–,–,–,–,–,–,–,–,–,–,–,–,–,–,–,–,HSS711.2X9.5,HSS711.2X9.5,165.0,19500,–,–,–,–,711,–,–,–,–,–,–,–,–,–,–,–,9.53,8.86,–,–,–,–,–,–,–,–,–,–,–,–,–,80.3,1210.0,4380.0,3390.0,248.0,1210.0,4380.0,3390.0,248.0,–,–,–,2410000,–,6780,–,–,–,–,–,–,–,–,–,–,–,–,–,–,–,–,–,–,–,–,–,–,–,–,–,–,–,–,–,–,–,–,9.78
HSS,HSS26X.750,HSS26.000X0.750,–,202.44,55.4,–,–,–,–,26,–,–,–,–,–,–,–,–,–,–,–,0.75,0.698,–,–,–,–,–,–,–,–,–,–,–,–,–,37.3,4440.0,447.0,342.0,8.95,4440.0,447.0,342.0,8.95,–,,–,8880,–,682,–,–,–,–,–,–,–,–,–,–,–,–,–,–,–,–,–,–,–,–,–,–,–,–,–,–,–,–,–,–,–,–,HSS660.4X19.0,HSS660.4X19.0,301.0,35700,–,–,–,–,660,–,–,–,–,–,–,–,–,–,–,–,19.1,17.7,–,–,–,–,–,–,–,–,–,–,–,–,–,37.3,1850.0,7330.0,5600.0,227.0,1850.0,7330.0,5600.0,227.0,–,–,–,3700000,–,11200,–,–,–,–,–,–,–,–,–,–,–,–,–,–,–,–,–,–,–,–,–,–,–,–,–,–,–,–,–,–,–,–,8.95
HSS,HSS26X.625,HSS26.000X0.625,–,169.54,46.4,–,–,–,–,26,–,–,–,–,–,–,–,–,–,–,–,0.625,0.581,–,–,–,–,–,–,–,–,–,–,–,–,–,44.7,3750.0,376.0,289.0,8.99,3750.0,376.0,289.0,8.99,–,,–,7500,–,577,–,–,–,–,–,–,–,–,–,–,–,–,–,–,–,–,–,–,–,–,–,–,–,–,–,–,–,–,–,–,–,–,HSS660.4X15.9,HSS660.4X15.9,252.0,29900,–,–,–,–,660,–,–,–,–,–,–,–,–,–,–,–,15.9,14.8,–,–,–,–,–,–,–,–,–,–,–,–,–,44.7,1560.0,6160.0,4740.0,228.0,1560.0,6160.0,4740.0,228.0,–,–,–,3120000,–,9460,–,–,–,–,–,–,–,–,–,–,–,–,–,–,–,–,–,–,–,–,–,–,–,–,–,–,–,–,–,–,–,–,8.99
HSS,HSS26X.500,HSS26.000X0.500,–,136.3,37.3,–,–,–,–,26,–,–,–,–,–,–,–,–,–,–,–,0.5,0.465,–,–,–,–,–,–,–,–,–,–,–,–,–,55.9,3040.0,303.0,234.0,9.03,3040.0,303.0,234.0,9.03,–,,–,6080,–,468,–,–,–,–,–,–,–,–,–,–,–,–,–,–,–,–,–,–,–,–,–,–,–,–,–,–,–,–,–,–,–,–,HSS660.4X12.7,HSS660.4X12.7,203.0,24100,–,–,–,–,660,–,–,–,–,–,–,–,–,–,–,–,12.7,11.8,–,–,–,–,–,–,–,–,–,–,–,–,–,55.9,1270.0,4970.0,3830.0,229.0,1270.0,4970.0,3830.0,229.0,–,–,–,2530000,–,7670,–,–,–,–,–,–,–,–,–,–,–,–,–,–,–,–,–,–,–,–,–,–,–,–,–,–,–,–,–,–,–,–,9.03
HSS,HSS26X.375,HSS26.000X0.375,–,102.73,28.1,–,–,–,–,26,–,–,–,–,–,–,–,–,–,–,–,0.375,0.349,–,–,–,–,–,–,–,–,–,–,–,–,–,74.6,2310.0,229.0,178.0,9.07,2310.0,229.0,178.0,9.07,–,,–,4620,–,356,–,–,–,–,–,–,–,–,–,–,–,–,–,–,–,–,–,–,–,–,–,–,–,–,–,–,–,–,–,–,–,–,HSS660.4X9.5,HSS660.4X9.5,153.0,18100,–,–,–,–,660,–,–,–,–,–,–,–,–,–,–,–,9.53,8.86,–,–,–,–,–,–,–,–,–,–,–,–,–,74.6,961.0,3750.0,2920.0,230.0,961.0,3750.0,2920.0,230.0,–,–,–,1920000,–,5830,–,–,–,–,–,–,–,–,–,–,–,–,–,–,–,–,–,–,–,–,–,–,–,–,–,–,–,–,–,–,–,–,9.07
HSS,HSS26X.313,HSS26.000X0.313,–,85.81,23.5,–,–,–,–,26,–,–,–,–,–,–,–,–,–,–,–,0.313,0.291,–,–,–,–,–,–,–,–,–,–,–,–,–,89.5,1940.0,192.0,149.0,9.09,1940.0,192.0,149.0,9.09,–,,–,3880,–,298,–,–,–,–,–,–,–,–,–,–,–,–,–,–,–,–,–,–,–,–,–,–,–,–,–,–,–,–,–,–,–,–,HSS660.4X7.9,HSS660.4X7.9,128.0,15200,–,–,–,–,660,–,–,–,–,–,–,–,–,–,–,–,7.95,7.39,–,–,–,–,–,–,–,–,–,–,–,–,–,89.5,807.0,3150.0,2440.0,231.0,807.0,3150.0,2440.0,231.0,–,–,–,1610000,–,4880,–,–,–,–,–,–,–,–,–,–,–,–,–,–,–,–,–,–,–,–,–,–,–,–,–,–,–,–,–,–,–,–,9.09
HSS,HSS24X1.000,HSS24.000X1.000,–,245.87,67.4,–,–,–,–,24,–,–,–,–,–,–,–,–,–,–,–,1,0.93,–,–,–,–,–,–,–,–,–,–,–,–,–,25.8,4490.0,495.0,374.0,8.16,4490.0,495.0,374.0,8.16,–,,–,8980,–,746,–,–,–,–,–,–,–,–,–,–,–,–,–,–,–,–,–,–,–,–,–,–,–,–,–,–,–,–,–,–,–,–,HSS609.6X25.4,HSS609.6X25.4,366.0,43500,–,–,–,–,610,–,–,–,–,–,–,–,–,–,–,–,25.4,23.6,–,–,–,–,–,–,–,–,–,–,–,–,–,25.8,1870.0,8110.0,6130.0,207.0,1870.0,8110.0,6130.0,207.0,–,–,–,3740000,–,12200,–,–,–,–,–,–,–,–,–,–,–,–,–,–,–,–,–,–,–,–,–,–,–,–,–,–,–,–,–,–,–,–,8.16
HSS,HSS24X.875,HSS24.000X0.875,–,216.31,59.3,–,–,–,–,24,–,–,–,–,–,–,–,–,–,–,–,0.875,0.814,–,–,–,–,–,–,–,–,–,–,–,–,–,29.5,3990.0,438.0,332.0,8.2,3990.0,438.0,332.0,8.2,–,,–,7980,–,663,–,–,–,–,–,–,–,–,–,–,–,–,–,–,–,–,–,–,–,–,–,–,–,–,–,–,–,–,–,–,–,–,HSS609.6X22.2,HSS609.6X22.2,322.0,38300,–,–,–,–,610,–,–,–,–,–,–,–,–,–,–,–,22.2,20.7,–,–,–,–,–,–,–,–,–,–,–,–,–,29.5,1660.0,7180.0,5440.0,208.0,1660.0,7180.0,5440.0,208.0,–,–,–,3320000,–,10900,–,–,–,–,–,–,–,–,–,–,–,–,–,–,–,–,–,–,–,–,–,–,–,–,–,–,–,–,–,–,–,–,8.2
HSS,HSS24X.750,HSS24.000X0.750,–,186.41,51.1,–,–,–,–,24,–,–,–,–,–,–,–,–,–,–,–,0.75,0.698,–,–,–,–,–,–,–,–,–,–,–,–,–,34.4,3470.0,379.0,289.0,8.24,3470.0,379.0,289.0,8.24,–,,–,6940,–,577,–,–,–,–,–,–,–,–,–,–,–,–,–,–,–,–,–,–,–,–,–,–,–,–,–,–,–,–,–,–,–,–,HSS609.6X19.0,HSS609.6X19.0,277.0,33000,–,–,–,–,610,–,–,–,–,–,–,–,–,–,–,–,19.1,17.7,–,–,–,–,–,–,–,–,–,–,–,–,–,34.4,1440.0,6210.0,4740.0,209.0,1440.0,6210.0,4740.0,209.0,–,–,–,2890000,–,9460,–,–,–,–,–,–,–,–,–,–,–,–,–,–,–,–,–,–,–,–,–,–,–,–,–,–,–,–,–,–,–,–,8.24
HSS,HSS24X.625,HSS24.000X0.625,–,156.18,42.8,–,–,–,–,24,–,–,–,–,–,–,–,–,–,–,–,0.625,0.581,–,–,–,–,–,–,–,–,–,–,–,–,–,41.3,2930.0,319.0,244.0,8.28,2930.0,319.0,244.0,8.28,–,,–,5870,–,488,–,–,–,–,–,–,–,–,–,–,–,–,–,–,–,–,–,–,–,–,–,–,–,–,–,–,–,–,–,–,–,–,HSS609.6X15.9,HSS609.6X15.9,232.0,27600,–,–,–,–,610,–,–,–,–,–,–,–,–,–,–,–,15.9,14.8,–,–,–,–,–,–,–,–,–,–,–,–,–,41.3,1220.0,5230.0,4000.0,210.0,1220.0,5230.0,4000.0,210.0,–,–,–,2440000,–,8000,–,–,–,–,–,–,–,–,–,–,–,–,–,–,–,–,–,–,–,–,–,–,–,–,–,–,–,–,–,–,–,–,8.28
HSS,HSS24X.500,HSS24.000X0.500,–,125.61,34.4,–,–,–,–,24,–,–,–,–,–,–,–,–,–,–,–,0.5,0.465,–,–,–,–,–,–,–,–,–,–,–,–,–,51.6,2380.0,258.0,198.0,8.32,2380.0,258.0,198.0,8.32,–,,–,4760,–,397,–,–,–,–,–,–,–,–,–,–,–,–,–,–,–,–,–,–,–,–,–,–,–,–,–,–,–,–,–,–,–,–,HSS609.6X12.7,HSS609.6X12.7,187.0,22200,–,–,–,–,610,–,–,–,–,–,–,–,–,–,–,–,12.7,11.8,–,–,–,–,–,–,–,–,–,–,–,–,–,51.6,991.0,4230.0,3240.0,211.0,991.0,4230.0,3240.0,211.0,–,–,–,1980000,–,6510,–,–,–,–,–,–,–,–,–,–,–,–,–,–,–,–,–,–,–,–,–,–,–,–,–,–,–,–,–,–,–,–,8.32
HSS,HSS24X.375,HSS24.000X0.375,–,94.71,25.9,–,–,–,–,24,–,–,–,–,–,–,–,–,–,–,–,0.375,0.349,–,–,–,–,–,–,–,–,–,–,–,–,–,68.8,1810.0,195.0,151.0,8.36,1810.0,195.0,151.0,8.36,–,,–,3620,–,302,–,–,–,–,–,–,–,–,–,–,–,–,–,–,–,–,–,–,–,–,–,–,–,–,–,–,–,–,–,–,–,–,HSS609.6X9.5,HSS609.6X9.5,141.0,16700,–,–,–,–,610,–,–,–,–,–,–,–,–,–,–,–,9.53,8.86,–,–,–,–,–,–,–,–,–,–,–,–,–,68.8,753.0,3200.0,2470.0,212.0,753.0,3200.0,2470.0,212.0,–,–,–,1510000,–,4950,–,–,–,–,–,–,–,–,–,–,–,–,–,–,–,–,–,–,–,–,–,–,–,–,–,–,–,–,–,–,–,–,8.36
HSS,HSS24X.313,HSS24.000X0.313,–,79.13,21.6,–,–,–,–,24,–,–,–,–,–,–,–,–,–,–,–,0.313,0.291,–,–,–,–,–,–,–,–,–,–,–,–,–,82.6,1520.0,163.0,127.0,8.38,1520.0,163.0,127.0,8.38,–,,–,3040,–,253,–,–,–,–,–,–,–,–,–,–,–,–,–,–,–,–,–,–,–,–,–,–,–,–,–,–,–,–,–,–,–,–,HSS609.6X7.9,HSS609.6X7.9,118.0,13900,–,–,–,–,610,–,–,–,–,–,–,–,–,–,–,–,7.95,7.39,–,–,–,–,–,–,–,–,–,–,–,–,–,82.6,633.0,2670.0,2080.0,213.0,633.0,2670.0,2080.0,213.0,–,–,–,1270000,–,4150,–,–,–,–,–,–,–,–,–,–,–,–,–,–,–,–,–,–,–,–,–,–,–,–,–,–,–,–,–,–,–,–,8.38
HSS,HSS22X.750,HSS22.000X0.750,–,170.37,46.7,–,–,–,–,22,–,–,–,–,–,–,–,–,–,–,–,0.75,0.698,–,–,–,–,–,–,–,–,–,–,–,–,–,31.5,2650.0,317.0,241.0,7.54,2650.0,317.0,241.0,7.54,–,,–,5300,–,481,–,–,–,–,–,–,–,–,–,–,–,–,–,–,–,–,–,–,–,–,–,–,–,–,–,–,–,–,–,–,–,–,HSS558.8X19.0,HSS558.8X19.0,254.0,30100,–,–,–,–,559,–,–,–,–,–,–,–,–,–,–,–,19.1,17.7,–,–,–,–,–,–,–,–,–,–,–,–,–,31.5,1100.0,5190.0,3950.0,192.0,1100.0,5190.0,3950.0,192.0,–,–,–,2210000,–,7880,–,–,–,–,–,–,–,–,–,–,–,–,–,–,–,–,–,–,–,–,–,–,–,–,–,–,–,–,–,–,–,–,7.54
HSS,HSS22X.625,HSS22.000X0.625,–,142.81,39.1,–,–,–,–,22,–,–,–,–,–,–,–,–,–,–,–,0.625,0.581,–,–,–,–,–,–,–,–,–,–,–,–,–,37.8,2240.0,267.0,204.0,7.58,2240.0,267.0,204.0,7.58,–,,–,4490,–,408,–,–,–,–,–,–,–,–,–,–,–,–,–,–,–,–,–,–,–,–,–,–,–,–,–,–,–,–,–,–,–,–,HSS558.8X15.9,HSS558.8X15.9,213.0,25200,–,–,–,–,559,–,–,–,–,–,–,–,–,–,–,–,15.9,14.8,–,–,–,–,–,–,–,–,–,–,–,–,–,37.8,932.0,4380.0,3340.0,193.0,932.0,4380.0,3340.0,193.0,–,–,–,1870000,–,6690,–,–,–,–,–,–,–,–,–,–,–,–,–,–,–,–,–,–,–,–,–,–,–,–,–,–,–,–,–,–,–,–,7.58
HSS,HSS22X.500,HSS22.000X0.500,–,114.92,31.5,–,–,–,–,22,–,–,–,–,–,–,–,–,–,–,–,0.5,0.465,–,–,–,–,–,–,–,–,–,–,–,–,–,47.3,1820.0,216.0,166.0,7.62,1820.0,216.0,166.0,7.62,–,,–,3650,–,331,–,–,–,–,–,–,–,–,–,–,–,–,–,–,–,–,–,–,–,–,–,–,–,–,–,–,–,–,–,–,–,–,HSS558.8X12.7,HSS558.8X12.7,171.0,20300,–,–,–,–,559,–,–,–,–,–,–,–,–,–,–,–,12.7,11.8,–,–,–,–,–,–,–,–,–,–,–,–,–,47.3,758.0,3540.0,2720.0,194.0,758.0,3540.0,2720.0,194.0,–,–,–,1520000,–,5420,–,–,–,–,–,–,–,–,–,–,–,–,–,–,–,–,–,–,–,–,–,–,–,–,–,–,–,–,–,–,–,–,7.62
HSS,HSS22X.375,HSS22.000X0.375,–,86.69,23.7,–,–,–,–,22,–,–,–,–,–,–,–,–,–,–,–,0.375,0.349,–,–,–,–,–,–,–,–,–,–,–,–,–,63.1,1390.0,163.0,126.0,7.66,1390.0,163.0,126.0,7.66,–,,–,2780,–,253,–,–,–,–,–,–,–,–,–,–,–,–,–,–,–,–,–,–,–,–,–,–,–,–,–,–,–,–,–,–,–,–,HSS558.8X9.5,HSS558.8X9.5,129.0,15300,–,–,–,–,559,–,–,–,–,–,–,–,–,–,–,–,9.53,8.86,–,–,–,–,–,–,–,–,–,–,–,–,–,63.1,579.0,2670.0,2060.0,195.0,579.0,2670.0,2060.0,195.0,–,–,–,1160000,–,4150,–,–,–,–,–,–,–,–,–,–,–,–,–,–,–,–,–,–,–,–,–,–,–,–,–,–,–,–,–,–,–,–,7.66
HSS,HSS22X.313,HSS22.000X0.313,–,72.45,19.8,–,–,–,–,22,–,–,–,–,–,–,–,–,–,–,–,0.313,0.291,–,–,–,–,–,–,–,–,–,–,–,–,–,75.7,1170.0,137.0,106.0,7.68,1170.0,137.0,106.0,7.68,–,,–,2340,–,212,–,–,–,–,–,–,–,–,–,–,–,–,–,–,–,–,–,–,–,–,–,–,–,–,–,–,–,–,–,–,–,–,HSS558.8X7.9,HSS558.8X7.9,108.0,12800,–,–,–,–,559,–,–,–,–,–,–,–,–,–,–,–,7.95,7.39,–,–,–,–,–,–,–,–,–,–,–,–,–,75.7,487.0,2250.0,1740.0,195.0,487.0,2250.0,1740.0,195.0,–,–,–,974000,–,3470,–,–,–,–,–,–,–,–,–,–,–,–,–,–,–,–,–,–,–,–,–,–,–,–,–,–,–,–,–,–,–,–,7.68
HSS,HSS20X1.000,HSS20.000X1.000,–,203.11,55.7,–,–,–,–,20,–,–,–,–,–,–,–,–,–,–,–,1,0.93,–,–,–,–,–,–,–,–,–,–,–,–,–,21.5,2540.0,338.0,254.0,6.75,2540.0,338.0,254.0,6.75,–,,–,5080,–,506,–,–,–,–,–,–,–,–,–,–,–,–,–,–,–,–,–,–,–,–,–,–,–,–,–,–,–,–,–,–,–,–,HSS508X25.4,HSS508X25.4,302.0,35900,–,–,–,–,508,–,–,–,–,–,–,–,–,–,–,–,25.4,23.6,–,–,–,–,–,–,–,–,–,–,–,–,–,21.5,1060.0,5540.0,4160.0,171.0,1060.0,5540.0,4160.0,171.0,–,–,–,2110000,–,8290,–,–,–,–,–,–,–,–,–,–,–,–,–,–,–,–,–,–,–,–,–,–,–,–,–,–,–,–,–,–,–,–,6.75
HSS,HSS20X.875,HSS20.000X0.875,–,178.89,49.0,–,–,–,–,20,–,–,–,–,–,–,–,–,–,–,–,0.875,0.814,–,–,–,–,–,–,–,–,–,–,–,–,–,24.6,2260.0,300.0,226.0,6.79,2260.0,300.0,226.0,6.79,–,,–,4520,–,451,–,–,–,–,–,–,–,–,–,–,–,–,–,–,–,–,–,–,–,–,–,–,–,–,–,–,–,–,–,–,–,–,HSS508X22.2,HSS508X22.2,266.0,31600,–,–,–,–,508,–,–,–,–,–,–,–,–,–,–,–,22.2,20.7,–,–,–,–,–,–,–,–,–,–,–,–,–,24.6,941.0,4920.0,3700.0,172.0,941.0,4920.0,3700.0,172.0,–,–,–,1880000,–,7390,–,–,–,–,–,–,–,–,–,–,–,–,–,–,–,–,–,–,–,–,–,–,–,–,–,–,–,–,–,–,–,–,6.79
HSS,HSS20X.750,HSS20.000X0.750,–,154.34,42.3,–,–,–,–,20,–,–,–,–,–,–,–,–,–,–,–,0.75,0.698,–,–,–,–,–,–,–,–,–,–,–,–,–,28.7,1970.0,260.0,197.0,6.83,1970.0,260.0,197.0,6.83,–,,–,3940,–,394,–,–,–,–,–,–,–,–,–,–,–,–,–,–,–,–,–,–,–,–,–,–,–,–,–,–,–,–,–,–,–,–,HSS508X19.0,HSS508X19.0,230.0,27300,–,–,–,–,508,–,–,–,–,–,–,–,–,–,–,–,19.1,17.7,–,–,–,–,–,–,–,–,–,–,–,–,–,28.7,820.0,4260.0,3230.0,173.0,820.0,4260.0,3230.0,173.0,–,–,–,1640000,–,6460,–,–,–,–,–,–,–,–,–,–,–,–,–,–,–,–,–,–,–,–,–,–,–,–,–,–,–,–,–,–,–,–,6.83
HSS,HSS20X.625,HSS20.000X0.625,–,129.45,35.5,–,–,–,–,20,–,–,–,–,–,–,–,–,–,–,–,0.625,0.581,–,–,–,–,–,–,–,–,–,–,–,–,–,34.4,1670.0,219.0,167.0,6.87,1670.0,219.0,167.0,6.87,–,,–,3350,–,334,–,–,–,–,–,–,–,–,–,–,–,–,–,–,–,–,–,–,–,–,–,–,–,–,–,–,–,–,–,–,–,–,HSS508X15.9,HSS508X15.9,193.0,22900,–,–,–,–,508,–,–,–,–,–,–,–,–,–,–,–,15.9,14.8,–,–,–,–,–,–,–,–,–,–,–,–,–,34.4,695.0,3590.0,2740.0,174.0,695.0,3590.0,2740.0,174.0,–,–,–,1390000,–,5470,–,–,–,–,–,–,–,–,–,–,–,–,–,–,–,–,–,–,–,–,–,–,–,–,–,–,–,–,–,–,–,–,6.87
HSS,HSS20X.500,HSS20.000X0.500,–,104.0,28.5,–,–,–,–,20,–,–,–,–,–,–,–,–,–,–,–,0.5,0.465,–,–,–,–,–,–,–,–,–,–,–,–,–,43,1360.0,177.0,136.0,6.91,1360.0,177.0,136.0,6.91,–,,–,2720,–,272,–,–,–,–,–,–,–,–,–,–,–,–,–,–,–,–,–,–,–,–,–,–,–,–,–,–,–,–,–,–,–,–,HSS508X12.7,HSS508X12.7,155.0,18400,–,–,–,–,508,–,–,–,–,–,–,–,–,–,–,–,12.7,11.8,–,–,–,–,–,–,–,–,–,–,–,–,–,43,566.0,2900.0,2230.0,176.0,566.0,2900.0,2230.0,176.0,–,–,–,1130000,–,4460,–,–,–,–,–,–,–,–,–,–,–,–,–,–,–,–,–,–,–,–,–,–,–,–,–,–,–,–,–,–,–,–,6.91
HSS,HSS20X.375,HSS20.000X0.375,–,78.67,21.5,–,–,–,–,20,–,–,–,–,–,–,–,–,–,–,–,0.375,0.349,–,–,–,–,–,–,–,–,–,–,–,–,–,57.3,1040.0,135.0,104.0,6.95,1040.0,135.0,104.0,6.95,–,,–,2080,–,208,–,–,–,–,–,–,–,–,–,–,–,–,–,–,–,–,–,–,–,–,–,–,–,–,–,–,–,–,–,–,–,–,HSS508X9.5,HSS508X9.5,117.0,13900,–,–,–,–,508,–,–,–,–,–,–,–,–,–,–,–,9.53,8.86,–,–,–,–,–,–,–,–,–,–,–,–,–,57.3,433.0,2210.0,1700.0,177.0,433.0,2210.0,1700.0,177.0,–,–,–,866000,–,3410,–,–,–,–,–,–,–,–,–,–,–,–,–,–,–,–,–,–,–,–,–,–,–,–,–,–,–,–,–,–,–,–,6.95
HSS,HSS20X.313,HSS20.000X0.313,–,65.77,18.0,–,–,–,–,20,–,–,–,–,–,–,–,–,–,–,–,0.313,0.291,–,–,–,–,–,–,–,–,–,–,–,–,–,68.8,874.0,113.0,87.4,6.97,874.0,113.0,87.4,6.97,–,,–,1750,–,175,–,–,–,–,–,–,–,–,–,–,–,–,–,–,–,–,–,–,–,–,–,–,–,–,–,–,–,–,–,–,–,–,HSS508X7.9,HSS508X7.9,97.9,11600,–,–,–,–,508,–,–,–,–,–,–,–,–,–,–,–,7.95,7.39,–,–,–,–,–,–,–,–,–,–,–,–,–,68.8,364.0,1850.0,1430.0,177.0,364.0,1850.0,1430.0,177.0,–,–,–,728000,–,2870,–,–,–,–,–,–,–,–,–,–,–,–,–,–,–,–,–,–,–,–,–,–,–,–,–,–,–,–,–,–,–,–,6.97
HSS,HSS20X.250,HSS20.000X0.250,–,52.78,14.4,–,–,–,–,20,–,–,–,–,–,–,–,–,–,–,–,0.25,0.233,–,–,–,–,–,–,–,–,–,–,–,–,–,86,705.0,90.9,70.5,6.99,705.0,90.9,70.5,6.99,–,,–,1410,–,141,–,–,–,–,–,–,–,–,–,–,–,–,–,–,–,–,–,–,–,–,–,–,–,–,–,–,–,–,–,–,–,–,HSS508X6.4,HSS508X6.4,78.5,9290,–,–,–,–,508,–,–,–,–,–,–,–,–,–,–,–,6.35,5.92,–,–,–,–,–,–,–,–,–,–,–,–,–,86,293.0,1490.0,1160.0,178.0,293.0,1490.0,1160.0,178.0,–,–,–,587000,–,2310,–,–,–,–,–,–,–,–,–,–,–,–,–,–,–,–,–,–,–,–,–,–,–,–,–,–,–,–,–,–,–,–,6.99
HSS,HSS18X1.000,HSS18.000X1.000,–,181.73,49.9,–,–,–,–,18,–,–,–,–,–,–,–,–,–,–,–,1,0.93,–,–,–,–,–,–,–,–,–,–,–,–,–,19.4,1820.0,271.0,202.0,6.04,1820.0,271.0,202.0,6.04,–,,–,3640,–,403,–,–,–,–,–,–,–,–,–,–,–,–,–,–,–,–,–,–,–,–,–,–,–,–,–,–,–,–,–,–,–,–,HSS457.2X25.4,HSS457.2X25.4,270.0,32200,–,–,–,–,457,–,–,–,–,–,–,–,–,–,–,–,25.4,23.6,–,–,–,–,–,–,–,–,–,–,–,–,–,19.4,758.0,4440.0,3310.0,153.0,758.0,4440.0,3310.0,153.0,–,–,–,1520000,–,6600,–,–,–,–,–,–,–,–,–,–,–,–,–,–,–,–,–,–,–,–,–,–,–,–,–,–,–,–,–,–,–,–,6.04
HSS,HSS18X.875,HSS18.000X0.875,–,160.19,43.9,–,–,–,–,18,–,–,–,–,–,–,–,–,–,–,–,0.875,0.814,–,–,–,–,–,–,–,–,–,–,–,–,–,22.1,1630.0,241.0,181.0,6.08,1630.0,241.0,181.0,6.08,–,,–,3250,–,360,–,–,–,–,–,–,–,–,–,–,–,–,–,–,–,–,–,–,–,–,–,–,–,–,–,–,–,–,–,–,–,–,HSS457.2X22.2,HSS457.2X22.2,238.0,28300,–,–,–,–,457,–,–,–,–,–,–,–,–,–,–,–,22.2,20.7,–,–,–,–,–,–,–,–,–,–,–,–,–,22.1,678.0,3950.0,2970.0,154.0,678.0,3950.0,2970.0,154.0,–,–,–,1350000,–,5900,–,–,–,–,–,–,–,–,–,–,–,–,–,–,–,–,–,–,–,–,–,–,–,–,–,–,–,–,–,–,–,–,6.08
HSS,HSS18X.750,HSS18.000X0.750,–,138.3,37.9,–,–,–,–,18,–,–,–,–,–,–,–,–,–,–,–,0.75,0.698,–,–,–,–,–,–,–,–,–,–,–,–,–,25.8,1420.0,209.0,158.0,6.12,1420.0,209.0,158.0,6.12,–,,–,2840,–,315,–,–,–,–,–,–,–,–,–,–,–,–,–,–,–,–,–,–,–,–,–,–,–,–,–,–,–,–,–,–,–,–,HSS457.2X19.0,HSS457.2X19.0,206.0,24500,–,–,–,–,457,–,–,–,–,–,–,–,–,–,–,–,19.1,17.7,–,–,–,–,–,–,–,–,–,–,–,–,–,25.8,591.0,3420.0,2590.0,155.0,591.0,3420.0,2590.0,155.0,–,–,–,1180000,–,5160,–,–,–,–,–,–,–,–,–,–,–,–,–,–,–,–,–,–,–,–,–,–,–,–,–,–,–,–,–,–,–,–,6.12
HSS,HSS18X.625,HSS18.000X0.625,–,116.09,31.8,–,–,–,–,18,–,–,–,–,–,–,–,–,–,–,–,0.625,0.581,–,–,–,–,–,–,–,–,–,–,–,–,–,31,1210.0,176.0,134.0,6.16,1210.0,176.0,134.0,6.16,–,,–,2420,–,268,–,–,–,–,–,–,–,–,–,–,–,–,–,–,–,–,–,–,–,–,–,–,–,–,–,–,–,–,–,–,–,–,HSS457.2X15.9,HSS457.2X15.9,173.0,20500,–,–,–,–,457,–,–,–,–,–,–,–,–,–,–,–,15.9,14.8,–,–,–,–,–,–,–,–,–,–,–,–,–,31,504.0,2880.0,2200.0,156.0,504.0,2880.0,2200.0,156.0,–,–,–,1010000,–,4390,–,–,–,–,–,–,–,–,–,–,–,–,–,–,–,–,–,–,–,–,–,–,–,–,–,–,–,–,–,–,–,–,6.16
HSS,HSS18X.500,HSS18.000X0.500,–,93.54,25.6,–,–,–,–,18,–,–,–,–,–,–,–,–,–,–,–,0.5,0.465,–,–,–,–,–,–,–,–,–,–,–,–,–,38.7,985.0,143.0,109.0,6.2,985.0,143.0,109.0,6.2,–,,–,1970,–,219,–,–,–,–,–,–,–,–,–,–,–,–,–,–,–,–,–,–,–,–,–,–,–,–,–,–,–,–,–,–,–,–,HSS457.2X12.7,HSS457.2X12.7,139.0,16500,–,–,–,–,457,–,–,–,–,–,–,–,–,–,–,–,12.7,11.8,–,–,–,–,–,–,–,–,–,–,–,–,–,38.7,410.0,2340.0,1790.0,157.0,410.0,2340.0,1790.0,157.0,–,–,–,820000,–,3590,–,–,–,–,–,–,–,–,–,–,–,–,–,–,–,–,–,–,–,–,–,–,–,–,–,–,–,–,–,–,–,–,6.2
HSS,HSS18X.375,HSS18.000X0.375,–,70.66,19.4,–,–,–,–,18,–,–,–,–,–,–,–,–,–,–,–,0.375,0.349,–,–,–,–,–,–,–,–,–,–,–,–,–,51.6,754.0,109.0,83.8,6.24,754.0,109.0,83.8,6.24,–,,–,1510,–,168,–,–,–,–,–,–,–,–,–,–,–,–,–,–,–,–,–,–,–,–,–,–,–,–,–,–,–,–,–,–,–,–,HSS457.2X9.5,HSS457.2X9.5,105.0,12500,–,–,–,–,457,–,–,–,–,–,–,–,–,–,–,–,9.53,8.86,–,–,–,–,–,–,–,–,–,–,–,–,–,51.6,314.0,1790.0,1370.0,158.0,314.0,1790.0,1370.0,158.0,–,–,–,629000,–,2750,–,–,–,–,–,–,–,–,–,–,–,–,–,–,–,–,–,–,–,–,–,–,–,–,–,–,–,–,–,–,–,–,6.24
HSS,HSS18X.313,HSS18.000X0.313,–,59.09,16.2,–,–,–,–,18,–,–,–,–,–,–,–,–,–,–,–,0.313,0.291,–,–,–,–,–,–,–,–,–,–,–,–,–,61.9,634.0,91.2,70.4,6.26,634.0,91.2,70.4,6.26,–,,–,1270,–,141,–,–,–,–,–,–,–,–,–,–,–,–,–,–,–,–,–,–,–,–,–,–,–,–,–,–,–,–,–,–,–,–,HSS457.2X7.9,HSS457.2X7.9,87.9,10500,–,–,–,–,457,–,–,–,–,–,–,–,–,–,–,–,7.95,7.39,–,–,–,–,–,–,–,–,–,–,–,–,–,61.9,264.0,1490.0,1150.0,159.0,264.0,1490.0,1150.0,159.0,–,–,–,529000,–,2310,–,–,–,–,–,–,–,–,–,–,–,–,–,–,–,–,–,–,–,–,–,–,–,–,–,–,–,–,–,–,–,–,6.26
HSS,HSS18X.250,HSS18.000X0.250,–,47.44,13.0,–,–,–,–,18,–,–,–,–,–,–,–,–,–,–,–,0.25,0.233,–,–,–,–,–,–,–,–,–,–,–,–,–,77.4,512.0,73.4,56.9,6.28,512.0,73.4,56.9,6.28,–,,–,1020,–,114,–,–,–,–,–,–,–,–,–,–,–,–,–,–,–,–,–,–,–,–,–,–,–,–,–,–,–,–,–,–,–,–,HSS457.2X6.4,HSS457.2X6.4,70.6,8390,–,–,–,–,457,–,–,–,–,–,–,–,–,–,–,–,6.35,5.92,–,–,–,–,–,–,–,–,–,–,–,–,–,77.4,213.0,1200.0,932.0,160.0,213.0,1200.0,932.0,160.0,–,–,–,425000,–,1870,–,–,–,–,–,–,–,–,–,–,–,–,–,–,–,–,–,–,–,–,–,–,–,–,–,–,–,–,–,–,–,–,6.28
HSS,HSS16X1.000,HSS16.000X1.000,–,160.35,44.0,–,–,–,–,16,–,–,–,–,–,–,–,–,–,–,–,1,0.93,–,–,–,–,–,–,–,–,–,–,–,–,–,17.2,1250.0,211.0,157.0,5.34,1250.0,211.0,157.0,5.34,–,,–,2510,–,312,–,–,–,–,–,–,–,–,–,–,–,–,–,–,–,–,–,–,–,–,–,–,–,–,–,–,–,–,–,–,–,–,HSS406.4X25.4,HSS406.4X25.4,239.0,28400,–,–,–,–,406,–,–,–,–,–,–,–,–,–,–,–,25.4,23.6,–,–,–,–,–,–,–,–,–,–,–,–,–,17.2,520.0,3460.0,2570.0,136.0,520.0,3460.0,2570.0,136.0,–,–,–,1040000,–,5110,–,–,–,–,–,–,–,–,–,–,–,–,–,–,–,–,–,–,–,–,–,–,–,–,–,–,–,–,–,–,–,–,5.34
HSS,HSS16X.875,HSS16.000X0.875,–,141.48,38.8,–,–,–,–,16,–,–,–,–,–,–,–,–,–,–,–,0.875,0.814,–,–,–,–,–,–,–,–,–,–,–,–,–,19.7,1120.0,188.0,140.0,5.38,1120.0,188.0,140.0,5.38,–,,–,2240,–,279,–,–,–,–,–,–,–,–,–,–,–,–,–,–,–,–,–,–,–,–,–,–,–,–,–,–,–,–,–,–,–,–,HSS406.4X22.2,HSS406.4X22.2,211.0,25000,–,–,–,–,406,–,–,–,–,–,–,–,–,–,–,–,22.2,20.7,–,–,–,–,–,–,–,–,–,–,–,–,–,19.7,466.0,3080.0,2290.0,137.0,466.0,3080.0,2290.0,137.0,–,–,–,932000,–,4570,–,–,–,–,–,–,–,–,–,–,–,–,–,–,–,–,–,–,–,–,–,–,–,–,–,–,–,–,–,–,–,–,5.38
HSS,HSS16X.750,HSS16.000X0.750,–,122.27,33.5,–,–,–,–,16,–,–,–,–,–,–,–,–,–,–,–,0.75,0.698,–,–,–,–,–,–,–,–,–,–,–,–,–,22.9,984.0,163.0,123.0,5.42,984.0,163.0,123.0,5.42,–,,–,1970,–,245,–,–,–,–,–,–,–,–,–,–,–,–,–,–,–,–,–,–,–,–,–,–,–,–,–,–,–,–,–,–,–,–,HSS406.4X19.0,HSS406.4X19.0,182.0,21600,–,–,–,–,406,–,–,–,–,–,–,–,–,–,–,–,19.1,17.7,–,–,–,–,–,–,–,–,–,–,–,–,–,22.9,410.0,2670.0,2020.0,138.0,410.0,2670.0,2020.0,138.0,–,–,–,820000,–,4010,–,–,–,–,–,–,–,–,–,–,–,–,–,–,–,–,–,–,–,–,–,–,–,–,–,–,–,–,–,–,–,–,5.42
HSS,HSS16X.625,HSS16.000X0.625,–,103.0,28.1,–,–,–,–,16,–,–,–,–,–,–,–,–,–,–,–,0.625,0.581,–,–,–,–,–,–,–,–,–,–,–,–,–,27.5,838.0,138.0,105.0,5.46,838.0,138.0,105.0,5.46,–,,–,1680,–,209,–,–,–,–,–,–,–,–,–,–,–,–,–,–,–,–,–,–,–,–,–,–,–,–,–,–,–,–,–,–,–,–,HSS406.4X15.9,HSS406.4X15.9,153.0,18100,–,–,–,–,406,–,–,–,–,–,–,–,–,–,–,–,15.9,14.8,–,–,–,–,–,–,–,–,–,–,–,–,–,27.5,349.0,2260.0,1720.0,139.0,349.0,2260.0,1720.0,139.0,–,–,–,699000,–,3420,–,–,–,–,–,–,–,–,–,–,–,–,–,–,–,–,–,–,–,–,–,–,–,–,–,–,–,–,–,–,–,–,5.46
HSS,HSS16X.500,HSS16.000X0.500,–,82.85,22.7,–,–,–,–,16,–,–,–,–,–,–,–,–,–,–,–,0.5,0.465,–,–,–,–,–,–,–,–,–,–,–,–,–,34.4,685.0,112.0,85.7,5.49,685.0,112.0,85.7,5.49,–,,–,1370,–,171,–,–,–,–,–,–,–,–,–,–,–,–,–,–,–,–,–,–,–,–,–,–,–,–,–,–,–,–,–,–,–,–,HSS406.4X12.7,HSS406.4X12.7,123.0,14600,–,–,–,–,406,–,–,–,–,–,–,–,–,–,–,–,12.7,11.8,–,–,–,–,–,–,–,–,–,–,–,–,–,34.4,285.0,1840.0,1400.0,139.0,285.0,1840.0,1400.0,139.0,–,–,–,570000,–,2800,–,–,–,–,–,–,–,–,–,–,–,–,–,–,–,–,–,–,–,–,–,–,–,–,–,–,–,–,–,–,–,–,5.49
HSS,HSS16X.438,HSS16.000X0.438,–,72.87,19.9,–,–,–,–,16,–,–,–,–,–,–,–,–,–,–,–,0.438,0.407,–,–,–,–,–,–,–,–,–,–,–,–,–,39.3,606.0,99.0,75.8,5.51,606.0,99.0,75.8,5.51,–,,–,1210,–,152,–,–,–,–,–,–,–,–,–,–,–,–,–,–,–,–,–,–,–,–,–,–,–,–,–,–,–,–,–,–,–,–,HSS406.4X11.1,HSS406.4X11.1,108.0,12800,–,–,–,–,406,–,–,–,–,–,–,–,–,–,–,–,11.1,10.3,–,–,–,–,–,–,–,–,–,–,–,–,–,39.3,252.0,1620.0,1240.0,140.0,252.0,1620.0,1240.0,140.0,–,–,–,504000,–,2490,–,–,–,–,–,–,–,–,–,–,–,–,–,–,–,–,–,–,–,–,–,–,–,–,–,–,–,–,–,–,–,–,5.51
HSS,HSS16X.375,HSS16.000X0.375,–,62.64,17.2,–,–,–,–,16,–,–,–,–,–,–,–,–,–,–,–,0.375,0.349,–,–,–,–,–,–,–,–,–,–,–,–,–,45.8,526.0,85.5,65.7,5.53,526.0,85.5,65.7,5.53,–,,–,1050,–,131,–,–,–,–,–,–,–,–,–,–,–,–,–,–,–,–,–,–,–,–,–,–,–,–,–,–,–,–,–,–,–,–,HSS406.4X9.5,HSS406.4X9.5,93.2,11100,–,–,–,–,406,–,–,–,–,–,–,–,–,–,–,–,9.53,8.86,–,–,–,–,–,–,–,–,–,–,–,–,–,45.8,219.0,1400.0,1080.0,140.0,219.0,1400.0,1080.0,140.0,–,–,–,437000,–,2150,–,–,–,–,–,–,–,–,–,–,–,–,–,–,–,–,–,–,–,–,–,–,–,–,–,–,–,–,–,–,–,–,5.53
HSS,HSS16X.312,HSS16.000X0.312,–,52.32,14.4,–,–,–,–,16,–,–,–,–,–,–,–,–,–,–,–,0.312,0.291,–,–,–,–,–,–,–,–,–,–,–,–,–,55,443.0,71.8,55.4,5.55,443.0,71.8,55.4,5.55,–,,–,886,–,111,–,–,–,–,–,–,–,–,–,–,–,–,–,–,–,–,–,–,–,–,–,–,–,–,–,–,–,–,–,–,–,–,HSS406.4X7.9,HSS406.4X7.9,77.9,9290,–,–,–,–,406,–,–,–,–,–,–,–,–,–,–,–,7.94,7.39,–,–,–,–,–,–,–,–,–,–,–,–,–,55,184.0,1180.0,908.0,141.0,184.0,1180.0,908.0,141.0,–,–,–,369000,–,1820,–,–,–,–,–,–,–,–,–,–,–,–,–,–,–,–,–,–,–,–,–,–,–,–,–,–,–,–,–,–,–,–,5.55
HSS,HSS16X.250,HSS16.000X0.250,–,42.09,11.5,–,–,–,–,16,–,–,–,–,–,–,–,–,–,–,–,0.25,0.233,–,–,–,–,–,–,–,–,–,–,–,–,–,68.7,359.0,57.9,44.8,5.58,359.0,57.9,44.8,5.58,–,,–,717,–,89.7,–,–,–,–,–,–,–,–,–,–,–,–,–,–,–,–,–,–,–,–,–,–,–,–,–,–,–,–,–,–,–,–,HSS406.4X6.4,HSS406.4X6.4,62.6,7420,–,–,–,–,406,–,–,–,–,–,–,–,–,–,–,–,6.35,5.92,–,–,–,–,–,–,–,–,–,–,–,–,–,68.7,149.0,949.0,734.0,142.0,149.0,949.0,734.0,142.0,–,–,–,298000,–,1470,–,–,–,–,–,–,–,–,–,–,–,–,–,–,–,–,–,–,–,–,–,–,–,–,–,–,–,–,–,–,–,–,5.58
HSS,HSS14X1.000,HSS14.000X1.000,–,138.97,38.2,–,–,–,–,14,–,–,–,–,–,–,–,–,–,–,–,1,0.93,–,–,–,–,–,–,–,–,–,–,–,–,–,15.1,820.0,159.0,117.0,4.63,820.0,159.0,117.0,4.63,–,,–,1640,–,232,–,–,–,–,–,–,–,–,–,–,–,–,–,–,–,–,–,–,–,–,–,–,–,–,–,–,–,–,–,–,–,–,HSS355.6X25.4,HSS355.6X25.4,207.0,24600,–,–,–,–,356,–,–,–,–,–,–,–,–,–,–,–,25.4,23.6,–,–,–,–,–,–,–,–,–,–,–,–,–,15.1,341.0,2610.0,1920.0,118.0,341.0,2610.0,1920.0,118.0,–,–,–,683000,–,3800,–,–,–,–,–,–,–,–,–,–,–,–,–,–,–,–,–,–,–,–,–,–,–,–,–,–,–,–,–,–,–,–,4.63
HSS,HSS14X.875,HSS14.000X0.875,–,122.77,33.7,–,–,–,–,14,–,–,–,–,–,–,–,–,–,–,–,0.875,0.814,–,–,–,–,–,–,–,–,–,–,–,–,–,17.2,735.0,142.0,105.0,4.67,735.0,142.0,105.0,4.67,–,,–,1470,–,209,–,–,–,–,–,–,–,–,–,–,–,–,–,–,–,–,–,–,–,–,–,–,–,–,–,–,–,–,–,–,–,–,HSS355.6X22.2,HSS355.6X22.2,183.0,21700,–,–,–,–,356,–,–,–,–,–,–,–,–,–,–,–,22.2,20.7,–,–,–,–,–,–,–,–,–,–,–,–,–,17.2,306.0,2330.0,1720.0,119.0,306.0,2330.0,1720.0,119.0,–,–,–,612000,–,3420,–,–,–,–,–,–,–,–,–,–,–,–,–,–,–,–,–,–,–,–,–,–,–,–,–,–,–,–,–,–,–,–,4.67
HSS,HSS14X.750,HSS14.000X0.750,–,106.23,29.1,–,–,–,–,14,–,–,–,–,–,–,–,–,–,–,–,0.75,0.698,–,–,–,–,–,–,–,–,–,–,–,–,–,20.1,647.0,124.0,92.4,4.71,647.0,124.0,92.4,4.71,–,,–,1290,–,184,–,–,–,–,–,–,–,–,–,–,–,–,–,–,–,–,–,–,–,–,–,–,–,–,–,–,–,–,–,–,–,–,HSS355.6X19.0,HSS355.6X19.0,158.0,18800,–,–,–,–,356,–,–,–,–,–,–,–,–,–,–,–,19.1,17.7,–,–,–,–,–,–,–,–,–,–,–,–,–,20.1,269.0,2030.0,1510.0,120.0,269.0,2030.0,1510.0,120.0,–,–,–,537000,–,3020,–,–,–,–,–,–,–,–,–,–,–,–,–,–,–,–,–,–,–,–,–,–,–,–,–,–,–,–,–,–,–,–,4.71
HSS,HSS14X.625,HSS14.000X0.625,–,89.36,24.5,–,–,–,–,14,–,–,–,–,–,–,–,–,–,–,–,0.625,0.581,–,–,–,–,–,–,–,–,–,–,–,–,–,24.1,552.0,105.0,78.9,4.75,552.0,105.0,78.9,4.75,–,,–,1100,–,158,–,–,–,–,–,–,–,–,–,–,–,–,–,–,–,–,–,–,–,–,–,–,–,–,–,–,–,–,–,–,–,–,HSS355.6X15.9,HSS355.6X15.9,133.0,15800,–,–,–,–,356,–,–,–,–,–,–,–,–,–,–,–,15.9,14.8,–,–,–,–,–,–,–,–,–,–,–,–,–,24.1,230.0,1720.0,1290.0,121.0,230.0,1720.0,1290.0,121.0,–,–,–,458000,–,2590,–,–,–,–,–,–,–,–,–,–,–,–,–,–,–,–,–,–,–,–,–,–,–,–,–,–,–,–,–,–,–,–,4.75
HSS,HSS14X.500,HSS14.000X0.500,–,72.16,19.8,–,–,–,–,14,–,–,–,–,–,–,–,–,–,–,–,0.5,0.465,–,–,–,–,–,–,–,–,–,–,–,–,–,30.1,453.0,85.2,64.8,4.79,453.0,85.2,64.8,4.79,–,,–,907,–,130,–,–,–,–,–,–,–,–,–,–,–,–,–,–,–,–,–,–,–,–,–,–,–,–,–,–,–,–,–,–,–,–,HSS355.6X12.7,HSS355.6X12.7,107.0,12800,–,–,–,–,356,–,–,–,–,–,–,–,–,–,–,–,12.7,11.8,–,–,–,–,–,–,–,–,–,–,–,–,–,30.1,189.0,1400.0,1060.0,122.0,189.0,1400.0,1060.0,122.0,–,–,–,378000,–,2130,–,–,–,–,–,–,–,–,–,–,–,–,–,–,–,–,–,–,–,–,–,–,–,–,–,–,–,–,–,–,–,–,4.79
HSS,HSS14X.375,HSS14.000X0.375,–,54.62,15.0,–,–,–,–,14,–,–,–,–,–,–,–,–,–,–,–,0.375,0.349,–,–,–,–,–,–,–,–,–,–,–,–,–,40.1,349.0,65.1,49.8,4.83,349.0,65.1,49.8,4.83,–,,–,698,–,100,–,–,–,–,–,–,–,–,–,–,–,–,–,–,–,–,–,–,–,–,–,–,–,–,–,–,–,–,–,–,–,–,HSS355.6X9.5,HSS355.6X9.5,81.3,9680,–,–,–,–,356,–,–,–,–,–,–,–,–,–,–,–,9.53,8.86,–,–,–,–,–,–,–,–,–,–,–,–,–,40.1,145.0,1070.0,816.0,123.0,145.0,1070.0,816.0,123.0,–,–,–,291000,–,1640,–,–,–,–,–,–,–,–,–,–,–,–,–,–,–,–,–,–,–,–,–,–,–,–,–,–,–,–,–,–,–,–,4.83
HSS,HSS14X.312,HSS14.000X0.312,–,45.65,12.5,–,–,–,–,14,–,–,–,–,–,–,–,–,–,–,–,0.312,0.291,–,–,–,–,–,–,–,–,–,–,–,–,–,48.1,295.0,54.7,42.1,4.85,295.0,54.7,42.1,4.85,–,,–,589,–,84.2,–,–,–,–,–,–,–,–,–,–,–,–,–,–,–,–,–,–,–,–,–,–,–,–,–,–,–,–,–,–,–,–,HSS355.6X7.9,HSS355.6X7.9,67.9,8060,–,–,–,–,356,–,–,–,–,–,–,–,–,–,–,–,7.94,7.39,–,–,–,–,–,–,–,–,–,–,–,–,–,48.1,123.0,896.0,690.0,123.0,123.0,896.0,690.0,123.0,–,–,–,245000,–,1380,–,–,–,–,–,–,–,–,–,–,–,–,–,–,–,–,–,–,–,–,–,–,–,–,–,–,–,–,–,–,–,–,4.85
HSS,HSS14X.250,HSS14.000X0.250,–,36.75,10.1,–,–,–,–,14,–,–,–,–,–,–,–,–,–,–,–,0.25,0.233,–,–,–,–,–,–,–,–,–,–,–,–,–,60.1,239.0,44.2,34.1,4.87,239.0,44.2,34.1,4.87,–,,–,478,–,68.2,–,–,–,–,–,–,–,–,–,–,–,–,–,–,–,–,–,–,–,–,–,–,–,–,–,–,–,–,–,–,–,–,HSS355.6X6.4,HSS355.6X6.4,54.7,6520,–,–,–,–,356,–,–,–,–,–,–,–,–,–,–,–,6.35,5.92,–,–,–,–,–,–,–,–,–,–,–,–,–,60.1,99.5,724.0,559.0,124.0,99.5,724.0,559.0,124.0,–,–,–,199000,–,1120,–,–,–,–,–,–,–,–,–,–,–,–,–,–,–,–,–,–,–,–,–,–,–,–,–,–,–,–,–,–,–,–,4.87
HSS,HSS14X.188,HSS14.000X0.188,–,27.69,7.57,–,–,–,–,14,–,–,–,–,–,–,–,–,–,–,–,0.188,0.174,–,–,–,–,–,–,–,–,–,–,–,–,–,80.3,181.0,33.3,25.9,4.89,181.0,33.3,25.9,4.89,–,,–,362,–,51.7,–,–,–,–,–,–,–,–,–,–,–,–,–,–,–,–,–,–,–,–,–,–,–,–,–,–,–,–,–,–,–,–,HSS355.6X4.8,HSS355.6X4.8,41.2,4880,–,–,–,–,356,–,–,–,–,–,–,–,–,–,–,–,4.78,4.42,–,–,–,–,–,–,–,–,–,–,–,–,–,80.3,75.3,546.0,424.0,124.0,75.3,546.0,424.0,124.0,–,–,–,151000,–,847,–,–,–,–,–,–,–,–,–,–,–,–,–,–,–,–,–,–,–,–,–,–,–,–,–,–,–,–,–,–,–,–,4.89
HSS,HSS13.375X.625,HSS13.375X0.625,–,85.19,23.4,–,–,–,–,13.4,–,–,–,–,–,–,–,–,–,–,–,0.625,0.581,–,–,–,–,–,–,–,–,–,–,–,–,–,23,479.0,95.2,71.6,4.53,479.0,95.2,71.6,4.53,–,,–,958,–,143,–,–,–,–,–,–,–,–,–,–,–,–,–,–,–,–,–,–,–,–,–,–,–,–,–,–,–,–,–,–,–,–,HSS340.36X15.9,HSS340.36X15.9,127.0,15100,–,–,–,–,340,–,–,–,–,–,–,–,–,–,–,–,15.9,14.8,–,–,–,–,–,–,–,–,–,–,–,–,–,23,199.0,1560.0,1170.0,115.0,199.0,1560.0,1170.0,115.0,–,–,–,399000,–,2340,–,–,–,–,–,–,–,–,–,–,–,–,–,–,–,–,–,–,–,–,–,–,–,–,–,–,–,–,–,–,–,–,4.53
HSS,HSS13.375X.500,HSS13.375X0.500,–,68.82,18.9,–,–,–,–,13.4,–,–,–,–,–,–,–,–,–,–,–,0.5,0.465,–,–,–,–,–,–,–,–,–,–,–,–,–,28.8,393.0,77.5,58.8,4.57,393.0,77.5,58.8,4.57,–,,–,787,–,117,–,–,–,–,–,–,–,–,–,–,–,–,–,–,–,–,–,–,–,–,–,–,–,–,–,–,–,–,–,–,–,–,HSS340.36X12.7,HSS340.36X12.7,102.0,12200,–,–,–,–,340,–,–,–,–,–,–,–,–,–,–,–,12.7,11.8,–,–,–,–,–,–,–,–,–,–,–,–,–,28.8,164.0,1270.0,964.0,116.0,164.0,1270.0,964.0,116.0,–,–,–,328000,–,1920,–,–,–,–,–,–,–,–,–,–,–,–,–,–,–,–,–,–,–,–,–,–,–,–,–,–,–,–,–,–,–,–,4.57
HSS,HSS13.375X.375,HSS13.375X0.375,–,52.11,14.3,–,–,–,–,13.4,–,–,–,–,–,–,–,–,–,–,–,0.375,0.349,–,–,–,–,–,–,–,–,–,–,–,–,–,38.4,303.0,59.2,45.3,4.61,303.0,59.2,45.3,4.61,–,,–,606,–,90.5,–,–,–,–,–,–,–,–,–,–,–,–,–,–,–,–,–,–,–,–,–,–,–,–,–,–,–,–,–,–,–,–,HSS340.36X9.5,HSS340.36X9.5,77.5,9230,–,–,–,–,340,–,–,–,–,–,–,–,–,–,–,–,9.53,8.86,–,–,–,–,–,–,–,–,–,–,–,–,–,38.4,126.0,970.0,742.0,117.0,126.0,970.0,742.0,117.0,–,–,–,252000,–,1480,–,–,–,–,–,–,–,–,–,–,–,–,–,–,–,–,–,–,–,–,–,–,–,–,–,–,–,–,–,–,–,–,4.61
HSS,HSS13.375X.313,HSS13.375X0.313,–,43.64,11.9,–,–,–,–,13.4,–,–,–,–,–,–,–,–,–,–,–,0.313,0.291,–,–,–,–,–,–,–,–,–,–,–,–,–,46,256.0,49.8,38.2,4.63,256.0,49.8,38.2,4.63,–,,–,512,–,76.4,–,–,–,–,–,–,–,–,–,–,–,–,–,–,–,–,–,–,–,–,–,–,–,–,–,–,–,–,–,–,–,–,HSS340.36X7.9,HSS340.36X7.9,64.9,7680,–,–,–,–,340,–,–,–,–,–,–,–,–,–,–,–,7.95,7.39,–,–,–,–,–,–,–,–,–,–,–,–,–,46,107.0,816.0,626.0,118.0,107.0,816.0,626.0,118.0,–,–,–,213000,–,1250,–,–,–,–,–,–,–,–,–,–,–,–,–,–,–,–,–,–,–,–,–,–,–,–,–,–,–,–,–,–,–,–,4.63
HSS,HSS13.375X.250,HSS13.375X0.250,–,35.08,9.6,–,–,–,–,13.4,–,–,–,–,–,–,–,–,–,–,–,0.25,0.233,–,–,–,–,–,–,–,–,–,–,–,–,–,57.5,207.0,40.2,31.0,4.65,207.0,40.2,31.0,4.65,–,,–,415,–,62,–,–,–,–,–,–,–,–,–,–,–,–,–,–,–,–,–,–,–,–,–,–,–,–,–,–,–,–,–,–,–,–,HSS340.36X6.4,HSS340.36X6.4,52.2,6190,–,–,–,–,340,–,–,–,–,–,–,–,–,–,–,–,6.35,5.92,–,–,–,–,–,–,–,–,–,–,–,–,–,57.5,86.2,659.0,508.0,118.0,86.2,659.0,508.0,118.0,–,–,–,173000,–,1020,–,–,–,–,–,–,–,–,–,–,–,–,–,–,–,–,–,–,–,–,–,–,–,–,–,–,–,–,–,–,–,–,4.65
HSS,HSS13.375X.188,HSS13.375X0.188,–,26.43,7.23,–,–,–,–,13.4,–,–,–,–,–,–,–,–,–,–,–,0.188,0.174,–,–,–,–,–,–,–,–,–,–,–,–,–,76.7,158.0,30.4,23.6,4.67,158.0,30.4,23.6,4.67,–,,–,315,–,47.1,–,–,–,–,–,–,–,–,–,–,–,–,–,–,–,–,–,–,–,–,–,–,–,–,–,–,–,–,–,–,–,–,HSS340.36X4.8,HSS340.36X4.8,39.3,4660,–,–,–,–,340,–,–,–,–,–,–,–,–,–,–,–,4.78,4.42,–,–,–,–,–,–,–,–,–,–,–,–,–,76.7,65.8,498.0,387.0,119.0,65.8,498.0,387.0,119.0,–,–,–,131000,–,772,–,–,–,–,–,–,–,–,–,–,–,–,–,–,–,–,–,–,–,–,–,–,–,–,–,–,–,–,–,–,–,–,4.67
HSS,HSS12.75X.750,HSS12.750X0.750,–,96.21,26.4,–,–,–,–,12.8,–,–,–,–,–,–,–,–,–,–,–,0.75,0.698,–,–,–,–,–,–,–,–,–,–,–,–,–,18.3,481.0,101.0,75.5,4.27,481.0,101.0,75.5,4.27,–,,–,962,–,150,–,–,–,–,–,–,–,–,–,–,–,–,–,–,–,–,–,–,–,–,–,–,–,–,–,–,–,–,–,–,–,–,HSS323.9X19.0,HSS323.9X19.0,143.0,17000,–,–,–,–,324,–,–,–,–,–,–,–,–,–,–,–,19.1,17.7,–,–,–,–,–,–,–,–,–,–,–,–,–,18.3,200.0,1660.0,1240.0,108.0,200.0,1660.0,1240.0,108.0,–,–,–,400000,–,2460,–,–,–,–,–,–,–,–,–,–,–,–,–,–,–,–,–,–,–,–,–,–,–,–,–,–,–,–,–,–,–,–,4.27
HSS,HSS12.75X.625,HSS12.750X0.625,–,81.01,22.2,–,–,–,–,12.8,–,–,–,–,–,–,–,–,–,–,–,0.625,0.581,–,–,–,–,–,–,–,–,–,–,–,–,–,21.9,412.0,86.1,64.7,4.31,412.0,86.1,64.7,4.31,–,,–,824,–,129,–,–,–,–,–,–,–,–,–,–,–,–,–,–,–,–,–,–,–,–,–,–,–,–,–,–,–,–,–,–,–,–,HSS323.9X15.9,HSS323.9X15.9,121.0,14300,–,–,–,–,324,–,–,–,–,–,–,–,–,–,–,–,15.9,14.8,–,–,–,–,–,–,–,–,–,–,–,–,–,21.9,171.0,1410.0,1060.0,109.0,171.0,1410.0,1060.0,109.0,–,–,–,343000,–,2110,–,–,–,–,–,–,–,–,–,–,–,–,–,–,–,–,–,–,–,–,–,–,–,–,–,–,–,–,–,–,–,–,4.31
HSS,HSS12.75X.500,HSS12.750X0.500,–,65.48,17.9,–,–,–,–,12.8,–,–,–,–,–,–,–,–,–,–,–,0.5,0.465,–,–,–,–,–,–,–,–,–,–,–,–,–,27.4,339.0,70.2,53.2,4.35,339.0,70.2,53.2,4.35,–,,–,678,–,106,–,–,–,–,–,–,–,–,–,–,–,–,–,–,–,–,–,–,–,–,–,–,–,–,–,–,–,–,–,–,–,–,HSS323.9X12.7,HSS323.9X12.7,97.4,11500,–,–,–,–,324,–,–,–,–,–,–,–,–,–,–,–,12.7,11.8,–,–,–,–,–,–,–,–,–,–,–,–,–,27.4,141.0,1150.0,872.0,110.0,141.0,1150.0,872.0,110.0,–,–,–,282000,–,1740,–,–,–,–,–,–,–,–,–,–,–,–,–,–,–,–,–,–,–,–,–,–,–,–,–,–,–,–,–,–,–,–,4.35
HSS,HSS12.75X.375,HSS12.750X0.375,–,49.61,13.6,–,–,–,–,12.8,–,–,–,–,–,–,–,–,–,–,–,0.375,0.349,–,–,–,–,–,–,–,–,–,–,–,–,–,36.5,262.0,53.7,41.0,4.39,262.0,53.7,41.0,4.39,–,,–,523,–,82.1,–,–,–,–,–,–,–,–,–,–,–,–,–,–,–,–,–,–,–,–,–,–,–,–,–,–,–,–,–,–,–,–,HSS323.9X9.5,HSS323.9X9.5,73.8,8770,–,–,–,–,324,–,–,–,–,–,–,–,–,–,–,–,9.53,8.86,–,–,–,–,–,–,–,–,–,–,–,–,–,36.5,109.0,880.0,672.0,112.0,109.0,880.0,672.0,112.0,–,–,–,218000,–,1350,–,–,–,–,–,–,–,–,–,–,–,–,–,–,–,–,–,–,–,–,–,–,–,–,–,–,–,–,–,–,–,–,4.39
HSS,HSS12.75X.250,HSS12.750X0.250,–,33.41,9.16,–,–,–,–,12.8,–,–,–,–,–,–,–,–,–,–,–,0.25,0.233,–,–,–,–,–,–,–,–,–,–,–,–,–,54.7,180.0,36.5,28.2,4.43,180.0,36.5,28.2,4.43,–,,–,359,–,56.3,–,–,–,–,–,–,–,–,–,–,–,–,–,–,–,–,–,–,–,–,–,–,–,–,–,–,–,–,–,–,–,–,HSS323.9X6.4,HSS323.9X6.4,49.7,5910,–,–,–,–,324,–,–,–,–,–,–,–,–,–,–,–,6.35,5.92,–,–,–,–,–,–,–,–,–,–,–,–,–,54.7,74.9,598.0,462.0,113.0,74.9,598.0,462.0,113.0,–,–,–,149000,–,923,–,–,–,–,–,–,–,–,–,–,–,–,–,–,–,–,–,–,–,–,–,–,–,–,–,–,–,–,–,–,–,–,4.43
HSS,HSS12.75X.188,HSS12.750X0.188,–,25.18,6.89,–,–,–,–,12.8,–,–,–,–,–,–,–,–,–,–,–,0.188,0.174,–,–,–,–,–,–,–,–,–,–,–,–,–,73.1,136.0,27.6,21.4,4.45,136.0,27.6,21.4,4.45,–,,–,272,–,42.7,–,–,–,–,–,–,–,–,–,–,–,–,–,–,–,–,–,–,–,–,–,–,–,–,–,–,–,–,–,–,–,–,HSS323.9X4.8,HSS323.9X4.8,37.5,4450,–,–,–,–,324,–,–,–,–,–,–,–,–,–,–,–,4.78,4.42,–,–,–,–,–,–,–,–,–,–,–,–,–,73.1,56.6,452.0,351.0,113.0,56.6,452.0,351.0,113.0,–,–,–,113000,–,700,–,–,–,–,–,–,–,–,–,–,–,–,–,–,–,–,–,–,–,–,–,–,–,–,–,–,–,–,–,–,–,–,4.45
HSS,HSS12X.625,HSS12.000X0.625,–,76.0,20.9,–,–,–,–,12,–,–,–,–,–,–,–,–,–,–,–,0.625,0.581,–,–,–,–,–,–,–,–,–,–,–,–,–,20.6,341.0,75.9,56.8,4.04,341.0,75.9,56.8,4.04,–,,–,681,–,113,–,–,–,–,–,–,–,–,–,–,–,–,–,–,–,–,–,–,–,–,–,–,–,–,–,–,–,–,–,–,–,–,HSS304.8X15.9,HSS304.8X15.9,113.0,13500,–,–,–,–,305,–,–,–,–,–,–,–,–,–,–,–,15.9,14.8,–,–,–,–,–,–,–,–,–,–,–,–,–,20.6,142.0,1240.0,931.0,103.0,142.0,1240.0,931.0,103.0,–,–,–,283000,–,1850,–,–,–,–,–,–,–,–,–,–,–,–,–,–,–,–,–,–,–,–,–,–,–,–,–,–,–,–,–,–,–,–,4.04
HSS,HSS12X.500,HSS12.000X0.500,–,61.47,16.9,–,–,–,–,12,–,–,–,–,–,–,–,–,–,–,–,0.5,0.465,–,–,–,–,–,–,–,–,–,–,–,–,–,25.8,281.0,61.9,46.8,4.08,281.0,61.9,46.8,4.08,–,,–,561,–,93.3,–,–,–,–,–,–,–,–,–,–,–,–,–,–,–,–,–,–,–,–,–,–,–,–,–,–,–,–,–,–,–,–,HSS304.8X12.7,HSS304.8X12.7,91.5,10900,–,–,–,–,305,–,–,–,–,–,–,–,–,–,–,–,12.7,11.8,–,–,–,–,–,–,–,–,–,–,–,–,–,25.8,117.0,1010.0,767.0,104.0,117.0,1010.0,767.0,104.0,–,–,–,234000,–,1530,–,–,–,–,–,–,–,–,–,–,–,–,–,–,–,–,–,–,–,–,–,–,–,–,–,–,–,–,–,–,–,–,4.08
HSS,HSS12X.375,HSS12.000X0.375,–,46.6,12.8,–,–,–,–,12,–,–,–,–,–,–,–,–,–,–,–,0.375,0.349,–,–,–,–,–,–,–,–,–,–,–,–,–,34.4,217.0,47.4,36.1,4.12,217.0,47.4,36.1,4.12,–,,–,434,–,72.2,–,–,–,–,–,–,–,–,–,–,–,–,–,–,–,–,–,–,–,–,–,–,–,–,–,–,–,–,–,–,–,–,HSS304.8X9.5,HSS304.8X9.5,69.3,8260,–,–,–,–,305,–,–,–,–,–,–,–,–,–,–,–,9.53,8.86,–,–,–,–,–,–,–,–,–,–,–,–,–,34.4,90.3,777.0,592.0,105.0,90.3,777.0,592.0,105.0,–,–,–,181000,–,1180,–,–,–,–,–,–,–,–,–,–,–,–,–,–,–,–,–,–,–,–,–,–,–,–,–,–,–,–,–,–,–,–,4.12
HSS,HSS12X.250,HSS12.000X0.250,–,31.4,8.6,–,–,–,–,12,–,–,–,–,–,–,–,–,–,–,–,0.25,0.233,–,–,–,–,–,–,–,–,–,–,–,–,–,51.6,149.0,32.2,24.8,4.16,149.0,32.2,24.8,4.16,–,,–,298,–,49.6,–,–,–,–,–,–,–,–,–,–,–,–,–,–,–,–,–,–,–,–,–,–,–,–,–,–,–,–,–,–,–,–,HSS304.8X6.4,HSS304.8X6.4,46.7,5550,–,–,–,–,305,–,–,–,–,–,–,–,–,–,–,–,6.35,5.92,–,–,–,–,–,–,–,–,–,–,–,–,–,51.6,62.0,528.0,406.0,106.0,62.0,528.0,406.0,106.0,–,–,–,124000,–,813,–,–,–,–,–,–,–,–,–,–,–,–,–,–,–,–,–,–,–,–,–,–,–,–,–,–,–,–,–,–,–,–,4.16
HSS,HSS11.75X.625,HSS11.750X0.625,–,74.33,20.4,–,–,–,–,11.8,–,–,–,–,–,–,–,–,–,–,–,0.625,0.581,–,–,–,–,–,–,–,–,–,–,–,–,–,20.2,319.0,72.6,54.3,3.95,319.0,72.6,54.3,3.95,–,,–,638,–,108,–,–,–,–,–,–,–,–,–,–,–,–,–,–,–,–,–,–,–,–,–,–,–,–,–,–,–,–,–,–,–,–,HSS299.72X15.9,HSS299.72X15.9,111.0,13200,–,–,–,–,300,–,–,–,–,–,–,–,–,–,–,–,15.9,14.8,–,–,–,–,–,–,–,–,–,–,–,–,–,20.2,133.0,1190.0,890.0,100.0,133.0,1190.0,890.0,100.0,–,–,–,266000,–,1770,–,–,–,–,–,–,–,–,–,–,–,–,–,–,–,–,–,–,–,–,–,–,–,–,–,–,–,–,–,–,–,–,3.95
HSS,HSS11.75X.500,HSS11.750X0.500,–,60.13,16.5,–,–,–,–,11.8,–,–,–,–,–,–,–,–,–,–,–,0.5,0.465,–,–,–,–,–,–,–,–,–,–,–,–,–,25.3,263.0,59.3,44.7,3.99,263.0,59.3,44.7,3.99,–,,–,526,–,89.2,–,–,–,–,–,–,–,–,–,–,–,–,–,–,–,–,–,–,–,–,–,–,–,–,–,–,–,–,–,–,–,–,HSS299.72X12.7,HSS299.72X12.7,89.5,10600,–,–,–,–,300,–,–,–,–,–,–,–,–,–,–,–,12.7,11.8,–,–,–,–,–,–,–,–,–,–,–,–,–,25.3,109.0,972.0,733.0,101.0,109.0,972.0,733.0,101.0,–,–,–,219000,–,1460,–,–,–,–,–,–,–,–,–,–,–,–,–,–,–,–,–,–,–,–,–,–,–,–,–,–,–,–,–,–,–,–,3.99
HSS,HSS11.75X.375,HSS11.750X0.375,–,45.6,12.5,–,–,–,–,11.8,–,–,–,–,–,–,–,–,–,–,–,0.375,0.349,–,–,–,–,–,–,–,–,–,–,–,–,–,33.7,203.0,45.3,34.6,4.03,203.0,45.3,34.6,4.03,–,,–,406,–,69,–,–,–,–,–,–,–,–,–,–,–,–,–,–,–,–,–,–,–,–,–,–,–,–,–,–,–,–,–,–,–,–,HSS299.72X9.5,HSS299.72X9.5,67.9,8060,–,–,–,–,300,–,–,–,–,–,–,–,–,–,–,–,9.53,8.86,–,–,–,–,–,–,–,–,–,–,–,–,–,33.7,84.5,742.0,567.0,102.0,84.5,742.0,567.0,102.0,–,–,–,169000,–,1130,–,–,–,–,–,–,–,–,–,–,–,–,–,–,–,–,–,–,–,–,–,–,–,–,–,–,–,–,–,–,–,–,4.03
HSS,HSS11.75X.337,HSS11.750X0.337,–,41.12,11.3,–,–,–,–,11.8,–,–,–,–,–,–,–,–,–,–,–,0.337,0.313,–,–,–,–,–,–,–,–,–,–,–,–,–,37.5,184.0,41.0,31.4,4.04,184.0,41.0,31.4,4.04,–,,–,368,–,62.6,–,–,–,–,–,–,–,–,–,–,–,–,–,–,–,–,–,–,–,–,–,–,–,–,–,–,–,–,–,–,–,–,HSS299.72X8.6,HSS299.72X8.6,61.2,7290,–,–,–,–,300,–,–,–,–,–,–,–,–,–,–,–,8.56,7.95,–,–,–,–,–,–,–,–,–,–,–,–,–,37.5,76.6,672.0,515.0,103.0,76.6,672.0,515.0,103.0,–,–,–,153000,–,1030,–,–,–,–,–,–,–,–,–,–,–,–,–,–,–,–,–,–,–,–,–,–,–,–,–,–,–,–,–,–,–,–,4.04
HSS,HSS11.75X.250,HSS11.750X0.250,–,30.73,8.41,–,–,–,–,11.8,–,–,–,–,–,–,–,–,–,–,–,0.25,0.233,–,–,–,–,–,–,–,–,–,–,–,–,–,50.5,140.0,30.8,23.8,4.07,140.0,30.8,23.8,4.07,–,,–,279,–,47.5,–,–,–,–,–,–,–,–,–,–,–,–,–,–,–,–,–,–,–,–,–,–,–,–,–,–,–,–,–,–,–,–,HSS299.72X6.4,HSS299.72X6.4,45.7,5430,–,–,–,–,300,–,–,–,–,–,–,–,–,–,–,–,6.35,5.92,–,–,–,–,–,–,–,–,–,–,–,–,–,50.5,58.3,505.0,390.0,103.0,58.3,505.0,390.0,103.0,–,–,–,116000,–,778,–,–,–,–,–,–,–,–,–,–,–,–,–,–,–,–,–,–,–,–,–,–,–,–,–,–,–,–,–,–,–,–,4.07
HSS,HSS10.75X.625,HSS10.750X0.625,–,67.65,18.6,–,–,–,–,10.8,–,–,–,–,–,–,–,–,–,–,–,0.625,0.581,–,–,–,–,–,–,–,–,–,–,–,–,–,18.5,241.0,60.2,44.8,3.6,241.0,60.2,44.8,3.6,–,,–,482,–,89.1,–,–,–,–,–,–,–,–,–,–,–,–,–,–,–,–,–,–,–,–,–,–,–,–,–,–,–,–,–,–,–,–,HSS273.1X15.9,HSS273.1X15.9,101.0,12000,–,–,–,–,273,–,–,–,–,–,–,–,–,–,–,–,15.9,14.8,–,–,–,–,–,–,–,–,–,–,–,–,–,18.5,100.0,987.0,734.0,91.4,100.0,987.0,734.0,91.4,–,–,–,201000,–,1460,–,–,–,–,–,–,–,–,–,–,–,–,–,–,–,–,–,–,–,–,–,–,–,–,–,–,–,–,–,–,–,–,3.6
HSS,HSS10.75X.500,HSS10.750X0.500,–,54.79,15.0,–,–,–,–,10.8,–,–,–,–,–,–,–,–,–,–,–,0.5,0.465,–,–,–,–,–,–,–,–,–,–,–,–,–,23.1,199.0,49.2,37.0,3.64,199.0,49.2,37.0,3.64,–,,–,398,–,74.1,–,–,–,–,–,–,–,–,–,–,–,–,–,–,–,–,–,–,–,–,–,–,–,–,–,–,–,–,–,–,–,–,HSS273.1X12.7,HSS273.1X12.7,81.5,9680,–,–,–,–,273,–,–,–,–,–,–,–,–,–,–,–,12.7,11.8,–,–,–,–,–,–,–,–,–,–,–,–,–,23.1,82.8,806.0,606.0,92.5,82.8,806.0,606.0,92.5,–,–,–,166000,–,1210,–,–,–,–,–,–,–,–,–,–,–,–,–,–,–,–,–,–,–,–,–,–,–,–,–,–,–,–,–,–,–,–,3.64
HSS,HSS10.75X.375,HSS10.750X0.375,–,41.59,11.4,–,–,–,–,10.8,–,–,–,–,–,–,–,–,–,–,–,0.375,0.349,–,–,–,–,–,–,–,–,–,–,–,–,–,30.8,154.0,37.8,28.7,3.68,154.0,37.8,28.7,3.68,–,,–,309,–,57.4,–,–,–,–,–,–,–,–,–,–,–,–,–,–,–,–,–,–,–,–,–,–,–,–,–,–,–,–,–,–,–,–,HSS273.1X9.5,HSS273.1X9.5,61.9,7350,–,–,–,–,273,–,–,–,–,–,–,–,–,–,–,–,9.53,8.86,–,–,–,–,–,–,–,–,–,–,–,–,–,30.8,64.1,619.0,470.0,93.5,64.1,619.0,470.0,93.5,–,–,–,129000,–,941,–,–,–,–,–,–,–,–,–,–,–,–,–,–,–,–,–,–,–,–,–,–,–,–,–,–,–,–,–,–,–,–,3.68
HSS,HSS10.75X.313,HSS10.750X0.313,–,34.87,9.55,–,–,–,–,10.8,–,–,–,–,–,–,–,–,–,–,–,0.313,0.291,–,–,–,–,–,–,–,–,–,–,–,–,–,37,131.0,31.8,24.3,3.7,131.0,31.8,24.3,3.7,–,,–,261,–,48.6,–,–,–,–,–,–,–,–,–,–,–,–,–,–,–,–,–,–,–,–,–,–,–,–,–,–,–,–,–,–,–,–,HSS273.1X7.9,HSS273.1X7.9,51.9,6160,–,–,–,–,273,–,–,–,–,–,–,–,–,–,–,–,7.95,7.39,–,–,–,–,–,–,–,–,–,–,–,–,–,37,54.5,521.0,398.0,94.0,54.5,521.0,398.0,94.0,–,–,–,109000,–,796,–,–,–,–,–,–,–,–,–,–,–,–,–,–,–,–,–,–,–,–,–,–,–,–,–,–,–,–,–,–,–,–,3.7
HSS,HSS10.75X.250,HSS10.750X0.250,–,28.06,7.7,–,–,–,–,10.8,–,–,–,–,–,–,–,–,–,–,–,0.25,0.233,–,–,–,–,–,–,–,–,–,–,–,–,–,46.1,106.0,25.8,19.8,3.72,106.0,25.8,19.8,3.72,–,,–,213,–,39.6,–,–,–,–,–,–,–,–,–,–,–,–,–,–,–,–,–,–,–,–,–,–,–,–,–,–,–,–,–,–,–,–,HSS273.1X6.4,HSS273.1X6.4,41.8,4970,–,–,–,–,273,–,–,–,–,–,–,–,–,–,–,–,6.35,5.92,–,–,–,–,–,–,–,–,–,–,–,–,–,46.1,44.1,423.0,324.0,94.5,44.1,423.0,324.0,94.5,–,–,–,88700,–,649,–,–,–,–,–,–,–,–,–,–,–,–,–,–,–,–,–,–,–,–,–,–,–,–,–,–,–,–,–,–,–,–,3.72
HSS,HSS10.75X.188,HSS10.750X0.188,–,21.17,5.79,–,–,–,–,10.8,–,–,–,–,–,–,–,–,–,–,–,0.188,0.174,–,–,–,–,–,–,–,–,–,–,–,–,–,61.6,81.0,19.5,15.1,3.74,81.0,19.5,15.1,3.74,–,,–,162,–,30.1,–,–,–,–,–,–,–,–,–,–,–,–,–,–,–,–,–,–,–,–,–,–,–,–,–,–,–,–,–,–,–,–,HSS273.1X4.8,HSS273.1X4.8,31.5,3740,–,–,–,–,273,–,–,–,–,–,–,–,–,–,–,–,4.78,4.42,–,–,–,–,–,–,–,–,–,–,–,–,–,61.6,33.7,320.0,247.0,95.0,33.7,320.0,247.0,95.0,–,–,–,67400,–,493,–,–,–,–,–,–,–,–,–,–,–,–,–,–,–,–,–,–,–,–,–,–,–,–,–,–,–,–,–,–,–,–,3.74
HSS,HSS10X.625,HSS10.000X0.625,–,62.64,17.2,–,–,–,–,10,–,–,–,–,–,–,–,–,–,–,–,0.625,0.581,–,–,–,–,–,–,–,–,–,–,–,–,–,17.2,191.0,51.6,38.3,3.34,191.0,51.6,38.3,3.34,–,,–,383,–,76.6,–,–,–,–,–,–,–,–,–,–,–,–,–,–,–,–,–,–,–,–,–,–,–,–,–,–,–,–,–,–,–,–,HSS254X15.9,HSS254X15.9,93.2,11100,–,–,–,–,254,–,–,–,–,–,–,–,–,–,–,–,15.9,14.8,–,–,–,–,–,–,–,–,–,–,–,–,–,17.2,79.5,846.0,628.0,84.8,79.5,846.0,628.0,84.8,–,–,–,159000,–,1260,–,–,–,–,–,–,–,–,–,–,–,–,–,–,–,–,–,–,–,–,–,–,–,–,–,–,–,–,–,–,–,–,3.34
HSS,HSS10X.500,HSS10.000X0.500,–,50.78,13.9,–,–,–,–,10,–,–,–,–,–,–,–,–,–,–,–,0.5,0.465,–,–,–,–,–,–,–,–,–,–,–,–,–,21.5,159.0,42.3,31.7,3.38,159.0,42.3,31.7,3.38,–,,–,317,–,63.5,–,–,–,–,–,–,–,–,–,–,–,–,–,–,–,–,–,–,–,–,–,–,–,–,–,–,–,–,–,–,–,–,HSS254X12.7,HSS254X12.7,75.6,8970,–,–,–,–,254,–,–,–,–,–,–,–,–,–,–,–,12.7,11.8,–,–,–,–,–,–,–,–,–,–,–,–,–,21.5,66.2,693.0,519.0,85.9,66.2,693.0,519.0,85.9,–,–,–,132000,–,1040,–,–,–,–,–,–,–,–,–,–,–,–,–,–,–,–,–,–,–,–,–,–,–,–,–,–,–,–,–,–,–,–,3.38
HSS,HSS10X.375,HSS10.000X0.375,–,38.58,10.6,–,–,–,–,10,–,–,–,–,–,–,–,–,–,–,–,0.375,0.349,–,–,–,–,–,–,–,–,–,–,–,–,–,28.7,123.0,32.5,24.7,3.41,123.0,32.5,24.7,3.41,–,,–,247,–,49.3,–,–,–,–,–,–,–,–,–,–,–,–,–,–,–,–,–,–,–,–,–,–,–,–,–,–,–,–,–,–,–,–,HSS254X9.5,HSS254X9.5,57.4,6840,–,–,–,–,254,–,–,–,–,–,–,–,–,–,–,–,9.53,8.86,–,–,–,–,–,–,–,–,–,–,–,–,–,28.7,51.2,533.0,405.0,86.6,51.2,533.0,405.0,86.6,–,–,–,103000,–,808,–,–,–,–,–,–,–,–,–,–,–,–,–,–,–,–,–,–,–,–,–,–,–,–,–,–,–,–,–,–,–,–,3.41
HSS,HSS10X.312,HSS10.000X0.312,–,32.31,8.88,–,–,–,–,10,–,–,–,–,–,–,–,–,–,–,–,0.312,0.291,–,–,–,–,–,–,–,–,–,–,–,–,–,34.4,105.0,27.4,20.9,3.43,105.0,27.4,20.9,3.43,–,,–,209,–,41.9,–,–,–,–,–,–,–,–,–,–,–,–,–,–,–,–,–,–,–,–,–,–,–,–,–,–,–,–,–,–,–,–,HSS254X7.9,HSS254X7.9,48.1,5730,–,–,–,–,254,–,–,–,–,–,–,–,–,–,–,–,7.94,7.39,–,–,–,–,–,–,–,–,–,–,–,–,–,34.4,43.7,449.0,342.0,87.1,43.7,449.0,342.0,87.1,–,–,–,87000,–,687,–,–,–,–,–,–,–,–,–,–,–,–,–,–,–,–,–,–,–,–,–,–,–,–,–,–,–,–,–,–,–,–,3.43
HSS,HSS10X.250,HSS10.000X0.250,–,26.06,7.15,–,–,–,–,10,–,–,–,–,–,–,–,–,–,–,–,0.25,0.233,–,–,–,–,–,–,–,–,–,–,–,–,–,42.9,85.3,22.2,17.1,3.45,85.3,22.2,17.1,3.45,–,,–,171,–,34.1,–,–,–,–,–,–,–,–,–,–,–,–,–,–,–,–,–,–,–,–,–,–,–,–,–,–,–,–,–,–,–,–,HSS254X6.4,HSS254X6.4,38.8,4610,–,–,–,–,254,–,–,–,–,–,–,–,–,–,–,–,6.35,5.92,–,–,–,–,–,–,–,–,–,–,–,–,–,42.9,35.5,364.0,280.0,87.6,35.5,364.0,280.0,87.6,–,–,–,71200,–,559,–,–,–,–,–,–,–,–,–,–,–,–,–,–,–,–,–,–,–,–,–,–,–,–,–,–,–,–,–,–,–,–,3.45
HSS,HSS10X.188,HSS10.000X0.188,–,19.72,5.37,–,–,–,–,10,–,–,–,–,–,–,–,–,–,–,–,0.188,0.174,–,–,–,–,–,–,–,–,–,–,–,–,–,57.5,64.8,16.8,13.0,3.47,64.8,16.8,13.0,3.47,–,,–,130,–,25.9,–,–,–,–,–,–,–,–,–,–,–,–,–,–,–,–,–,–,–,–,–,–,–,–,–,–,–,–,–,–,–,–,HSS254X4.8,HSS254X4.8,29.3,3460,–,–,–,–,254,–,–,–,–,–,–,–,–,–,–,–,4.78,4.42,–,–,–,–,–,–,–,–,–,–,–,–,–,57.5,27.0,275.0,213.0,88.1,27.0,275.0,213.0,88.1,–,–,–,54100,–,424,–,–,–,–,–,–,–,–,–,–,–,–,–,–,–,–,–,–,–,–,–,–,–,–,–,–,–,–,–,–,–,–,3.47
HSS,HSS9.625X.625,HSS9.625X0.625,–,60.13,16.5,–,–,–,–,9.63,–,–,–,–,–,–,–,–,–,–,–,0.625,0.581,–,–,–,–,–,–,–,–,–,–,–,–,–,16.6,170.0,47.6,35.2,3.2,170.0,47.6,35.2,3.2,–,,–,339,–,70,–,–,–,–,–,–,–,–,–,–,–,–,–,–,–,–,–,–,–,–,–,–,–,–,–,–,–,–,–,–,–,–,HSS244.5X15.9,HSS244.5X15.9,89.5,10600,–,–,–,–,244,–,–,–,–,–,–,–,–,–,–,–,15.9,14.8,–,–,–,–,–,–,–,–,–,–,–,–,–,16.6,70.8,780.0,577.0,81.3,70.8,780.0,577.0,81.3,–,–,–,141000,–,1150,–,–,–,–,–,–,–,–,–,–,–,–,–,–,–,–,–,–,–,–,–,–,–,–,–,–,–,–,–,–,–,–,3.2
HSS,HSS9.625X.500,HSS9.625X0.500,–,48.77,13.4,–,–,–,–,9.63,–,–,–,–,–,–,–,–,–,–,–,0.5,0.465,–,–,–,–,–,–,–,–,–,–,–,–,–,20.7,141.0,39.0,29.2,3.24,141.0,39.0,29.2,3.24,–,,–,281,–,58.5,–,–,–,–,–,–,–,–,–,–,–,–,–,–,–,–,–,–,–,–,–,–,–,–,–,–,–,–,–,–,–,–,HSS244.5X12.7,HSS244.5X12.7,72.6,8650,–,–,–,–,244,–,–,–,–,–,–,–,–,–,–,–,12.7,11.8,–,–,–,–,–,–,–,–,–,–,–,–,–,20.7,58.7,639.0,479.0,82.3,58.7,639.0,479.0,82.3,–,–,–,117000,–,959,–,–,–,–,–,–,–,–,–,–,–,–,–,–,–,–,–,–,–,–,–,–,–,–,–,–,–,–,–,–,–,–,3.24
HSS,HSS9.625X.375,HSS9.625X0.375,–,37.08,10.2,–,–,–,–,9.63,–,–,–,–,–,–,–,–,–,–,–,0.375,0.349,–,–,–,–,–,–,–,–,–,–,–,–,–,27.6,110.0,30.0,22.8,3.28,110.0,30.0,22.8,3.28,–,,–,219,–,45.5,–,–,–,–,–,–,–,–,–,–,–,–,–,–,–,–,–,–,–,–,–,–,–,–,–,–,–,–,–,–,–,–,HSS244.5X9.5,HSS244.5X9.5,55.2,6580,–,–,–,–,244,–,–,–,–,–,–,–,–,–,–,–,9.53,8.86,–,–,–,–,–,–,–,–,–,–,–,–,–,27.6,45.8,492.0,374.0,83.3,45.8,492.0,374.0,83.3,–,–,–,91200,–,746,–,–,–,–,–,–,–,–,–,–,–,–,–,–,–,–,–,–,–,–,–,–,–,–,–,–,–,–,–,–,–,–,3.28
HSS,HSS9.625X.312,HSS9.625X0.312,–,31.06,8.53,–,–,–,–,9.63,–,–,–,–,–,–,–,–,–,–,–,0.312,0.291,–,–,–,–,–,–,–,–,–,–,–,–,–,33.1,93.0,25.4,19.3,3.3,93.0,25.4,19.3,3.3,–,,–,186,–,38.7,–,–,–,–,–,–,–,–,–,–,–,–,–,–,–,–,–,–,–,–,–,–,–,–,–,–,–,–,–,–,–,–,HSS244.5X7.9,HSS244.5X7.9,46.2,5500,–,–,–,–,244,–,–,–,–,–,–,–,–,–,–,–,7.94,7.39,–,–,–,–,–,–,–,–,–,–,–,–,–,33.1,38.7,416.0,316.0,83.8,38.7,416.0,316.0,83.8,–,–,–,77400,–,634,–,–,–,–,–,–,–,–,–,–,–,–,–,–,–,–,–,–,–,–,–,–,–,–,–,–,–,–,–,–,–,–,3.3
HSS,HSS9.625X.250,HSS9.625X0.250,–,25.06,6.87,–,–,–,–,9.63,–,–,–,–,–,–,–,–,–,–,–,0.25,0.233,–,–,–,–,–,–,–,–,–,–,–,–,–,41.3,75.9,20.6,15.8,3.32,75.9,20.6,15.8,3.32,–,,–,152,–,31.5,–,–,–,–,–,–,–,–,–,–,–,–,–,–,–,–,–,–,–,–,–,–,–,–,–,–,–,–,–,–,–,–,HSS244.5X6.4,HSS244.5X6.4,37.3,4430,–,–,–,–,244,–,–,–,–,–,–,–,–,–,–,–,6.35,5.92,–,–,–,–,–,–,–,–,–,–,–,–,–,41.3,31.6,338.0,259.0,84.3,31.6,338.0,259.0,84.3,–,–,–,63300,–,516,–,–,–,–,–,–,–,–,–,–,–,–,–,–,–,–,–,–,–,–,–,–,–,–,–,–,–,–,–,–,–,–,3.32
HSS,HSS9.625X.188,HSS9.625X0.188,–,18.97,5.17,–,–,–,–,9.63,–,–,–,–,–,–,–,–,–,–,–,0.188,0.174,–,–,–,–,–,–,–,–,–,–,–,–,–,55.3,57.7,15.5,12.0,3.34,57.7,15.5,12.0,3.34,–,,–,115,–,24,–,–,–,–,–,–,–,–,–,–,–,–,–,–,–,–,–,–,–,–,–,–,–,–,–,–,–,–,–,–,–,–,HSS244.5X4.8,HSS244.5X4.8,28.2,3340,–,–,–,–,244,–,–,–,–,–,–,–,–,–,–,–,4.78,4.42,–,–,–,–,–,–,–,–,–,–,–,–,–,55.3,24.0,254.0,197.0,84.8,24.0,254.0,197.0,84.8,–,–,–,47900,–,393,–,–,–,–,–,–,–,–,–,–,–,–,–,–,–,–,–,–,–,–,–,–,–,–,–,–,–,–,–,–,–,–,3.34
HSS,HSS8.625X.625,HSS8.625X0.625,–,53.45,14.7,–,–,–,–,8.63,–,–,–,–,–,–,–,–,–,–,–,0.625,0.581,–,–,–,–,–,–,–,–,–,–,–,–,–,14.8,119.0,37.7,27.7,2.85,119.0,37.7,27.7,2.85,–,,–,239,–,55.4,–,–,–,–,–,–,–,–,–,–,–,–,–,–,–,–,–,–,–,–,–,–,–,–,–,–,–,–,–,–,–,–,HSS219.1X15.9,HSS219.1X15.9,79.5,9480,–,–,–,–,219,–,–,–,–,–,–,–,–,–,–,–,15.9,14.8,–,–,–,–,–,–,–,–,–,–,–,–,–,14.8,49.5,618.0,454.0,72.4,49.5,618.0,454.0,72.4,–,–,–,99500,–,908,–,–,–,–,–,–,–,–,–,–,–,–,–,–,–,–,–,–,–,–,–,–,–,–,–,–,–,–,–,–,–,–,2.85
HSS,HSS8.625X.500,HSS8.625X0.500,–,43.43,11.9,–,–,–,–,8.63,–,–,–,–,–,–,–,–,–,–,–,0.5,0.465,–,–,–,–,–,–,–,–,–,–,–,–,–,18.5,100.0,31.0,23.1,2.89,100.0,31.0,23.1,2.89,–,,–,199,–,46.2,–,–,–,–,–,–,–,–,–,–,–,–,–,–,–,–,–,–,–,–,–,–,–,–,–,–,–,–,–,–,–,–,HSS219.1X12.7,HSS219.1X12.7,64.6,7680,–,–,–,–,219,–,–,–,–,–,–,–,–,–,–,–,12.7,11.8,–,–,–,–,–,–,–,–,–,–,–,–,–,18.5,41.6,508.0,379.0,73.4,41.6,508.0,379.0,73.4,–,–,–,82800,–,757,–,–,–,–,–,–,–,–,–,–,–,–,–,–,–,–,–,–,–,–,–,–,–,–,–,–,–,–,–,–,–,–,2.89
HSS,HSS8.625X.375,HSS8.625X0.375,–,33.07,9.07,–,–,–,–,8.63,–,–,–,–,–,–,–,–,–,–,–,0.375,0.349,–,–,–,–,–,–,–,–,–,–,–,–,–,24.7,77.8,23.9,18.0,2.93,77.8,23.9,18.0,2.93,–,,–,156,–,36.1,–,–,–,–,–,–,–,–,–,–,–,–,–,–,–,–,–,–,–,–,–,–,–,–,–,–,–,–,–,–,–,–,HSS219.1X9.5,HSS219.1X9.5,49.2,5850,–,–,–,–,219,–,–,–,–,–,–,–,–,–,–,–,9.53,8.86,–,–,–,–,–,–,–,–,–,–,–,–,–,24.7,32.4,392.0,295.0,74.4,32.4,392.0,295.0,74.4,–,–,–,64900,–,592,–,–,–,–,–,–,–,–,–,–,–,–,–,–,–,–,–,–,–,–,–,–,–,–,–,–,–,–,–,–,–,–,2.93
HSS,HSS8.625X.322,HSS8.625X0.322,–,28.58,7.85,–,–,–,–,8.63,–,–,–,–,–,–,–,–,–,–,–,0.322,0.3,–,–,–,–,–,–,–,–,–,–,–,–,–,28.8,68.1,20.8,15.8,2.95,68.1,20.8,15.8,2.95,–,,–,136,–,31.6,–,–,–,–,–,–,–,–,–,–,–,–,–,–,–,–,–,–,–,–,–,–,–,–,–,–,–,–,–,–,–,–,HSS219.1X8.2,HSS219.1X8.2,42.5,5060,–,–,–,–,219,–,–,–,–,–,–,–,–,–,–,–,8.18,7.62,–,–,–,–,–,–,–,–,–,–,–,–,–,28.8,28.3,341.0,259.0,74.9,28.3,341.0,259.0,74.9,–,–,–,56600,–,518,–,–,–,–,–,–,–,–,–,–,–,–,–,–,–,–,–,–,–,–,–,–,–,–,–,–,–,–,–,–,–,–,2.95
HSS,HSS8.625X.250,HSS8.625X0.250,–,22.38,6.14,–,–,–,–,8.63,–,–,–,–,–,–,–,–,–,–,–,0.25,0.233,–,–,–,–,–,–,–,–,–,–,–,–,–,37,54.1,16.4,12.5,2.97,54.1,16.4,12.5,2.97,–,,–,108,–,25.1,–,–,–,–,–,–,–,–,–,–,–,–,–,–,–,–,–,–,–,–,–,–,–,–,–,–,–,–,–,–,–,–,HSS219.1X6.4,HSS219.1X6.4,33.3,3960,–,–,–,–,219,–,–,–,–,–,–,–,–,–,–,–,6.35,5.92,–,–,–,–,–,–,–,–,–,–,–,–,–,37,22.5,269.0,205.0,75.4,22.5,269.0,205.0,75.4,–,–,–,45000,–,411,–,–,–,–,–,–,–,–,–,–,–,–,–,–,–,–,–,–,–,–,–,–,–,–,–,–,–,–,–,–,–,–,2.97
HSS,HSS8.625X.188,HSS8.625X0.188,–,16.96,4.62,–,–,–,–,8.63,–,–,–,–,–,–,–,–,–,–,–,0.188,0.174,–,–,–,–,–,–,–,–,–,–,–,–,–,49.6,41.3,12.4,9.57,2.99,41.3,12.4,9.57,2.99,–,,–,82.5,–,19.1,–,–,–,–,–,–,–,–,–,–,–,–,–,–,–,–,–,–,–,–,–,–,–,–,–,–,–,–,–,–,–,–,HSS219.1X4.8,HSS219.1X4.8,25.2,2980,–,–,–,–,219,–,–,–,–,–,–,–,–,–,–,–,4.78,4.42,–,–,–,–,–,–,–,–,–,–,–,–,–,49.6,17.2,203.0,157.0,75.9,17.2,203.0,157.0,75.9,–,–,–,34300,–,313,–,–,–,–,–,–,–,–,–,–,–,–,–,–,–,–,–,–,–,–,–,–,–,–,–,–,–,–,–,–,–,–,2.99
HSS,HSS7.5X.500,HSS7.500X0.500,–,37.42,10.3,–,–,–,–,7.5,–,–,–,–,–,–,–,–,–,–,–,0.5,0.465,–,–,–,–,–,–,–,–,–,–,–,–,–,16.1,63.9,23.0,17.0,2.49,63.9,23.0,17.0,2.49,–,,–,128,–,34.1,–,–,–,–,–,–,–,–,–,–,–,–,–,–,–,–,–,–,–,–,–,–,–,–,–,–,–,–,–,–,–,–,HSS190.5X12.7,HSS190.5X12.7,55.7,6650,–,–,–,–,191,–,–,–,–,–,–,–,–,–,–,–,12.7,11.8,–,–,–,–,–,–,–,–,–,–,–,–,–,16.1,26.6,377.0,279.0,63.2,26.6,377.0,279.0,63.2,–,–,–,53300,–,559,–,–,–,–,–,–,–,–,–,–,–,–,–,–,–,–,–,–,–,–,–,–,–,–,–,–,–,–,–,–,–,–,2.49
HSS,HSS7.5X.375,HSS7.500X0.375,–,28.56,7.84,–,–,–,–,7.5,–,–,–,–,–,–,–,–,–,–,–,0.375,0.349,–,–,–,–,–,–,–,–,–,–,–,–,–,21.5,50.2,17.9,13.4,2.53,50.2,17.9,13.4,2.53,–,,–,100,–,26.8,–,–,–,–,–,–,–,–,–,–,–,–,–,–,–,–,–,–,–,–,–,–,–,–,–,–,–,–,–,–,–,–,HSS190.5X9.5,HSS190.5X9.5,42.5,5060,–,–,–,–,191,–,–,–,–,–,–,–,–,–,–,–,9.53,8.86,–,–,–,–,–,–,–,–,–,–,–,–,–,21.5,20.9,293.0,220.0,64.3,20.9,293.0,220.0,64.3,–,–,–,41600,–,439,–,–,–,–,–,–,–,–,–,–,–,–,–,–,–,–,–,–,–,–,–,–,–,–,–,–,–,–,–,–,–,–,2.53
HSS,HSS7.5X.312,HSS7.500X0.312,–,23.97,6.59,–,–,–,–,7.5,–,–,–,–,–,–,–,–,–,–,–,0.312,0.291,–,–,–,–,–,–,–,–,–,–,–,–,–,25.8,42.9,15.1,11.4,2.55,42.9,15.1,11.4,2.55,–,,–,85.8,–,22.9,–,–,–,–,–,–,–,–,–,–,–,–,–,–,–,–,–,–,–,–,–,–,–,–,–,–,–,–,–,–,–,–,HSS190.5X7.9,HSS190.5X7.9,35.7,4250,–,–,–,–,191,–,–,–,–,–,–,–,–,–,–,–,7.94,7.39,–,–,–,–,–,–,–,–,–,–,–,–,–,25.8,17.9,247.0,187.0,64.8,17.9,247.0,187.0,64.8,–,–,–,35700,–,375,–,–,–,–,–,–,–,–,–,–,–,–,–,–,–,–,–,–,–,–,–,–,–,–,–,–,–,–,–,–,–,–,2.55
HSS,HSS7.5X.250,HSS7.500X0.250,–,19.38,5.32,–,–,–,–,7.5,–,–,–,–,–,–,–,–,–,–,–,0.25,0.233,–,–,–,–,–,–,–,–,–,–,–,–,–,32.2,35.2,12.3,9.37,2.57,35.2,12.3,9.37,2.57,–,,–,70.3,–,18.7,–,–,–,–,–,–,–,–,–,–,–,–,–,–,–,–,–,–,–,–,–,–,–,–,–,–,–,–,–,–,–,–,HSS190.5X6.4,HSS190.5X6.4,28.8,3430,–,–,–,–,191,–,–,–,–,–,–,–,–,–,–,–,6.35,5.92,–,–,–,–,–,–,–,–,–,–,–,–,–,32.2,14.7,202.0,154.0,65.3,14.7,202.0,154.0,65.3,–,–,–,29300,–,306,–,–,–,–,–,–,–,–,–,–,–,–,–,–,–,–,–,–,–,–,–,–,–,–,–,–,–,–,–,–,–,–,2.57
HSS,HSS7.5X.188,HSS7.500X0.188,–,14.7,4.0,–,–,–,–,7.5,–,–,–,–,–,–,–,–,–,–,–,0.188,0.174,–,–,–,–,–,–,–,–,–,–,–,–,–,43.1,26.9,9.34,7.17,2.59,26.9,9.34,7.17,2.59,–,,–,53.8,–,14.3,–,–,–,–,–,–,–,–,–,–,–,–,–,–,–,–,–,–,–,–,–,–,–,–,–,–,–,–,–,–,–,–,HSS190.5X4.8,HSS190.5X4.8,21.9,2580,–,–,–,–,191,–,–,–,–,–,–,–,–,–,–,–,4.78,4.42,–,–,–,–,–,–,–,–,–,–,–,–,–,43.1,11.2,153.0,117.0,65.8,11.2,153.0,117.0,65.8,–,–,–,22400,–,234,–,–,–,–,–,–,–,–,–,–,–,–,–,–,–,–,–,–,–,–,–,–,–,–,–,–,–,–,–,–,–,–,2.59
HSS,HSS7X.500,HSS7.000X0.500,–,34.74,9.55,–,–,–,–,7,–,–,–,–,–,–,–,–,–,–,–,0.5,0.465,–,–,–,–,–,–,–,–,–,–,–,–,–,15.1,51.2,19.9,14.6,2.32,51.2,19.9,14.6,2.32,–,,–,102,–,29.3,–,–,–,–,–,–,–,–,–,–,–,–,–,–,–,–,–,–,–,–,–,–,–,–,–,–,–,–,–,–,–,–,HSS177.8X12.7,HSS177.8X12.7,51.7,6160,–,–,–,–,178,–,–,–,–,–,–,–,–,–,–,–,12.7,11.8,–,–,–,–,–,–,–,–,–,–,–,–,–,15.1,21.3,326.0,239.0,58.9,21.3,326.0,239.0,58.9,–,–,–,42500,–,480,–,–,–,–,–,–,–,–,–,–,–,–,–,–,–,–,–,–,–,–,–,–,–,–,–,–,–,–,–,–,–,–,2.32
HSS,HSS7X.375,HSS7.000X0.375,–,26.56,7.29,–,–,–,–,7,–,–,–,–,–,–,–,–,–,–,–,0.375,0.349,–,–,–,–,–,–,–,–,–,–,–,–,–,20.1,40.4,15.5,11.6,2.35,40.4,15.5,11.6,2.35,–,,–,80.9,–,23.1,–,–,–,–,–,–,–,–,–,–,–,–,–,–,–,–,–,–,–,–,–,–,–,–,–,–,–,–,–,–,–,–,HSS177.8X9.5,HSS177.8X9.5,39.5,4700,–,–,–,–,178,–,–,–,–,–,–,–,–,–,–,–,9.53,8.86,–,–,–,–,–,–,–,–,–,–,–,–,–,20.1,16.8,254.0,190.0,59.7,16.8,254.0,190.0,59.7,–,–,–,33700,–,379,–,–,–,–,–,–,–,–,–,–,–,–,–,–,–,–,–,–,–,–,–,–,–,–,–,–,–,–,–,–,–,–,2.35
HSS,HSS7X.312,HSS7.000X0.312,–,22.31,6.13,–,–,–,–,7,–,–,–,–,–,–,–,–,–,–,–,0.312,0.291,–,–,–,–,–,–,–,–,–,–,–,–,–,24.1,34.6,13.1,9.88,2.37,34.6,13.1,9.88,2.37,–,,–,69.1,–,19.8,–,–,–,–,–,–,–,–,–,–,–,–,–,–,–,–,–,–,–,–,–,–,–,–,–,–,–,–,–,–,–,–,HSS177.8X7.9,HSS177.8X7.9,33.2,3950,–,–,–,–,178,–,–,–,–,–,–,–,–,–,–,–,7.94,7.39,–,–,–,–,–,–,–,–,–,–,–,–,–,24.1,14.4,215.0,162.0,60.2,14.4,215.0,162.0,60.2,–,–,–,28800,–,324,–,–,–,–,–,–,–,–,–,–,–,–,–,–,–,–,–,–,–,–,–,–,–,–,–,–,–,–,–,–,–,–,2.37
HSS,HSS7X.250,HSS7.000X0.250,–,18.04,4.95,–,–,–,–,7,–,–,–,–,–,–,–,–,–,–,–,0.25,0.233,–,–,–,–,–,–,–,–,–,–,–,–,–,30,28.4,10.7,8.11,2.39,28.4,10.7,8.11,2.39,–,,–,56.8,–,16.2,–,–,–,–,–,–,–,–,–,–,–,–,–,–,–,–,–,–,–,–,–,–,–,–,–,–,–,–,–,–,–,–,HSS177.8X6.4,HSS177.8X6.4,26.8,3190,–,–,–,–,178,–,–,–,–,–,–,–,–,–,–,–,6.35,5.92,–,–,–,–,–,–,–,–,–,–,–,–,–,30,11.8,175.0,133.0,60.7,11.8,175.0,133.0,60.7,–,–,–,23600,–,265,–,–,–,–,–,–,–,–,–,–,–,–,–,–,–,–,–,–,–,–,–,–,–,–,–,–,–,–,–,–,–,–,2.39
HSS,HSS7X.188,HSS7.000X0.188,–,13.69,3.73,–,–,–,–,7,–,–,–,–,–,–,–,–,–,–,–,0.188,0.174,–,–,–,–,–,–,–,–,–,–,–,–,–,40.2,21.7,8.11,6.21,2.41,21.7,8.11,6.21,2.41,–,,–,43.5,–,12.4,–,–,–,–,–,–,–,–,–,–,–,–,–,–,–,–,–,–,–,–,–,–,–,–,–,–,–,–,–,–,–,–,HSS177.8X4.8,HSS177.8X4.8,20.4,2410,–,–,–,–,178,–,–,–,–,–,–,–,–,–,–,–,4.78,4.42,–,–,–,–,–,–,–,–,–,–,–,–,–,40.2,9.03,133.0,102.0,61.2,9.03,133.0,102.0,61.2,–,–,–,18100,–,203,–,–,–,–,–,–,–,–,–,–,–,–,–,–,–,–,–,–,–,–,–,–,–,–,–,–,–,–,–,–,–,–,2.41
HSS,HSS7X.125,HSS7.000X0.125,–,9.19,2.51,–,–,–,–,7,–,–,–,–,–,–,–,–,–,–,–,0.125,0.116,–,–,–,–,–,–,–,–,–,–,–,–,–,60.3,14.9,5.5,4.25,2.43,14.9,5.5,4.25,2.43,–,,–,29.7,–,8.49,–,–,–,–,–,–,–,–,–,–,–,–,–,–,–,–,–,–,–,–,–,–,–,–,–,–,–,–,–,–,–,–,HSS177.8X3.2,HSS177.8X3.2,13.7,1620,–,–,–,–,178,–,–,–,–,–,–,–,–,–,–,–,3.18,2.95,–,–,–,–,–,–,–,–,–,–,–,–,–,60.3,6.2,90.1,69.6,61.7,6.2,90.1,69.6,61.7,–,–,–,12400,–,139,–,–,–,–,–,–,–,–,–,–,–,–,–,–,–,–,–,–,–,–,–,–,–,–,–,–,–,–,–,–,–,–,2.43
HSS,HSS6.875X.375,HSS6.875X0.375,–,26.06,7.16,–,–,–,–,6.88,–,–,–,–,–,–,–,–,–,–,–,0.375,0.349,–,–,–,–,–,–,–,–,–,–,–,–,–,19.7,38.2,14.9,11.1,2.31,38.2,14.9,11.1,2.31,–,,–,76.4,–,22.2,–,–,–,–,–,–,–,–,–,–,–,–,–,–,–,–,–,–,–,–,–,–,–,–,–,–,–,–,–,–,–,–,HSS174.6X9.5,HSS174.6X9.5,38.8,4620,–,–,–,–,175,–,–,–,–,–,–,–,–,–,–,–,9.53,8.86,–,–,–,–,–,–,–,–,–,–,–,–,–,19.7,15.9,244.0,182.0,58.7,15.9,244.0,182.0,58.7,–,–,–,31800,–,364,–,–,–,–,–,–,–,–,–,–,–,–,–,–,–,–,–,–,–,–,–,–,–,–,–,–,–,–,–,–,–,–,2.31
HSS,HSS6.875X.312,HSS6.875X0.312,–,21.89,6.02,–,–,–,–,6.88,–,–,–,–,–,–,–,–,–,–,–,0.312,0.291,–,–,–,–,–,–,–,–,–,–,–,–,–,23.6,32.7,12.6,9.51,2.33,32.7,12.6,9.51,2.33,–,,–,65.4,–,19,–,–,–,–,–,–,–,–,–,–,–,–,–,–,–,–,–,–,–,–,–,–,–,–,–,–,–,–,–,–,–,–,HSS174.6X7.9,HSS174.6X7.9,32.6,3880,–,–,–,–,175,–,–,–,–,–,–,–,–,–,–,–,7.94,7.39,–,–,–,–,–,–,–,–,–,–,–,–,–,23.6,13.6,206.0,156.0,59.2,13.6,206.0,156.0,59.2,–,–,–,27200,–,311,–,–,–,–,–,–,–,–,–,–,–,–,–,–,–,–,–,–,–,–,–,–,–,–,–,–,–,–,–,–,–,–,2.33
HSS,HSS6.875X.250,HSS6.875X0.250,–,17.71,4.86,–,–,–,–,6.88,–,–,–,–,–,–,–,–,–,–,–,0.25,0.233,–,–,–,–,–,–,–,–,–,–,–,–,–,29.5,26.8,10.3,7.81,2.35,26.8,10.3,7.81,2.35,–,,–,53.7,–,15.6,–,–,–,–,–,–,–,–,–,–,–,–,–,–,–,–,–,–,–,–,–,–,–,–,–,–,–,–,–,–,–,–,HSS174.6X6.4,HSS174.6X6.4,26.3,3140,–,–,–,–,175,–,–,–,–,–,–,–,–,–,–,–,6.35,5.92,–,–,–,–,–,–,–,–,–,–,–,–,–,29.5,11.2,169.0,128.0,59.7,11.2,169.0,128.0,59.7,–,–,–,22400,–,256,–,–,–,–,–,–,–,–,–,–,–,–,–,–,–,–,–,–,–,–,–,–,–,–,–,–,–,–,–,–,–,–,2.35
HSS,HSS6.875X.188,HSS6.875X0.188,–,13.44,3.66,–,–,–,–,6.88,–,–,–,–,–,–,–,–,–,–,–,0.188,0.174,–,–,–,–,–,–,–,–,–,–,–,–,–,39.5,20.6,7.81,5.99,2.37,20.6,7.81,5.99,2.37,–,,–,41.1,–,12,–,–,–,–,–,–,–,–,–,–,–,–,–,–,–,–,–,–,–,–,–,–,–,–,–,–,–,–,–,–,–,–,HSS174.6X4.8,HSS174.6X4.8,20.0,2360,–,–,–,–,175,–,–,–,–,–,–,–,–,–,–,–,4.78,4.42,–,–,–,–,–,–,–,–,–,–,–,–,–,39.5,8.57,128.0,98.2,60.2,8.57,128.0,98.2,60.2,–,–,–,17100,–,197,–,–,–,–,–,–,–,–,–,–,–,–,–,–,–,–,–,–,–,–,–,–,–,–,–,–,–,–,–,–,–,–,2.37
HSS,HSS6.625X.500,HSS6.625X0.500,–,32.74,9.0,–,–,–,–,6.63,–,–,–,–,–,–,–,–,–,–,–,0.5,0.465,–,–,–,–,–,–,–,–,–,–,–,–,–,14.2,42.9,17.7,13.0,2.18,42.9,17.7,13.0,2.18,–,,–,85.9,–,25.9,–,–,–,–,–,–,–,–,–,–,–,–,–,–,–,–,–,–,–,–,–,–,–,–,–,–,–,–,–,–,–,–,HSS168.3X12.7,HSS168.3X12.7,48.7,5810,–,–,–,–,168,–,–,–,–,–,–,–,–,–,–,–,12.7,11.8,–,–,–,–,–,–,–,–,–,–,–,–,–,14.2,17.9,290.0,213.0,55.4,17.9,290.0,213.0,55.4,–,–,–,35800,–,424,–,–,–,–,–,–,–,–,–,–,–,–,–,–,–,–,–,–,–,–,–,–,–,–,–,–,–,–,–,–,–,–,2.18
HSS,HSS6.625X.432,HSS6.625X0.432,–,28.6,7.86,–,–,–,–,6.63,–,–,–,–,–,–,–,–,–,–,–,0.432,0.402,–,–,–,–,–,–,–,–,–,–,–,–,–,16.5,38.2,15.6,11.5,2.2,38.2,15.6,11.5,2.2,–,,–,76.4,–,23.1,–,–,–,–,–,–,–,–,–,–,–,–,–,–,–,–,–,–,–,–,–,–,–,–,–,–,–,–,–,–,–,–,HSS168.3X11,HSS168.3X11,42.6,5070,–,–,–,–,168,–,–,–,–,–,–,–,–,–,–,–,11.1,10.2,–,–,–,–,–,–,–,–,–,–,–,–,–,16.5,15.9,256.0,188.0,55.9,15.9,256.0,188.0,55.9,–,–,–,31800,–,379,–,–,–,–,–,–,–,–,–,–,–,–,–,–,–,–,–,–,–,–,–,–,–,–,–,–,–,–,–,–,–,–,2.2
HSS,HSS6.625X.375,HSS6.625X0.375,–,25.06,6.88,–,–,–,–,6.63,–,–,–,–,–,–,–,–,–,–,–,0.375,0.349,–,–,–,–,–,–,–,–,–,–,–,–,–,19,34.0,13.8,10.3,2.22,34.0,13.8,10.3,2.22,–,,–,68,–,20.5,–,–,–,–,–,–,–,–,–,–,–,–,–,–,–,–,–,–,–,–,–,–,–,–,–,–,–,–,–,–,–,–,HSS168.3X9.5,HSS168.3X9.5,37.3,4440,–,–,–,–,168,–,–,–,–,–,–,–,–,–,–,–,9.53,8.86,–,–,–,–,–,–,–,–,–,–,–,–,–,19,14.2,226.0,169.0,56.4,14.2,226.0,169.0,56.4,–,–,–,28300,–,336,–,–,–,–,–,–,–,–,–,–,–,–,–,–,–,–,–,–,–,–,–,–,–,–,–,–,–,–,–,–,–,–,2.22
HSS,HSS6.625X.312,HSS6.625X0.312,–,21.06,5.79,–,–,–,–,6.63,–,–,–,–,–,–,–,–,–,–,–,0.312,0.291,–,–,–,–,–,–,–,–,–,–,–,–,–,22.8,29.1,11.7,8.79,2.24,29.1,11.7,8.79,2.24,–,,–,58.2,–,17.6,–,–,–,–,–,–,–,–,–,–,–,–,–,–,–,–,–,–,–,–,–,–,–,–,–,–,–,–,–,–,–,–,HSS168.3X7.9,HSS168.3X7.9,31.3,3740,–,–,–,–,168,–,–,–,–,–,–,–,–,–,–,–,7.94,7.39,–,–,–,–,–,–,–,–,–,–,–,–,–,22.8,12.1,192.0,144.0,56.9,12.1,192.0,144.0,56.9,–,–,–,24200,–,288,–,–,–,–,–,–,–,–,–,–,–,–,–,–,–,–,–,–,–,–,–,–,–,–,–,–,–,–,–,–,–,–,2.24
HSS,HSS6.625X.280,HSS6.625X0.280,–,18.99,5.2,–,–,–,–,6.63,–,–,–,–,–,–,–,–,–,–,–,0.28,0.26,–,–,–,–,–,–,–,–,–,–,–,–,–,25.5,26.4,10.5,7.96,2.25,26.4,10.5,7.96,2.25,–,,–,52.7,–,15.9,–,–,–,–,–,–,–,–,–,–,–,–,–,–,–,–,–,–,–,–,–,–,–,–,–,–,–,–,–,–,–,–,HSS168.3X7.1,HSS168.3X7.1,28.3,3350,–,–,–,–,168,–,–,–,–,–,–,–,–,–,–,–,7.11,6.6,–,–,–,–,–,–,–,–,–,–,–,–,–,25.5,11.0,172.0,130.0,57.2,11.0,172.0,130.0,57.2,–,–,–,21900,–,261,–,–,–,–,–,–,–,–,–,–,–,–,–,–,–,–,–,–,–,–,–,–,–,–,–,–,–,–,–,–,–,–,2.25
HSS,HSS6.625X.250,HSS6.625X0.250,–,17.04,4.68,–,–,–,–,6.63,–,–,–,–,–,–,–,–,–,–,–,0.25,0.233,–,–,–,–,–,–,–,–,–,–,–,–,–,28.4,23.9,9.52,7.22,2.26,23.9,9.52,7.22,2.26,–,,–,47.9,–,14.4,–,–,–,–,–,–,–,–,–,–,–,–,–,–,–,–,–,–,–,–,–,–,–,–,–,–,–,–,–,–,–,–,HSS168.3X6.4,HSS168.3X6.4,25.4,3020,–,–,–,–,168,–,–,–,–,–,–,–,–,–,–,–,6.35,5.92,–,–,–,–,–,–,–,–,–,–,–,–,–,28.4,9.95,156.0,118.0,57.4,9.95,156.0,118.0,57.4,–,–,–,19900,–,236,–,–,–,–,–,–,–,–,–,–,–,–,–,–,–,–,–,–,–,–,–,–,–,–,–,–,–,–,–,–,–,–,2.26
HSS,HSS6.625X.188,HSS6.625X0.188,–,12.94,3.53,–,–,–,–,6.63,–,–,–,–,–,–,–,–,–,–,–,0.188,0.174,–,–,–,–,–,–,–,–,–,–,–,–,–,38.1,18.4,7.24,5.54,2.28,18.4,7.24,5.54,2.28,–,,–,36.7,–,11.1,–,–,–,–,–,–,–,–,–,–,–,–,–,–,–,–,–,–,–,–,–,–,–,–,–,–,–,–,–,–,–,–,HSS168.3X4.8,HSS168.3X4.8,19.2,2280,–,–,–,–,168,–,–,–,–,–,–,–,–,–,–,–,4.78,4.42,–,–,–,–,–,–,–,–,–,–,–,–,–,38.1,7.66,119.0,90.8,57.9,7.66,119.0,90.8,57.9,–,–,–,15300,–,182,–,–,–,–,–,–,–,–,–,–,–,–,–,–,–,–,–,–,–,–,–,–,–,–,–,–,–,–,–,–,–,–,2.28
HSS,HSS6.625X.125,HSS6.625X0.125,–,8.69,2.37,–,–,–,–,6.63,–,–,–,–,–,–,–,–,–,–,–,0.125,0.116,–,–,–,–,–,–,–,–,–,–,–,–,–,57.1,12.6,4.92,3.79,2.3,12.6,4.92,3.79,2.3,–,,–,25.1,–,7.59,–,–,–,–,–,–,–,–,–,–,–,–,–,–,–,–,–,–,–,–,–,–,–,–,–,–,–,–,–,–,–,–,HSS168.3X3.2,HSS168.3X3.2,12.9,1530,–,–,–,–,168,–,–,–,–,–,–,–,–,–,–,–,3.18,2.95,–,–,–,–,–,–,–,–,–,–,–,–,–,57.1,5.24,80.6,62.1,58.4,5.24,80.6,62.1,58.4,–,–,–,10400,–,124,–,–,–,–,–,–,–,–,–,–,–,–,–,–,–,–,–,–,–,–,–,–,–,–,–,–,–,–,–,–,–,–,2.3
HSS,HSS6X.500,HSS6.000X0.500,–,29.4,8.09,–,–,–,–,6,–,–,–,–,–,–,–,–,–,–,–,0.5,0.465,–,–,–,–,–,–,–,–,–,–,–,–,–,12.9,31.2,14.3,10.4,1.96,31.2,14.3,10.4,1.96,–,,–,62.4,–,20.8,–,–,–,–,–,–,–,–,–,–,–,–,–,–,–,–,–,–,–,–,–,–,–,–,–,–,–,–,–,–,–,–,HSS152.4X12.7,HSS152.4X12.7,43.7,5220,–,–,–,–,152,–,–,–,–,–,–,–,–,–,–,–,12.7,11.8,–,–,–,–,–,–,–,–,–,–,–,–,–,12.9,13.0,234.0,170.0,49.8,13.0,234.0,170.0,49.8,–,–,–,26000,–,341,–,–,–,–,–,–,–,–,–,–,–,–,–,–,–,–,–,–,–,–,–,–,–,–,–,–,–,–,–,–,–,–,1.96
HSS,HSS6X.375,HSS6.000X0.375,–,22.55,6.2,–,–,–,–,6,–,–,–,–,–,–,–,–,–,–,–,0.375,0.349,–,–,–,–,–,–,–,–,–,–,–,–,–,17.2,24.8,11.2,8.28,2.0,24.8,11.2,8.28,2.0,–,,–,49.7,–,16.6,–,–,–,–,–,–,–,–,–,–,–,–,–,–,–,–,–,–,–,–,–,–,–,–,–,–,–,–,–,–,–,–,HSS152.4X9.5,HSS152.4X9.5,33.6,4000,–,–,–,–,152,–,–,–,–,–,–,–,–,–,–,–,9.53,8.86,–,–,–,–,–,–,–,–,–,–,–,–,–,17.2,10.3,184.0,136.0,50.8,10.3,184.0,136.0,50.8,–,–,–,20700,–,272,–,–,–,–,–,–,–,–,–,–,–,–,–,–,–,–,–,–,–,–,–,–,–,–,–,–,–,–,–,–,–,–,2.0
HSS,HSS6X.312,HSS6.000X0.312,–,18.97,5.22,–,–,–,–,6,–,–,–,–,–,–,–,–,–,–,–,0.312,0.291,–,–,–,–,–,–,–,–,–,–,–,–,–,20.6,21.3,9.49,7.11,2.02,21.3,9.49,7.11,2.02,–,,–,42.6,–,14.2,–,–,–,–,–,–,–,–,–,–,–,–,–,–,–,–,–,–,–,–,–,–,–,–,–,–,–,–,–,–,–,–,HSS152.4X7.9,HSS152.4X7.9,28.2,3370,–,–,–,–,152,–,–,–,–,–,–,–,–,–,–,–,7.94,7.39,–,–,–,–,–,–,–,–,–,–,–,–,–,20.6,8.87,156.0,117.0,51.3,8.87,156.0,117.0,51.3,–,–,–,17700,–,233,–,–,–,–,–,–,–,–,–,–,–,–,–,–,–,–,–,–,–,–,–,–,–,–,–,–,–,–,–,–,–,–,2.02
HSS,HSS6X.280,HSS6.000X0.280,–,17.12,4.69,–,–,–,–,6,–,–,–,–,–,–,–,–,–,–,–,0.28,0.26,–,–,–,–,–,–,–,–,–,–,–,–,–,23.1,19.3,8.57,6.45,2.03,19.3,8.57,6.45,2.03,–,,–,38.7,–,12.9,–,–,–,–,–,–,–,–,–,–,–,–,–,–,–,–,–,–,–,–,–,–,–,–,–,–,–,–,–,–,–,–,HSS152.4X7.1,HSS152.4X7.1,25.5,3030,–,–,–,–,152,–,–,–,–,–,–,–,–,–,–,–,7.11,6.6,–,–,–,–,–,–,–,–,–,–,–,–,–,23.1,8.03,140.0,106.0,51.6,8.03,140.0,106.0,51.6,–,–,–,16100,–,211,–,–,–,–,–,–,–,–,–,–,–,–,–,–,–,–,–,–,–,–,–,–,–,–,–,–,–,–,–,–,–,–,2.03
HSS,HSS6X.250,HSS6.000X0.250,–,15.37,4.22,–,–,–,–,6,–,–,–,–,–,–,–,–,–,–,–,0.25,0.233,–,–,–,–,–,–,–,–,–,–,–,–,–,25.8,17.6,7.75,5.86,2.04,17.6,7.75,5.86,2.04,–,,–,35.2,–,11.7,–,–,–,–,–,–,–,–,–,–,–,–,–,–,–,–,–,–,–,–,–,–,–,–,–,–,–,–,–,–,–,–,HSS152.4X6.4,HSS152.4X6.4,22.9,2720,–,–,–,–,152,–,–,–,–,–,–,–,–,–,–,–,6.35,5.92,–,–,–,–,–,–,–,–,–,–,–,–,–,25.8,7.33,127.0,96.0,51.8,7.33,127.0,96.0,51.8,–,–,–,14700,–,192,–,–,–,–,–,–,–,–,–,–,–,–,–,–,–,–,–,–,–,–,–,–,–,–,–,–,–,–,–,–,–,–,2.04
HSS,HSS6X.188,HSS6.000X0.188,–,11.68,3.18,–,–,–,–,6,–,–,–,–,–,–,–,–,–,–,–,0.188,0.174,–,–,–,–,–,–,–,–,–,–,–,–,–,34.5,13.5,5.91,4.51,2.06,13.5,5.91,4.51,2.06,–,,–,27,–,9.02,–,–,–,–,–,–,–,–,–,–,–,–,–,–,–,–,–,–,–,–,–,–,–,–,–,–,–,–,–,–,–,–,HSS152.4X4.8,HSS152.4X4.8,17.4,2050,–,–,–,–,152,–,–,–,–,–,–,–,–,–,–,–,4.78,4.42,–,–,–,–,–,–,–,–,–,–,–,–,–,34.5,5.62,96.8,73.9,52.3,5.62,96.8,73.9,52.3,–,–,–,11200,–,148,–,–,–,–,–,–,–,–,–,–,–,–,–,–,–,–,–,–,–,–,–,–,–,–,–,–,–,–,–,–,–,–,2.06
HSS,HSS6X.125,HSS6.000X0.125,–,7.85,2.14,–,–,–,–,6,–,–,–,–,–,–,–,–,–,–,–,0.125,0.116,–,–,–,–,–,–,–,–,–,–,–,–,–,51.7,9.28,4.02,3.09,2.08,9.28,4.02,3.09,2.08,–,,–,18.6,–,6.19,–,–,–,–,–,–,–,–,–,–,–,–,–,–,–,–,–,–,–,–,–,–,–,–,–,–,–,–,–,–,–,–,HSS152.4X3.2,HSS152.4X3.2,11.7,1380,–,–,–,–,152,–,–,–,–,–,–,–,–,–,–,–,3.18,2.95,–,–,–,–,–,–,–,–,–,–,–,–,–,51.7,3.86,65.9,50.6,52.8,3.86,65.9,50.6,52.8,–,–,–,7740,–,101,–,–,–,–,–,–,–,–,–,–,–,–,–,–,–,–,–,–,–,–,–,–,–,–,–,–,–,–,–,–,–,–,2.08
HSS,HSS5.563X.500,HSS5.563X0.500,–,27.06,7.45,–,–,–,–,5.56,–,–,–,–,–,–,–,–,–,–,–,0.5,0.465,–,–,–,–,–,–,–,–,–,–,–,–,–,12,24.4,12.1,8.77,1.81,24.4,12.1,8.77,1.81,–,,–,48.8,–,17.5,–,–,–,–,–,–,–,–,–,–,–,–,–,–,–,–,–,–,–,–,–,–,–,–,–,–,–,–,–,–,–,–,HSS141.3X12.7,HSS141.3X12.7,40.3,4810,–,–,–,–,141,–,–,–,–,–,–,–,–,–,–,–,12.7,11.8,–,–,–,–,–,–,–,–,–,–,–,–,–,12,10.2,198.0,144.0,46.0,10.2,198.0,144.0,46.0,–,–,–,20300,–,287,–,–,–,–,–,–,–,–,–,–,–,–,–,–,–,–,–,–,–,–,–,–,–,–,–,–,–,–,–,–,–,–,1.81
HSS,HSS5.563X.375,HSS5.563X0.375,–,20.8,5.72,–,–,–,–,5.56,–,–,–,–,–,–,–,–,–,–,–,0.375,0.349,–,–,–,–,–,–,–,–,–,–,–,–,–,15.9,19.5,9.5,7.02,1.85,19.5,9.5,7.02,1.85,–,,–,39,–,14,–,–,–,–,–,–,–,–,–,–,–,–,–,–,–,–,–,–,–,–,–,–,–,–,–,–,–,–,–,–,–,–,HSS141.3X9.5,HSS141.3X9.5,30.9,3690,–,–,–,–,141,–,–,–,–,–,–,–,–,–,–,–,9.53,8.86,–,–,–,–,–,–,–,–,–,–,–,–,–,15.9,8.12,156.0,115.0,47.0,8.12,156.0,115.0,47.0,–,–,–,16200,–,229,–,–,–,–,–,–,–,–,–,–,–,–,–,–,–,–,–,–,–,–,–,–,–,–,–,–,–,–,–,–,–,–,1.85
HSS,HSS5.563X.258,HSS5.563X0.258,–,14.63,4.01,–,–,–,–,5.56,–,–,–,–,–,–,–,–,–,–,–,0.258,0.24,–,–,–,–,–,–,–,–,–,–,–,–,–,23.2,14.2,6.8,5.12,1.88,14.2,6.8,5.12,1.88,–,,–,28.5,–,10.2,–,–,–,–,–,–,–,–,–,–,–,–,–,–,–,–,–,–,–,–,–,–,–,–,–,–,–,–,–,–,–,–,HSS141.3X6.6,HSS141.3X6.6,21.8,2590,–,–,–,–,141,–,–,–,–,–,–,–,–,–,–,–,6.55,6.1,–,–,–,–,–,–,–,–,–,–,–,–,–,23.2,5.91,111.0,83.9,47.8,5.91,111.0,83.9,47.8,–,–,–,11900,–,167,–,–,–,–,–,–,–,–,–,–,–,–,–,–,–,–,–,–,–,–,–,–,–,–,–,–,–,–,–,–,–,–,1.88
HSS,HSS5.563X.188,HSS5.563X0.188,–,10.8,2.95,–,–,–,–,5.56,–,–,–,–,–,–,–,–,–,–,–,0.188,0.174,–,–,–,–,–,–,–,–,–,–,–,–,–,32,10.7,5.05,3.85,1.91,10.7,5.05,3.85,1.91,–,,–,21.4,–,7.7,–,–,–,–,–,–,–,–,–,–,–,–,–,–,–,–,–,–,–,–,–,–,–,–,–,–,–,–,–,–,–,–,HSS141.3X4.8,HSS141.3X4.8,16.1,1900,–,–,–,–,141,–,–,–,–,–,–,–,–,–,–,–,4.78,4.42,–,–,–,–,–,–,–,–,–,–,–,–,–,32,4.45,82.8,63.1,48.5,4.45,82.8,63.1,48.5,–,–,–,8910,–,126,–,–,–,–,–,–,–,–,–,–,–,–,–,–,–,–,–,–,–,–,–,–,–,–,–,–,–,–,–,–,–,–,1.91
HSS,HSS5.563X.134,HSS5.563X0.134,–,7.78,2.12,–,–,–,–,5.56,–,–,–,–,–,–,–,–,–,–,–,0.134,0.124,–,–,–,–,–,–,–,–,–,–,–,–,–,44.9,7.84,3.67,2.82,1.92,7.84,3.67,2.82,1.92,–,,–,15.7,–,5.64,–,–,–,–,–,–,–,–,–,–,–,–,–,–,–,–,–,–,–,–,–,–,–,–,–,–,–,–,–,–,–,–,HSS141.3X3.4,HSS141.3X3.4,11.6,1370,–,–,–,–,141,–,–,–,–,–,–,–,–,–,–,–,3.4,3.15,–,–,–,–,–,–,–,–,–,–,–,–,–,44.9,3.26,60.1,46.2,48.8,3.26,60.1,46.2,48.8,–,–,–,6530,–,92.4,–,–,–,–,–,–,–,–,–,–,–,–,–,–,–,–,–,–,–,–,–,–,–,–,–,–,–,–,–,–,–,–,1.92
HSS,HSS5.5X.500,HSS5.500X0.500,–,26.73,7.36,–,–,–,–,5.5,–,–,–,–,–,–,–,–,–,–,–,0.5,0.465,–,–,–,–,–,–,–,–,–,–,–,–,–,11.8,23.5,11.8,8.55,1.79,23.5,11.8,8.55,1.79,–,,–,47,–,17.1,–,–,–,–,–,–,–,–,–,–,–,–,–,–,–,–,–,–,–,–,–,–,–,–,–,–,–,–,–,–,–,–,HSS139.7X12.7,HSS139.7X12.7,39.8,4750,–,–,–,–,140,–,–,–,–,–,–,–,–,–,–,–,12.7,11.8,–,–,–,–,–,–,–,–,–,–,–,–,–,11.8,9.78,193.0,140.0,45.5,9.78,193.0,140.0,45.5,–,–,–,19600,–,280,–,–,–,–,–,–,–,–,–,–,–,–,–,–,–,–,–,–,–,–,–,–,–,–,–,–,–,–,–,–,–,–,1.79
HSS,HSS5.5X.375,HSS5.500X0.375,–,20.55,5.65,–,–,–,–,5.5,–,–,–,–,–,–,–,–,–,–,–,0.375,0.349,–,–,–,–,–,–,–,–,–,–,–,–,–,15.8,18.8,9.27,6.84,1.83,18.8,9.27,6.84,1.83,–,,–,37.6,–,13.7,–,–,–,–,–,–,–,–,–,–,–,–,–,–,–,–,–,–,–,–,–,–,–,–,–,–,–,–,–,–,–,–,HSS139.7X9.5,HSS139.7X9.5,30.6,3650,–,–,–,–,140,–,–,–,–,–,–,–,–,–,–,–,9.53,8.86,–,–,–,–,–,–,–,–,–,–,–,–,–,15.8,7.83,152.0,112.0,46.5,7.83,152.0,112.0,46.5,–,–,–,15700,–,225,–,–,–,–,–,–,–,–,–,–,–,–,–,–,–,–,–,–,–,–,–,–,–,–,–,–,–,–,–,–,–,–,1.83
HSS,HSS5.5X.258,HSS5.500X0.258,–,14.46,3.97,–,–,–,–,5.5,–,–,–,–,–,–,–,–,–,–,–,0.258,0.24,–,–,–,–,–,–,–,–,–,–,–,–,–,22.9,13.7,6.64,5.0,1.86,13.7,6.64,5.0,1.86,–,,–,27.5,–,10,–,–,–,–,–,–,–,–,–,–,–,–,–,–,–,–,–,–,–,–,–,–,–,–,–,–,–,–,–,–,–,–,HSS139.7X6.6,HSS139.7X6.6,21.5,2560,–,–,–,–,140,–,–,–,–,–,–,–,–,–,–,–,6.55,6.1,–,–,–,–,–,–,–,–,–,–,–,–,–,22.9,5.7,109.0,81.9,47.2,5.7,109.0,81.9,47.2,–,–,–,11400,–,164,–,–,–,–,–,–,–,–,–,–,–,–,–,–,–,–,–,–,–,–,–,–,–,–,–,–,–,–,–,–,–,–,1.86
HSS,HSS5X.500,HSS5.000X0.500,–,24.05,6.62,–,–,–,–,5,–,–,–,–,–,–,–,–,–,–,–,0.5,0.465,–,–,–,–,–,–,–,–,–,–,–,–,–,10.8,17.2,9.6,6.88,1.61,17.2,9.6,6.88,1.61,–,,–,34.4,–,13.8,–,–,–,–,–,–,–,–,–,–,–,–,–,–,–,–,–,–,–,–,–,–,–,–,–,–,–,–,–,–,–,–,HSS127X12.7,HSS127X12.7,35.8,4270,–,–,–,–,127,–,–,–,–,–,–,–,–,–,–,–,12.7,11.8,–,–,–,–,–,–,–,–,–,–,–,–,–,10.8,7.16,157.0,113.0,40.9,7.16,157.0,113.0,40.9,–,–,–,14300,–,226,–,–,–,–,–,–,–,–,–,–,–,–,–,–,–,–,–,–,–,–,–,–,–,–,–,–,–,–,–,–,–,–,1.61
HSS,HSS5X.375,HSS5.000X0.375,–,18.54,5.1,–,–,–,–,5,–,–,–,–,–,–,–,–,–,–,–,0.375,0.349,–,–,–,–,–,–,–,–,–,–,–,–,–,14.3,13.9,7.56,5.55,1.65,13.9,7.56,5.55,1.65,–,,–,27.7,–,11.1,–,–,–,–,–,–,–,–,–,–,–,–,–,–,–,–,–,–,–,–,–,–,–,–,–,–,–,–,–,–,–,–,HSS127X9.5,HSS127X9.5,27.6,3290,–,–,–,–,127,–,–,–,–,–,–,–,–,–,–,–,9.53,8.86,–,–,–,–,–,–,–,–,–,–,–,–,–,14.3,5.79,124.0,90.9,41.9,5.79,124.0,90.9,41.9,–,–,–,11500,–,182,–,–,–,–,–,–,–,–,–,–,–,–,–,–,–,–,–,–,–,–,–,–,–,–,–,–,–,–,–,–,–,–,1.65
HSS,HSS5X.312,HSS5.000X0.312,–,15.64,4.3,–,–,–,–,5,–,–,–,–,–,–,–,–,–,–,–,0.312,0.291,–,–,–,–,–,–,–,–,–,–,–,–,–,17.2,12.0,6.46,4.79,1.67,12.0,6.46,4.79,1.67,–,,–,24,–,9.58,–,–,–,–,–,–,–,–,–,–,–,–,–,–,–,–,–,–,–,–,–,–,–,–,–,–,–,–,–,–,–,–,HSS127X7.9,HSS127X7.9,23.3,2770,–,–,–,–,127,–,–,–,–,–,–,–,–,–,–,–,7.94,7.39,–,–,–,–,–,–,–,–,–,–,–,–,–,17.2,4.99,106.0,78.5,42.4,4.99,106.0,78.5,42.4,–,–,–,9990,–,157,–,–,–,–,–,–,–,–,–,–,–,–,–,–,–,–,–,–,–,–,–,–,–,–,–,–,–,–,–,–,–,–,1.67
HSS,HSS5X.258,HSS5.000X0.258,–,13.08,3.59,–,–,–,–,5,–,–,–,–,–,–,–,–,–,–,–,0.258,0.24,–,–,–,–,–,–,–,–,–,–,–,–,–,20.8,10.2,5.44,4.08,1.69,10.2,5.44,4.08,1.69,–,,–,20.4,–,8.15,–,–,–,–,–,–,–,–,–,–,–,–,–,–,–,–,–,–,–,–,–,–,–,–,–,–,–,–,–,–,–,–,HSS127X6.6,HSS127X6.6,19.5,2320,–,–,–,–,127,–,–,–,–,–,–,–,–,–,–,–,6.55,6.1,–,–,–,–,–,–,–,–,–,–,–,–,–,20.8,4.25,89.1,66.9,42.9,4.25,89.1,66.9,42.9,–,–,–,8490,–,134,–,–,–,–,–,–,–,–,–,–,–,–,–,–,–,–,–,–,–,–,–,–,–,–,–,–,–,–,–,–,–,–,1.69
HSS,HSS5X.250,HSS5.000X0.250,–,12.69,3.49,–,–,–,–,5,–,–,–,–,–,–,–,–,–,–,–,0.25,0.233,–,–,–,–,–,–,–,–,–,–,–,–,–,21.5,9.94,5.3,3.97,1.69,9.94,5.3,3.97,1.69,–,,–,19.9,–,7.95,–,–,–,–,–,–,–,–,–,–,–,–,–,–,–,–,–,–,–,–,–,–,–,–,–,–,–,–,–,–,–,–,HSS127X6.4,HSS127X6.4,18.9,2250,–,–,–,–,127,–,–,–,–,–,–,–,–,–,–,–,6.35,5.92,–,–,–,–,–,–,–,–,–,–,–,–,–,21.5,4.14,86.9,65.1,42.9,4.14,86.9,65.1,42.9,–,–,–,8280,–,130,–,–,–,–,–,–,–,–,–,–,–,–,–,–,–,–,–,–,–,–,–,–,–,–,–,–,–,–,–,–,–,–,1.69
HSS,HSS5X.188,HSS5.000X0.188,–,9.67,2.64,–,–,–,–,5,–,–,–,–,–,–,–,–,–,–,–,0.188,0.174,–,–,–,–,–,–,–,–,–,–,–,–,–,28.7,7.69,4.05,3.08,1.71,7.69,4.05,3.08,1.71,–,,–,15.4,–,6.15,–,–,–,–,–,–,–,–,–,–,–,–,–,–,–,–,–,–,–,–,–,–,–,–,–,–,–,–,–,–,–,–,HSS127X4.8,HSS127X4.8,14.4,1700,–,–,–,–,127,–,–,–,–,–,–,–,–,–,–,–,4.78,4.42,–,–,–,–,–,–,–,–,–,–,–,–,–,28.7,3.2,66.4,50.5,43.4,3.2,66.4,50.5,43.4,–,–,–,6410,–,101,–,–,–,–,–,–,–,–,–,–,–,–,–,–,–,–,–,–,–,–,–,–,–,–,–,–,–,–,–,–,–,–,1.71
HSS,HSS5X.125,HSS5.000X0.125,–,6.51,1.78,–,–,–,–,5,–,–,–,–,–,–,–,–,–,–,–,0.125,0.116,–,–,–,–,–,–,–,–,–,–,–,–,–,43.1,5.31,2.77,2.12,1.73,5.31,2.77,2.12,1.73,–,,–,10.6,–,4.25,–,–,–,–,–,–,–,–,–,–,–,–,–,–,–,–,–,–,–,–,–,–,–,–,–,–,–,–,–,–,–,–,HSS127X3.2,HSS127X3.2,9.69,1150,–,–,–,–,127,–,–,–,–,–,–,–,–,–,–,–,3.18,2.95,–,–,–,–,–,–,–,–,–,–,–,–,–,43.1,2.21,45.4,34.7,43.9,2.21,45.4,34.7,43.9,–,–,–,4410,–,69.6,–,–,–,–,–,–,–,–,–,–,–,–,–,–,–,–,–,–,–,–,–,–,–,–,–,–,–,–,–,–,–,–,1.73
HSS,HSS4.5X.375,HSS4.500X0.375,–,16.54,4.55,–,–,–,–,4.5,–,–,–,–,–,–,–,–,–,–,–,0.375,0.349,–,–,–,–,–,–,–,–,–,–,–,–,–,12.9,9.87,6.03,4.39,1.47,9.87,6.03,4.39,1.47,–,,–,19.7,–,8.78,–,–,–,–,–,–,–,–,–,–,–,–,–,–,–,–,–,–,–,–,–,–,–,–,–,–,–,–,–,–,–,–,HSS114.3X9.5,HSS114.3X9.5,24.6,2940,–,–,–,–,114,–,–,–,–,–,–,–,–,–,–,–,9.53,8.86,–,–,–,–,–,–,–,–,–,–,–,–,–,12.9,4.11,98.8,71.9,37.3,4.11,98.8,71.9,37.3,–,–,–,8200,–,144,–,–,–,–,–,–,–,–,–,–,–,–,–,–,–,–,–,–,–,–,–,–,–,–,–,–,–,–,–,–,–,–,1.47
HSS,HSS4.5X.337,HSS4.500X0.337,–,15.0,4.12,–,–,–,–,4.5,–,–,–,–,–,–,–,–,–,–,–,0.337,0.313,–,–,–,–,–,–,–,–,–,–,–,–,–,14.4,9.07,5.5,4.03,1.48,9.07,5.5,4.03,1.48,–,,–,18.1,–,8.06,–,–,–,–,–,–,–,–,–,–,–,–,–,–,–,–,–,–,–,–,–,–,–,–,–,–,–,–,–,–,–,–,HSS114.3X8.6,HSS114.3X8.6,22.3,2660,–,–,–,–,114,–,–,–,–,–,–,–,–,–,–,–,8.56,7.95,–,–,–,–,–,–,–,–,–,–,–,–,–,14.4,3.78,90.1,66.0,37.6,3.78,90.1,66.0,37.6,–,–,–,7530,–,132,–,–,–,–,–,–,–,–,–,–,–,–,–,–,–,–,–,–,–,–,–,–,–,–,–,–,–,–,–,–,–,–,1.48
HSS,HSS4.5X.237,HSS4.500X0.237,–,10.8,2.96,–,–,–,–,4.5,–,–,–,–,–,–,–,–,–,–,–,0.237,0.22,–,–,–,–,–,–,–,–,–,–,–,–,–,20.5,6.79,4.03,3.02,1.52,6.79,4.03,3.02,1.52,–,,–,13.6,–,6.04,–,–,–,–,–,–,–,–,–,–,–,–,–,–,–,–,–,–,–,–,–,–,–,–,–,–,–,–,–,–,–,–,HSS114.3X6,HSS114.3X6,16.1,1910,–,–,–,–,114,–,–,–,–,–,–,–,–,–,–,–,6.02,5.59,–,–,–,–,–,–,–,–,–,–,–,–,–,20.5,2.83,66.0,49.5,38.6,2.83,66.0,49.5,38.6,–,–,–,5660,–,99,–,–,–,–,–,–,–,–,–,–,–,–,–,–,–,–,–,–,–,–,–,–,–,–,–,–,–,–,–,–,–,–,1.52
HSS,HSS4.5X.188,HSS4.500X0.188,–,8.67,2.36,–,–,–,–,4.5,–,–,–,–,–,–,–,–,–,–,–,0.188,0.174,–,–,–,–,–,–,–,–,–,–,–,–,–,25.9,5.54,3.26,2.46,1.53,5.54,3.26,2.46,1.53,–,,–,11.1,–,4.93,–,–,–,–,–,–,–,–,–,–,–,–,–,–,–,–,–,–,–,–,–,–,–,–,–,–,–,–,–,–,–,–,HSS114.3X4.8,HSS114.3X4.8,12.9,1520,–,–,–,–,114,–,–,–,–,–,–,–,–,–,–,–,4.78,4.42,–,–,–,–,–,–,–,–,–,–,–,–,–,25.9,2.31,53.4,40.3,38.9,2.31,53.4,40.3,38.9,–,–,–,4620,–,80.8,–,–,–,–,–,–,–,–,–,–,–,–,–,–,–,–,–,–,–,–,–,–,–,–,–,–,–,–,–,–,–,–,1.53
HSS,HSS4.5X.125,HSS4.500X0.125,–,5.85,1.6,–,–,–,–,4.5,–,–,–,–,–,–,–,–,–,–,–,0.125,0.116,–,–,–,–,–,–,–,–,–,–,–,–,–,38.8,3.84,2.23,1.71,1.55,3.84,2.23,1.71,1.55,–,,–,7.68,–,3.41,–,–,–,–,–,–,–,–,–,–,–,–,–,–,–,–,–,–,–,–,–,–,–,–,–,–,–,–,–,–,–,–,HSS114.3X3.2,HSS114.3X3.2,8.7,1030,–,–,–,–,114,–,–,–,–,–,–,–,–,–,–,–,3.18,2.95,–,–,–,–,–,–,–,–,–,–,–,–,–,38.8,1.6,36.5,28.0,39.4,1.6,36.5,28.0,39.4,–,–,–,3200,–,55.9,–,–,–,–,–,–,–,–,–,–,–,–,–,–,–,–,–,–,–,–,–,–,–,–,–,–,–,–,–,–,–,–,1.55
HSS,HSS4X.313,HSS4.000X0.313,–,12.34,3.39,–,–,–,–,4,–,–,–,–,–,–,–,–,–,–,–,0.313,0.291,–,–,–,–,–,–,–,–,–,–,–,–,–,13.7,5.87,4.01,2.93,1.32,5.87,4.01,2.93,1.32,–,,–,11.7,–,5.87,–,–,–,–,–,–,–,–,–,–,–,–,–,–,–,–,–,–,–,–,–,–,–,–,–,–,–,–,–,–,–,–,HSS101.6X8,HSS101.6X8,18.4,2190,–,–,–,–,102,–,–,–,–,–,–,–,–,–,–,–,7.94,7.39,–,–,–,–,–,–,–,–,–,–,–,–,–,13.7,2.44,65.7,48.0,33.5,2.44,65.7,48.0,33.5,–,–,–,4870,–,96.2,–,–,–,–,–,–,–,–,–,–,–,–,–,–,–,–,–,–,–,–,–,–,–,–,–,–,–,–,–,–,–,–,1.32
HSS,HSS4X.250,HSS4.000X0.250,–,10.0,2.76,–,–,–,–,4,–,–,–,–,–,–,–,–,–,–,–,0.25,0.233,–,–,–,–,–,–,–,–,–,–,–,–,–,17.2,4.91,3.31,2.45,1.33,4.91,3.31,2.45,1.33,–,,–,9.82,–,4.91,–,–,–,–,–,–,–,–,–,–,–,–,–,–,–,–,–,–,–,–,–,–,–,–,–,–,–,–,–,–,–,–,HSS101.6X6.4,HSS101.6X6.4,14.9,1780,–,–,–,–,102,–,–,–,–,–,–,–,–,–,–,–,6.35,5.92,–,–,–,–,–,–,–,–,–,–,–,–,–,17.2,2.04,54.2,40.1,33.8,2.04,54.2,40.1,33.8,–,–,–,4090,–,80.5,–,–,–,–,–,–,–,–,–,–,–,–,–,–,–,–,–,–,–,–,–,–,–,–,–,–,–,–,–,–,–,–,1.33
HSS,HSS4X.237,HSS4.000X0.237,–,9.53,2.61,–,–,–,–,4,–,–,–,–,–,–,–,–,–,–,–,0.237,0.22,–,–,–,–,–,–,–,–,–,–,–,–,–,18.2,4.68,3.15,2.34,1.34,4.68,3.15,2.34,1.34,–,,–,9.36,–,4.68,–,–,–,–,–,–,–,–,–,–,–,–,–,–,–,–,–,–,–,–,–,–,–,–,–,–,–,–,–,–,–,–,HSS101.6X6,HSS101.6X6,14.2,1680,–,–,–,–,102,–,–,–,–,–,–,–,–,–,–,–,6.02,5.59,–,–,–,–,–,–,–,–,–,–,–,–,–,18.2,1.95,51.6,38.3,34.0,1.95,51.6,38.3,34.0,–,–,–,3900,–,76.7,–,–,–,–,–,–,–,–,–,–,–,–,–,–,–,–,–,–,–,–,–,–,–,–,–,–,–,–,–,–,–,–,1.34
HSS,HSS4X.226,HSS4.000X0.226,–,9.12,2.5,–,–,–,–,4,–,–,–,–,–,–,–,–,–,–,–,0.226,0.21,–,–,–,–,–,–,–,–,–,–,–,–,–,19,4.5,3.02,2.25,1.34,4.5,3.02,2.25,1.34,–,,–,9.01,–,4.5,–,–,–,–,–,–,–,–,–,–,–,–,–,–,–,–,–,–,–,–,–,–,–,–,–,–,–,–,–,–,–,–,HSS101.6X5.7,HSS101.6X5.7,13.6,1610,–,–,–,–,102,–,–,–,–,–,–,–,–,–,–,–,5.74,5.33,–,–,–,–,–,–,–,–,–,–,–,–,–,19,1.87,49.5,36.9,34.0,1.87,49.5,36.9,34.0,–,–,–,3750,–,73.7,–,–,–,–,–,–,–,–,–,–,–,–,–,–,–,–,–,–,–,–,–,–,–,–,–,–,–,–,–,–,–,–,1.34
HSS,HSS4X.220,HSS4.000X0.220,–,8.89,2.44,–,–,–,–,4,–,–,–,–,–,–,–,–,–,–,–,0.22,0.205,–,–,–,–,–,–,–,–,–,–,–,–,–,19.5,4.41,2.96,2.21,1.34,4.41,2.96,2.21,1.34,–,,–,8.83,–,4.41,–,–,–,–,–,–,–,–,–,–,–,–,–,–,–,–,–,–,–,–,–,–,–,–,–,–,–,–,–,–,–,–,HSS101.6X5.6,HSS101.6X5.6,13.2,1570,–,–,–,–,102,–,–,–,–,–,–,–,–,–,–,–,5.59,5.21,–,–,–,–,–,–,–,–,–,–,–,–,–,19.5,1.84,48.5,36.2,34.0,1.84,48.5,36.2,34.0,–,–,–,3680,–,72.3,–,–,–,–,–,–,–,–,–,–,–,–,–,–,–,–,–,–,–,–,–,–,–,–,–,–,–,–,–,–,–,–,1.34
HSS,HSS4X.188,HSS4.000X0.188,–,7.66,2.09,–,–,–,–,4,–,–,–,–,–,–,–,–,–,–,–,0.188,0.174,–,–,–,–,–,–,–,–,–,–,–,–,–,23,3.83,2.55,1.92,1.35,3.83,2.55,1.92,1.35,–,,–,7.67,–,3.83,–,–,–,–,–,–,–,–,–,–,–,–,–,–,–,–,–,–,–,–,–,–,–,–,–,–,–,–,–,–,–,–,HSS101.6X4.8,HSS101.6X4.8,11.4,1350,–,–,–,–,102,–,–,–,–,–,–,–,–,–,–,–,4.78,4.42,–,–,–,–,–,–,–,–,–,–,–,–,–,23,1.59,41.8,31.5,34.3,1.59,41.8,31.5,34.3,–,–,–,3190,–,62.8,–,–,–,–,–,–,–,–,–,–,–,–,–,–,–,–,–,–,–,–,–,–,–,–,–,–,–,–,–,–,–,–,1.35
HSS,HSS4X.125,HSS4.000X0.125,–,5.18,1.42,–,–,–,–,4,–,–,–,–,–,–,–,–,–,–,–,0.125,0.116,–,–,–,–,–,–,–,–,–,–,–,–,–,34.5,2.67,1.75,1.34,1.37,2.67,1.75,1.34,1.37,–,,–,5.34,–,2.67,–,–,–,–,–,–,–,–,–,–,–,–,–,–,–,–,–,–,–,–,–,–,–,–,–,–,–,–,–,–,–,–,HSS101.6X3.2,HSS101.6X3.2,7.7,916,–,–,–,–,102,–,–,–,–,–,–,–,–,–,–,–,3.18,2.95,–,–,–,–,–,–,–,–,–,–,–,–,–,34.5,1.11,28.7,22.0,34.8,1.11,28.7,22.0,34.8,–,–,–,2220,–,43.8,–,–,–,–,–,–,–,–,–,–,–,–,–,–,–,–,–,–,–,–,–,–,–,–,–,–,–,–,–,–,–,–,1.37
HSS,HSS3.5X.313,HSS3.500X0.313,–,10.66,2.93,–,–,–,–,3.5,–,–,–,–,–,–,–,–,–,–,–,0.313,0.291,–,–,–,–,–,–,–,–,–,–,–,–,–,12,3.81,3.0,2.18,1.14,3.81,3.0,2.18,1.14,–,,–,7.61,–,4.35,–,–,–,–,–,–,–,–,–,–,–,–,–,–,–,–,–,–,–,–,–,–,–,–,–,–,–,–,–,–,–,–,HSS88.9X8,HSS88.9X8,15.9,1890,–,–,–,–,88.9,–,–,–,–,–,–,–,–,–,–,–,7.95,7.39,–,–,–,–,–,–,–,–,–,–,–,–,–,12,1.59,49.2,35.7,29.0,1.59,49.2,35.7,29.0,–,–,–,3170,–,71.3,–,–,–,–,–,–,–,–,–,–,–,–,–,–,–,–,–,–,–,–,–,–,–,–,–,–,–,–,–,–,–,–,1.14
HSS,HSS3.5X.300,HSS3.500X0.300,–,10.26,2.82,–,–,–,–,3.5,–,–,–,–,–,–,–,–,–,–,–,0.3,0.279,–,–,–,–,–,–,–,–,–,–,–,–,–,12.5,3.69,2.9,2.11,1.14,3.69,2.9,2.11,1.14,–,,–,7.38,–,4.22,–,–,–,–,–,–,–,–,–,–,–,–,–,–,–,–,–,–,–,–,–,–,–,–,–,–,–,–,–,–,–,–,HSS88.9X7.6,HSS88.9X7.6,15.3,1820,–,–,–,–,88.9,–,–,–,–,–,–,–,–,–,–,–,7.62,7.09,–,–,–,–,–,–,–,–,–,–,–,–,–,12.5,1.54,47.5,34.6,29.0,1.54,47.5,34.6,29.0,–,–,–,3070,–,69.2,–,–,–,–,–,–,–,–,–,–,–,–,–,–,–,–,–,–,–,–,–,–,–,–,–,–,–,–,–,–,–,–,1.14
HSS,HSS3.5X.250,HSS3.500X0.250,–,8.69,2.39,–,–,–,–,3.5,–,–,–,–,–,–,–,–,–,–,–,0.25,0.233,–,–,–,–,–,–,–,–,–,–,–,–,–,15,3.21,2.49,1.83,1.16,3.21,2.49,1.83,1.16,–,,–,6.41,–,3.66,–,–,–,–,–,–,–,–,–,–,–,–,–,–,–,–,–,–,–,–,–,–,–,–,–,–,–,–,–,–,–,–,HSS88.9X6.4,HSS88.9X6.4,12.9,1540,–,–,–,–,88.9,–,–,–,–,–,–,–,–,–,–,–,6.35,5.92,–,–,–,–,–,–,–,–,–,–,–,–,–,15,1.34,40.8,30.0,29.5,1.34,40.8,30.0,29.5,–,–,–,2670,–,60,–,–,–,–,–,–,–,–,–,–,–,–,–,–,–,–,–,–,–,–,–,–,–,–,–,–,–,–,–,–,–,–,1.16
HSS,HSS3.5X.216,HSS3.500X0.216,–,7.58,2.08,–,–,–,–,3.5,–,–,–,–,–,–,–,–,–,–,–,0.216,0.201,–,–,–,–,–,–,–,–,–,–,–,–,–,17.4,2.84,2.19,1.63,1.17,2.84,2.19,1.63,1.17,–,,–,5.69,–,3.25,–,–,–,–,–,–,–,–,–,–,–,–,–,–,–,–,–,–,–,–,–,–,–,–,–,–,–,–,–,–,–,–,HSS88.9X5.5,HSS88.9X5.5,11.3,1340,–,–,–,–,88.9,–,–,–,–,–,–,–,–,–,–,–,5.49,5.11,–,–,–,–,–,–,–,–,–,–,–,–,–,17.4,1.18,35.9,26.7,29.7,1.18,35.9,26.7,29.7,–,–,–,2370,–,53.3,–,–,–,–,–,–,–,–,–,–,–,–,–,–,–,–,–,–,–,–,–,–,–,–,–,–,–,–,–,–,–,–,1.17
HSS,HSS3.5X.203,HSS3.500X0.203,–,7.15,1.97,–,–,–,–,3.5,–,–,–,–,–,–,–,–,–,–,–,0.203,0.189,–,–,–,–,–,–,–,–,–,–,–,–,–,18.5,2.7,2.07,1.54,1.17,2.7,2.07,1.54,1.17,–,,–,5.41,–,3.09,–,–,–,–,–,–,–,–,–,–,–,–,–,–,–,–,–,–,–,–,–,–,–,–,–,–,–,–,–,–,–,–,HSS88.9X5.2,HSS88.9X5.2,10.6,1270,–,–,–,–,88.9,–,–,–,–,–,–,–,–,–,–,–,5.16,4.8,–,–,–,–,–,–,–,–,–,–,–,–,–,18.5,1.12,33.9,25.2,29.7,1.12,33.9,25.2,29.7,–,–,–,2250,–,50.6,–,–,–,–,–,–,–,–,–,–,–,–,–,–,–,–,–,–,–,–,–,–,–,–,–,–,–,–,–,–,–,–,1.17
HSS,HSS3.5X.188,HSS3.500X0.188,–,6.66,1.82,–,–,–,–,3.5,–,–,–,–,–,–,–,–,–,–,–,0.188,0.174,–,–,–,–,–,–,–,–,–,–,–,–,–,20.1,2.52,1.93,1.44,1.18,2.52,1.93,1.44,1.18,–,,–,5.04,–,2.88,–,–,–,–,–,–,–,–,–,–,–,–,–,–,–,–,–,–,–,–,–,–,–,–,–,–,–,–,–,–,–,–,HSS88.9X4.8,HSS88.9X4.8,9.9,1170,–,–,–,–,88.9,–,–,–,–,–,–,–,–,–,–,–,4.78,4.42,–,–,–,–,–,–,–,–,–,–,–,–,–,20.1,1.05,31.6,23.6,30.0,1.05,31.6,23.6,30.0,–,–,–,2100,–,47.2,–,–,–,–,–,–,–,–,–,–,–,–,–,–,–,–,–,–,–,–,–,–,–,–,–,–,–,–,–,–,–,–,1.18
HSS,HSS3.5X.125,HSS3.500X0.125,–,4.51,1.23,–,–,–,–,3.5,–,–,–,–,–,–,–,–,–,–,–,0.125,0.116,–,–,–,–,–,–,–,–,–,–,–,–,–,30.2,1.77,1.33,1.01,1.2,1.77,1.33,1.01,1.2,–,,–,3.53,–,2.02,–,–,–,–,–,–,–,–,–,–,–,–,–,–,–,–,–,–,–,–,–,–,–,–,–,–,–,–,–,–,–,–,HSS88.9X3.2,HSS88.9X3.2,6.71,794,–,–,–,–,88.9,–,–,–,–,–,–,–,–,–,–,–,3.18,2.95,–,–,–,–,–,–,–,–,–,–,–,–,–,30.2,0.737,21.8,16.6,30.5,0.737,21.8,16.6,30.5,–,–,–,1470,–,33.1,–,–,–,–,–,–,–,–,–,–,–,–,–,–,–,–,–,–,–,–,–,–,–,–,–,–,–,–,–,–,–,–,1.2
HSS,HSS3X.250,HSS3.000X0.250,–,7.35,2.03,–,–,–,–,3,–,–,–,–,–,–,–,–,–,–,–,0.25,0.233,–,–,–,–,–,–,–,–,–,–,–,–,–,12.9,1.95,1.79,1.3,0.982,1.95,1.79,1.3,0.982,–,,–,3.9,–,2.6,–,–,–,–,–,–,–,–,–,–,–,–,–,–,–,–,–,–,–,–,–,–,–,–,–,–,–,–,–,–,–,–,HSS76.2X6.4,HSS76.2X6.4,10.9,1310,–,–,–,–,76.2,–,–,–,–,–,–,–,–,–,–,–,6.35,5.92,–,–,–,–,–,–,–,–,–,–,–,–,–,12.9,0.812,29.3,21.3,24.9,0.812,29.3,21.3,24.9,–,–,–,1620,–,42.6,–,–,–,–,–,–,–,–,–,–,–,–,–,–,–,–,–,–,–,–,–,–,–,–,–,–,–,–,–,–,–,–,0.982
HSS,HSS3X.216,HSS3.000X0.216,–,6.43,1.77,–,–,–,–,3,–,–,–,–,–,–,–,–,–,–,–,0.216,0.201,–,–,–,–,–,–,–,–,–,–,–,–,–,14.9,1.74,1.58,1.16,0.992,1.74,1.58,1.16,0.992,–,,–,3.48,–,2.32,–,–,–,–,–,–,–,–,–,–,–,–,–,–,–,–,–,–,–,–,–,–,–,–,–,–,–,–,–,–,–,–,HSS76.2X5.5,HSS76.2X5.5,9.57,1140,–,–,–,–,76.2,–,–,–,–,–,–,–,–,–,–,–,5.49,5.11,–,–,–,–,–,–,–,–,–,–,–,–,–,14.9,0.724,25.9,19.0,25.2,0.724,25.9,19.0,25.2,–,–,–,1450,–,38,–,–,–,–,–,–,–,–,–,–,–,–,–,–,–,–,–,–,–,–,–,–,–,–,–,–,–,–,–,–,–,–,0.992
HSS,HSS3X.203,HSS3.000X0.203,–,6.07,1.67,–,–,–,–,3,–,–,–,–,–,–,–,–,–,–,–,0.203,0.189,–,–,–,–,–,–,–,–,–,–,–,–,–,15.9,1.66,1.5,1.1,0.996,1.66,1.5,1.1,0.996,–,,–,3.31,–,2.21,–,–,–,–,–,–,–,–,–,–,–,–,–,–,–,–,–,–,–,–,–,–,–,–,–,–,–,–,–,–,–,–,HSS76.2X5.2,HSS76.2X5.2,9.03,1080,–,–,–,–,76.2,–,–,–,–,–,–,–,–,–,–,–,5.16,4.8,–,–,–,–,–,–,–,–,–,–,–,–,–,15.9,0.691,24.6,18.0,25.3,0.691,24.6,18.0,25.3,–,–,–,1380,–,36.2,–,–,–,–,–,–,–,–,–,–,–,–,–,–,–,–,–,–,–,–,–,–,–,–,–,–,–,–,–,–,–,–,0.996
HSS,HSS3X.188,HSS3.000X0.188,–,5.65,1.54,–,–,–,–,3,–,–,–,–,–,–,–,–,–,–,–,0.188,0.174,–,–,–,–,–,–,–,–,–,–,–,–,–,17.2,1.55,1.39,1.03,1.0,1.55,1.39,1.03,1.0,–,,–,3.1,–,2.06,–,–,–,–,–,–,–,–,–,–,–,–,–,–,–,–,–,–,–,–,–,–,–,–,–,–,–,–,–,–,–,–,HSS76.2X4.8,HSS76.2X4.8,8.41,994,–,–,–,–,76.2,–,–,–,–,–,–,–,–,–,–,–,4.78,4.42,–,–,–,–,–,–,–,–,–,–,–,–,–,17.2,0.645,22.8,16.9,25.4,0.645,22.8,16.9,25.4,–,–,–,1290,–,33.8,–,–,–,–,–,–,–,–,–,–,–,–,–,–,–,–,–,–,–,–,–,–,–,–,–,–,–,–,–,–,–,–,1.0
HSS,HSS3X.152,HSS3.000X0.152,–,4.63,1.27,–,–,–,–,3,–,–,–,–,–,–,–,–,–,–,–,0.152,0.141,–,–,–,–,–,–,–,–,–,–,–,–,–,21.3,1.3,1.15,0.865,1.01,1.3,1.15,0.865,1.01,–,,–,2.59,–,1.73,–,–,–,–,–,–,–,–,–,–,–,–,–,–,–,–,–,–,–,–,–,–,–,–,–,–,–,–,–,–,–,–,HSS76.2X3.9,HSS76.2X3.9,6.89,819,–,–,–,–,76.2,–,–,–,–,–,–,–,–,–,–,–,3.86,3.58,–,–,–,–,–,–,–,–,–,–,–,–,–,21.3,0.541,18.8,14.2,25.7,0.541,18.8,14.2,25.7,–,–,–,1080,–,28.3,–,–,–,–,–,–,–,–,–,–,–,–,–,–,–,–,–,–,–,–,–,–,–,–,–,–,–,–,–,–,–,–,1.01
HSS,HSS3X.134,HSS3.000X0.134,–,4.11,1.12,–,–,–,–,3,–,–,–,–,–,–,–,–,–,–,–,0.134,0.124,–,–,–,–,–,–,–,–,–,–,–,–,–,24.2,1.16,1.03,0.774,1.02,1.16,1.03,0.774,1.02,–,,–,2.32,–,1.55,–,–,–,–,–,–,–,–,–,–,–,–,–,–,–,–,–,–,–,–,–,–,–,–,–,–,–,–,–,–,–,–,HSS76.2X3.4,HSS76.2X3.4,6.11,723,–,–,–,–,76.2,–,–,–,–,–,–,–,–,–,–,–,3.4,3.15,–,–,–,–,–,–,–,–,–,–,–,–,–,24.2,0.483,16.9,12.7,25.9,0.483,16.9,12.7,25.9,–,–,–,966,–,25.4,–,–,–,–,–,–,–,–,–,–,–,–,–,–,–,–,–,–,–,–,–,–,–,–,–,–,–,–,–,–,–,–,1.02
HSS,HSS3X.125,HSS3.000X0.125,–,3.84,1.05,–,–,–,–,3,–,–,–,–,–,–,–,–,–,–,–,0.125,0.116,–,–,–,–,–,–,–,–,–,–,–,–,–,25.9,1.09,0.965,0.73,1.02,1.09,0.965,0.73,1.02,–,,–,2.19,–,1.46,–,–,–,–,–,–,–,–,–,–,–,–,–,–,–,–,–,–,–,–,–,–,–,–,–,–,–,–,–,–,–,–,HSS76.2X3.2,HSS76.2X3.2,5.72,677,–,–,–,–,76.2,–,–,–,–,–,–,–,–,–,–,–,3.18,2.95,–,–,–,–,–,–,–,–,–,–,–,–,–,25.9,0.454,15.8,12.0,25.9,0.454,15.8,12.0,25.9,–,–,–,912,–,23.9,–,–,–,–,–,–,–,–,–,–,–,–,–,–,–,–,–,–,–,–,–,–,–,–,–,–,–,–,–,–,–,–,1.02
HSS,HSS2.875X.250,HSS2.875X0.250,–,7.02,1.93,–,–,–,–,2.88,–,–,–,–,–,–,–,–,–,–,–,0.25,0.233,–,–,–,–,–,–,–,–,–,–,–,–,–,12.3,1.7,1.63,1.18,0.938,1.7,1.63,1.18,0.938,–,,–,3.4,–,2.37,–,–,–,–,–,–,–,–,–,–,–,–,–,–,–,–,–,–,–,–,–,–,–,–,–,–,–,–,–,–,–,–,HSS73X6.4,HSS73X6.4,10.4,1250,–,–,–,–,73,–,–,–,–,–,–,–,–,–,–,–,6.35,5.92,–,–,–,–,–,–,–,–,–,–,–,–,–,12.3,0.708,26.7,19.3,23.8,0.708,26.7,19.3,23.8,–,–,–,1420,–,38.8,–,–,–,–,–,–,–,–,–,–,–,–,–,–,–,–,–,–,–,–,–,–,–,–,–,–,–,–,–,–,–,–,0.938
HSS,HSS2.875X.203,HSS2.875X0.203,–,5.8,1.59,–,–,–,–,2.88,–,–,–,–,–,–,–,–,–,–,–,0.203,0.189,–,–,–,–,–,–,–,–,–,–,–,–,–,15.2,1.45,1.37,1.01,0.952,1.45,1.37,1.01,0.952,–,,–,2.89,–,2.01,–,–,–,–,–,–,–,–,–,–,–,–,–,–,–,–,–,–,–,–,–,–,–,–,–,–,–,–,–,–,–,–,HSS73X5.2,HSS73X5.2,8.63,1030,–,–,–,–,73,–,–,–,–,–,–,–,–,–,–,–,5.16,4.8,–,–,–,–,–,–,–,–,–,–,–,–,–,15.2,0.604,22.5,16.6,24.2,0.604,22.5,16.6,24.2,–,–,–,1200,–,32.9,–,–,–,–,–,–,–,–,–,–,–,–,–,–,–,–,–,–,–,–,–,–,–,–,–,–,–,–,–,–,–,–,0.952
HSS,HSS2.875X.188,HSS2.875X0.188,–,5.4,1.48,–,–,–,–,2.88,–,–,–,–,–,–,–,–,–,–,–,0.188,0.174,–,–,–,–,–,–,–,–,–,–,–,–,–,16.5,1.35,1.27,0.941,0.957,1.35,1.27,0.941,0.957,–,,–,2.7,–,1.88,–,–,–,–,–,–,–,–,–,–,–,–,–,–,–,–,–,–,–,–,–,–,–,–,–,–,–,–,–,–,–,–,HSS73X4.8,HSS73X4.8,8.04,955,–,–,–,–,73,–,–,–,–,–,–,–,–,–,–,–,4.78,4.42,–,–,–,–,–,–,–,–,–,–,–,–,–,16.5,0.562,20.8,15.4,24.3,0.562,20.8,15.4,24.3,–,–,–,1120,–,30.8,–,–,–,–,–,–,–,–,–,–,–,–,–,–,–,–,–,–,–,–,–,–,–,–,–,–,–,–,–,–,–,–,0.957
HSS,HSS2.875X.125,HSS2.875X0.125,–,3.67,1.01,–,–,–,–,2.88,–,–,–,–,–,–,–,–,–,–,–,0.125,0.116,–,–,–,–,–,–,–,–,–,–,–,–,–,24.8,0.958,0.884,0.667,0.976,0.958,0.884,0.667,0.976,–,,–,1.92,–,1.33,–,–,–,–,–,–,–,–,–,–,–,–,–,–,–,–,–,–,–,–,–,–,–,–,–,–,–,–,–,–,–,–,HSS73X3.2,HSS73X3.2,5.47,652,–,–,–,–,73,–,–,–,–,–,–,–,–,–,–,–,3.18,2.95,–,–,–,–,–,–,–,–,–,–,–,–,–,24.8,0.399,14.5,10.9,24.8,0.399,14.5,10.9,24.8,–,–,–,799,–,21.8,–,–,–,–,–,–,–,–,–,–,–,–,–,–,–,–,–,–,–,–,–,–,–,–,–,–,–,–,–,–,–,–,0.976
HSS,HSS2.5X.250,HSS2.500X0.250,–,6.01,1.66,–,–,–,–,2.5,–,–,–,–,–,–,–,–,–,–,–,0.25,0.233,–,–,–,–,–,–,–,–,–,–,–,–,–,10.7,1.08,1.2,0.862,0.806,1.08,1.2,0.862,0.806,–,,–,2.15,–,1.72,–,–,–,–,–,–,–,–,–,–,–,–,–,–,–,–,–,–,–,–,–,–,–,–,–,–,–,–,–,–,–,–,HSS63.5X6.4,HSS63.5X6.4,8.95,1070,–,–,–,–,63.5,–,–,–,–,–,–,–,–,–,–,–,6.35,5.92,–,–,–,–,–,–,–,–,–,–,–,–,–,10.7,0.45,19.7,14.1,20.5,0.45,19.7,14.1,20.5,–,–,–,895,–,28.2,–,–,–,–,–,–,–,–,–,–,–,–,–,–,–,–,–,–,–,–,–,–,–,–,–,–,–,–,–,–,–,–,0.806
HSS,HSS2.5X.188,HSS2.500X0.188,–,4.65,1.27,–,–,–,–,2.5,–,–,–,–,–,–,–,–,–,–,–,0.188,0.174,–,–,–,–,–,–,–,–,–,–,–,–,–,14.4,0.865,0.943,0.692,0.825,0.865,0.943,0.692,0.825,–,,–,1.73,–,1.38,–,–,–,–,–,–,–,–,–,–,–,–,–,–,–,–,–,–,–,–,–,–,–,–,–,–,–,–,–,–,–,–,HSS63.5X4.8,HSS63.5X4.8,6.91,819,–,–,–,–,63.5,–,–,–,–,–,–,–,–,–,–,–,4.78,4.42,–,–,–,–,–,–,–,–,–,–,–,–,–,14.4,0.36,15.5,11.3,21.0,0.36,15.5,11.3,21.0,–,–,–,720,–,22.6,–,–,–,–,–,–,–,–,–,–,–,–,–,–,–,–,–,–,–,–,–,–,–,–,–,–,–,–,–,–,–,–,0.825
HSS,HSS2.5X.125,HSS2.500X0.125,–,3.17,0.869,–,–,–,–,2.5,–,–,–,–,–,–,–,–,–,–,–,0.125,0.116,–,–,–,–,–,–,–,–,–,–,–,–,–,21.6,0.619,0.66,0.495,0.844,0.619,0.66,0.495,0.844,–,,–,1.24,–,0.99,–,–,–,–,–,–,–,–,–,–,–,–,–,–,–,–,–,–,–,–,–,–,–,–,–,–,–,–,–,–,–,–,HSS63.5X3.2,HSS63.5X3.2,4.72,561,–,–,–,–,63.5,–,–,–,–,–,–,–,–,–,–,–,3.18,2.95,–,–,–,–,–,–,–,–,–,–,–,–,–,21.6,0.258,10.8,8.11,21.4,0.258,10.8,8.11,21.4,–,–,–,516,–,16.2,–,–,–,–,–,–,–,–,–,–,–,–,–,–,–,–,–,–,–,–,–,–,–,–,–,–,–,–,–,–,–,–,0.844
HSS,HSS2.375X.250,HSS2.375X0.250,–,5.68,1.57,–,–,–,–,2.38,–,–,–,–,–,–,–,–,–,–,–,0.25,0.233,–,–,–,–,–,–,–,–,–,–,–,–,–,10.2,0.91,1.07,0.766,0.762,0.91,1.07,0.766,0.762,–,,–,1.82,–,1.53,–,–,–,–,–,–,–,–,–,–,–,–,–,–,–,–,–,–,–,–,–,–,–,–,–,–,–,–,–,–,–,–,HSS60.3X6.4,HSS60.3X6.4,8.45,1010,–,–,–,–,60.3,–,–,–,–,–,–,–,–,–,–,–,6.35,5.92,–,–,–,–,–,–,–,–,–,–,–,–,–,10.2,0.379,17.5,12.6,19.4,0.379,17.5,12.6,19.4,–,–,–,758,–,25.1,–,–,–,–,–,–,–,–,–,–,–,–,–,–,–,–,–,–,–,–,–,–,–,–,–,–,–,–,–,–,–,–,0.762
HSS,HSS2.375X.218,HSS2.375X0.218,–,5.03,1.39,–,–,–,–,2.38,–,–,–,–,–,–,–,–,–,–,–,0.218,0.203,–,–,–,–,–,–,–,–,–,–,–,–,–,11.7,0.824,0.96,0.694,0.771,0.824,0.96,0.694,0.771,–,,–,1.65,–,1.39,–,–,–,–,–,–,–,–,–,–,–,–,–,–,–,–,–,–,–,–,–,–,–,–,–,–,–,–,–,–,–,–,HSS60.3X5.5,HSS60.3X5.5,7.48,897,–,–,–,–,60.3,–,–,–,–,–,–,–,–,–,–,–,5.54,5.16,–,–,–,–,–,–,–,–,–,–,–,–,–,11.7,0.343,15.7,11.4,19.6,0.343,15.7,11.4,19.6,–,–,–,687,–,22.8,–,–,–,–,–,–,–,–,–,–,–,–,–,–,–,–,–,–,–,–,–,–,–,–,–,–,–,–,–,–,–,–,0.771
HSS,HSS2.375X.188,HSS2.375X0.188,–,4.4,1.2,–,–,–,–,2.38,–,–,–,–,–,–,–,–,–,–,–,0.188,0.174,–,–,–,–,–,–,–,–,–,–,–,–,–,13.6,0.733,0.845,0.617,0.781,0.733,0.845,0.617,0.781,–,,–,1.47,–,1.23,–,–,–,–,–,–,–,–,–,–,–,–,–,–,–,–,–,–,–,–,–,–,–,–,–,–,–,–,–,–,–,–,HSS60.3X4.8,HSS60.3X4.8,6.54,774,–,–,–,–,60.3,–,–,–,–,–,–,–,–,–,–,–,4.78,4.42,–,–,–,–,–,–,–,–,–,–,–,–,–,13.6,0.305,13.8,10.1,19.8,0.305,13.8,10.1,19.8,–,–,–,612,–,20.2,–,–,–,–,–,–,–,–,–,–,–,–,–,–,–,–,–,–,–,–,–,–,–,–,–,–,–,–,–,–,–,–,0.781
HSS,HSS2.375X.154,HSS2.375X0.154,–,3.66,1.0,–,–,–,–,2.38,–,–,–,–,–,–,–,–,–,–,–,0.154,0.143,–,–,–,–,–,–,–,–,–,–,–,–,–,16.6,0.627,0.713,0.528,0.791,0.627,0.713,0.528,0.791,–,,–,1.25,–,1.06,–,–,–,–,–,–,–,–,–,–,–,–,–,–,–,–,–,–,–,–,–,–,–,–,–,–,–,–,–,–,–,–,HSS60.3X3.9,HSS60.3X3.9,5.44,645,–,–,–,–,60.3,–,–,–,–,–,–,–,–,–,–,–,3.91,3.63,–,–,–,–,–,–,–,–,–,–,–,–,–,16.6,0.261,11.7,8.65,20.1,0.261,11.7,8.65,20.1,–,–,–,520,–,17.4,–,–,–,–,–,–,–,–,–,–,–,–,–,–,–,–,–,–,–,–,–,–,–,–,–,–,–,–,–,–,–,–,0.791
HSS,HSS2.375X.125,HSS2.375X0.125,–,3.01,0.823,–,–,–,–,2.38,–,–,–,–,–,–,–,–,–,–,–,0.125,0.116,–,–,–,–,–,–,–,–,–,–,–,–,–,20.5,0.527,0.592,0.443,0.8,0.527,0.592,0.443,0.8,–,,–,1.05,–,0.887,–,–,–,–,–,–,–,–,–,–,–,–,–,–,–,–,–,–,–,–,–,–,–,–,–,–,–,–,–,–,–,–,HSS60.3X3.2,HSS60.3X3.2,4.47,531,–,–,–,–,60.3,–,–,–,–,–,–,–,–,–,–,–,3.18,2.95,–,–,–,–,–,–,–,–,–,–,–,–,–,20.5,0.219,9.7,7.26,20.3,0.219,9.7,7.26,20.3,–,–,–,437,–,14.5,–,–,–,–,–,–,–,–,–,–,–,–,–,–,–,–,–,–,–,–,–,–,–,–,–,–,–,–,–,–,–,–,0.8
HSS,HSS1.9X.188,HSS1.900X0.188,–,3.44,0.943,–,–,–,–,1.9,–,–,–,–,–,–,–,–,–,–,–,0.188,0.174,–,–,–,–,–,–,–,–,–,–,–,–,–,10.9,0.355,0.52,0.374,0.613,0.355,0.52,0.374,0.613,–,,–,0.71,–,0.747,–,–,–,–,–,–,–,–,–,–,–,–,–,–,–,–,–,–,–,–,–,–,–,–,–,–,–,–,–,–,–,–,HSS48.3X4.8,HSS48.3X4.8,5.12,608,–,–,–,–,48.3,–,–,–,–,–,–,–,–,–,–,–,4.78,4.42,–,–,–,–,–,–,–,–,–,–,–,–,–,10.9,0.148,8.52,6.13,15.6,0.148,8.52,6.13,15.6,–,–,–,296,–,12.2,–,–,–,–,–,–,–,–,–,–,–,–,–,–,–,–,–,–,–,–,–,–,–,–,–,–,–,–,–,–,–,–,0.613
HSS,HSS1.9X.145,HSS1.900X0.145,–,2.72,0.749,–,–,–,–,1.9,–,–,–,–,–,–,–,–,–,–,–,0.145,0.135,–,–,–,–,–,–,–,–,–,–,–,–,–,14.1,0.293,0.421,0.309,0.626,0.293,0.421,0.309,0.626,–,,–,0.586,–,0.617,–,–,–,–,–,–,–,–,–,–,–,–,–,–,–,–,–,–,–,–,–,–,–,–,–,–,–,–,–,–,–,–,HSS48.3X3.7,HSS48.3X3.7,4.05,483,–,–,–,–,48.3,–,–,–,–,–,–,–,–,–,–,–,3.68,3.43,–,–,–,–,–,–,–,–,–,–,–,–,–,14.1,0.122,6.9,5.06,15.9,0.122,6.9,5.06,15.9,–,–,–,244,–,10.1,–,–,–,–,–,–,–,–,–,–,–,–,–,–,–,–,–,–,–,–,–,–,–,–,–,–,–,–,–,–,–,–,0.626
HSS,HSS1.9X.120,HSS1.900X0.120,–,2.28,0.624,–,–,–,–,1.9,–,–,–,–,–,–,–,–,–,–,–,0.12,0.111,–,–,–,–,–,–,–,–,–,–,–,–,–,17.1,0.251,0.356,0.264,0.634,0.251,0.356,0.264,0.634,–,,–,0.501,–,0.527,–,–,–,–,–,–,–,–,–,–,–,–,–,–,–,–,–,–,–,–,–,–,–,–,–,–,–,–,–,–,–,–,HSS48.3X3.0,HSS48.3X3.0,3.4,403,–,–,–,–,48.3,–,–,–,–,–,–,–,–,–,–,–,3.05,2.82,–,–,–,–,–,–,–,–,–,–,–,–,–,17.1,0.104,5.83,4.33,16.1,0.104,5.83,4.33,16.1,–,–,–,209,–,8.64,–,–,–,–,–,–,–,–,–,–,–,–,–,–,–,–,–,–,–,–,–,–,–,–,–,–,–,–,–,–,–,–,0.634
HSS,HSS1.66X.140,HSS1.660X0.140,–,2.27,0.625,–,–,–,–,1.66,–,–,–,–,–,–,–,–,–,–,–,0.14,0.13,–,–,–,–,–,–,–,–,–,–,–,–,–,12.8,0.184,0.305,0.222,0.543,0.184,0.305,0.222,0.543,–,,–,0.368,–,0.444,–,–,–,–,–,–,–,–,–,–,–,–,–,–,–,–,–,–,–,–,–,–,–,–,–,–,–,–,–,–,–,–,HSS42.2X3.6,HSS42.2X3.6,3.38,403,–,–,–,–,42.2,–,–,–,–,–,–,–,–,–,–,–,3.56,3.3,–,–,–,–,–,–,–,–,–,–,–,–,–,12.8,0.0766,5.0,3.64,13.8,0.0766,5.0,3.64,13.8,–,–,–,153,–,7.28,–,–,–,–,–,–,–,–,–,–,–,–,–,–,–,–,–,–,–,–,–,–,–,–,–,–,–,–,–,–,–,–,0.543
